Unnamed: 0,DATE,OrderNumber,SKU,PCS,ReferenceID,Location,Alley_Number,Cellule,Coord,AlleyCell,x,y
0,12/11/2018,3780264,SKU_0001,2,REF_SKU_0001,LOC_SKU_0001,7,20,"[35.0, 40.9]",A3541,35.0,40.9
1,12/11/2018,3780418,SKU_0017,2,REF_SKU_0017,LOC_SKU_0017,7,4,"[35.0, 13.1]",A3513,35.0,13.1
2,12/11/2018,3780803,SKU_0001,4,REF_SKU_0001,LOC_SKU_0001,7,20,"[35.0, 40.9]",A3541,35.0,40.9
3,12/11/2018,3780096,SKU_0077,4,REF_SKU_0077,LOC_SKU_0077,1,2,"[5.0, 8.4]",A0508,5.0,8.4
4,12/11/2018,3780088,SKU_0003,5,REF_SKU_0003,LOC_SKU_0003,7,11,"[35.0, 25.3]",A3525,35.0,25.3
5,12/11/2018,3780078,SKU_0001,5,REF_SKU_0001,LOC_SKU_0001,7,20,"[35.0, 40.9]",A3541,35.0,40.9
6,12/11/2018,3780288,SKU_0017,2,REF_SKU_0017,LOC_SKU_0017,7,4,"[35.0, 13.1]",A3513,35.0,13.1
7,12/11/2018,3780120,SKU_0005,2,REF_SKU_0005,LOC_SKU_0005,8,8,"[40.0, 20.4]",A4020,40.0,20.4
8,12/11/2018,3780814,SKU_0389,5,REF_SKU_0389,LOC_SKU_0389,4,13,"[20.0, 28.1]",A2028,20.0,28.1
9,12/11/2018,3780491,SKU_0013,5,REF_SKU_0013,LOC_SKU_0013,10,1,"[50.0, 7.6]",A5008,50.0,7.6
10,12/11/2018,3780912,SKU_0002,2,REF_SKU_0002,LOC_SKU_0002,8,15,"[40.0, 32.1]",A4032,40.0,32.1
11,12/11/2018,3780452,SKU_0042,3,REF_SKU_0042,LOC_SKU_0042,3,20,"[15.0, 40.7]",A1541,15.0,40.7
12,12/11/2018,3780500,SKU_0002,2,REF_SKU_0002,LOC_SKU_0002,8,15,"[40.0, 32.1]",A4032,40.0,32.1
13,12/11/2018,3780165,SKU_0206,3,REF_SKU_0206,LOC_SKU_0206,8,23,"[40.0, 45.8]",A4046,40.0,45.8
14,12/11/2018,3780182,SKU_0004,3,REF_SKU_0004,LOC_SKU_0004,7,1,"[35.0, 8.1]",A3508,35.0,8.1
15,12/11/2018,3780469,SKU_0013,2,REF_SKU_0013,LOC_SKU_0013,10,1,"[50.0, 7.6]",A5008,50.0,7.6
16,12/11/2018,3780910,SKU_0001,1,REF_SKU_0001,LOC_SKU_0001,7,20,"[35.0, 40.9]",A3541,35.0,40.9
17,12/11/2018,3780735,SKU_0006,5,REF_SKU_0006,LOC_SKU_0006,8,18,"[40.0, 37.0]",A4037,40.0,37.0
18,12/11/2018,3780823,SKU_0111,4,REF_SKU_0111,LOC_SKU_0111,6,19,"[30.0, 40.2]",A3040,30.0,40.2
19,12/11/2018,3780944,SKU_0089,2,REF_SKU_0089,LOC_SKU_0089,6,9,"[30.0, 21.9]",A3022,30.0,21.9
20,12/11/2018,3780978,SKU_0002,3,REF_SKU_0002,LOC_SKU_0002,8,15,"[40.0, 32.1]",A4032,40.0,32.1
21,12/11/2018,3780007,SKU_0002,2,REF_SKU_0002,LOC_SKU_0002,8,15,"[40.0, 32.1]",A4032,40.0,32.1
22,12/11/2018,3780330,SKU_0098,5,REF_SKU_0098,LOC_SKU_0098,4,24,"[20.0, 47.4]",A2047,20.0,47.4
23,12/11/2018,3780775,SKU_0260,3,REF_SKU_0260,LOC_SKU_0260,9,19,"[45.0, 38.6]",A4539,45.0,38.6
24,12/11/2018,3780673,SKU_0001,4,REF_SKU_0001,LOC_SKU_0001,7,20,"[35.0, 40.9]",A3541,35.0,40.9
25,12/11/2018,3780151,SKU_0007,4,REF_SKU_0007,LOC_SKU_0007,6,1,"[30.0, 8.0]",A3008,30.0,8.0
26,12/11/2018,3780085,SKU_0003,4,REF_SKU_0003,LOC_SKU_0003,7,11,"[35.0, 25.3]",A3525,35.0,25.3
27,12/11/2018,3780147,SKU_0153,1,REF_SKU_0153,LOC_SKU_0153,10,0,"[50.0, 5.7]",A5006,50.0,5.7
28,12/11/2018,3780624,SKU_0001,3,REF_SKU_0001,LOC_SKU_0001,7,20,"[35.0, 40.9]",A3541,35.0,40.9
29,12/11/2018,3780381,SKU_0002,3,REF_SKU_0002,LOC_SKU_0002,8,15,"[40.0, 32.1]",A4032,40.0,32.1
30,12/11/2018,3780915,SKU_0058,1,REF_SKU_0058,LOC_SKU_0058,4,23,"[20.0, 45.9]",A2046,20.0,45.9
31,12/11/2018,3780548,SKU_0001,3,REF_SKU_0001,LOC_SKU_0001,7,20,"[35.0, 40.9]",A3541,35.0,40.9
32,12/11/2018,3780285,SKU_0009,1,REF_SKU_0009,LOC_SKU_0009,6,0,"[30.0, 5.5]",A3006,30.0,5.5
33,12/11/2018,3780700,SKU_0007,2,REF_SKU_0007,LOC_SKU_0007,6,1,"[30.0, 8.0]",A3008,30.0,8.0
34,12/11/2018,3780082,SKU_0003,5,REF_SKU_0003,LOC_SKU_0003,7,11,"[35.0, 25.3]",A3525,35.0,25.3
35,12/11/2018,3780514,SKU_0005,4,REF_SKU_0005,LOC_SKU_0005,8,8,"[40.0, 20.4]",A4020,40.0,20.4
36,12/11/2018,3780897,SKU_0012,1,REF_SKU_0012,LOC_SKU_0012,9,7,"[45.0, 18.5]",A4518,45.0,18.5
37,12/11/2018,3780815,SKU_0001,1,REF_SKU_0001,LOC_SKU_0001,7,20,"[35.0, 40.9]",A3541,35.0,40.9
38,12/11/2018,3780709,SKU_0016,1,REF_SKU_0016,LOC_SKU_0016,3,22,"[15.0, 43.8]",A1544,15.0,43.8
39,12/11/2018,3780916,SKU_0089,2,REF_SKU_0089,LOC_SKU_0089,6,9,"[30.0, 21.9]",A3022,30.0,21.9
40,12/11/2018,3780523,SKU_0062,1,REF_SKU_0062,LOC_SKU_0062,6,22,"[30.0, 44.7]",A3045,30.0,44.7
41,12/11/2018,3780746,SKU_0001,5,REF_SKU_0001,LOC_SKU_0001,7,20,"[35.0, 40.9]",A3541,35.0,40.9
42,12/11/2018,3780386,SKU_0001,5,REF_SKU_0001,LOC_SKU_0001,7,20,"[35.0, 40.9]",A3541,35.0,40.9
43,12/11/2018,3780707,SKU_0002,4,REF_SKU_0002,LOC_SKU_0002,8,15,"[40.0, 32.1]",A4032,40.0,32.1
44,12/11/2018,3780471,SKU_0004,2,REF_SKU_0004,LOC_SKU_0004,7,1,"[35.0, 8.1]",A3508,35.0,8.1
45,12/11/2018,3780119,SKU_0005,5,REF_SKU_0005,LOC_SKU_0005,8,8,"[40.0, 20.4]",A4020,40.0,20.4
46,12/11/2018,3780396,SKU_0033,3,REF_SKU_0033,LOC_SKU_0033,9,24,"[45.0, 48.3]",A4548,45.0,48.3
47,12/11/2018,3780532,SKU_0001,3,REF_SKU_0001,LOC_SKU_0001,7,20,"[35.0, 40.9]",A3541,35.0,40.9
48,12/11/2018,3780261,SKU_0001,3,REF_SKU_0001,LOC_SKU_0001,7,20,"[35.0, 40.9]",A3541,35.0,40.9
49,12/11/2018,3780805,SKU_0005,1,REF_SKU_0005,LOC_SKU_0005,8,8,"[40.0, 20.4]",A4020,40.0,20.4
50,12/11/2018,3780934,SKU_0038,1,REF_SKU_0038,LOC_SKU_0038,1,0,"[5.0, 6.2]",A0506,5.0,6.2
51,12/11/2018,3780256,SKU_0002,3,REF_SKU_0002,LOC_SKU_0002,8,15,"[40.0, 32.1]",A4032,40.0,32.1
52,12/11/2018,3780734,SKU_0025,4,REF_SKU_0025,LOC_SKU_0025,1,6,"[5.0, 17.0]",A0517,5.0,17.0
53,12/11/2018,3780905,SKU_0002,4,REF_SKU_0002,LOC_SKU_0002,8,15,"[40.0, 32.1]",A4032,40.0,32.1
54,12/11/2018,3780226,SKU_0175,1,REF_SKU_0175,LOC_SKU_0175,10,24,"[50.0, 48.3]",A5048,50.0,48.3
55,12/11/2018,3780053,SKU_0191,3,REF_SKU_0191,LOC_SKU_0191,5,12,"[25.0, 26.6]",A2527,25.0,26.6
56,12/11/2018,3780940,SKU_0003,4,REF_SKU_0003,LOC_SKU_0003,7,11,"[35.0, 25.3]",A3525,35.0,25.3
57,12/11/2018,3780867,SKU_0002,1,REF_SKU_0002,LOC_SKU_0002,8,15,"[40.0, 32.1]",A4032,40.0,32.1
58,12/11/2018,3780500,SKU_0005,3,REF_SKU_0005,LOC_SKU_0005,8,8,"[40.0, 20.4]",A4020,40.0,20.4
59,12/11/2018,3780506,SKU_0002,2,REF_SKU_0002,LOC_SKU_0002,8,15,"[40.0, 32.1]",A4032,40.0,32.1
60,12/11/2018,3780854,SKU_0032,3,REF_SKU_0032,LOC_SKU_0032,8,14,"[40.0, 30.9]",A4031,40.0,30.9
61,12/11/2018,3780364,SKU_0105,3,REF_SKU_0105,LOC_SKU_0105,4,13,"[20.0, 29.1]",A2029,20.0,29.1
62,12/11/2018,3780280,SKU_0032,5,REF_SKU_0032,LOC_SKU_0032,8,14,"[40.0, 30.9]",A4031,40.0,30.9
63,12/11/2018,3780593,SKU_0104,5,REF_SKU_0104,LOC_SKU_0104,10,25,"[50.0, 49.2]",A5049,50.0,49.2
64,12/11/2018,3780714,SKU_0005,2,REF_SKU_0005,LOC_SKU_0005,8,8,"[40.0, 20.4]",A4020,40.0,20.4
65,12/11/2018,3780158,SKU_0001,2,REF_SKU_0001,LOC_SKU_0001,7,20,"[35.0, 40.9]",A3541,35.0,40.9
66,12/11/2018,3780632,SKU_0052,3,REF_SKU_0052,LOC_SKU_0052,3,19,"[15.0, 39.4]",A1539,15.0,39.4
67,12/11/2018,3780059,SKU_0004,4,REF_SKU_0004,LOC_SKU_0004,7,1,"[35.0, 8.1]",A3508,35.0,8.1
68,12/11/2018,3780727,SKU_0031,2,REF_SKU_0031,LOC_SKU_0031,4,15,"[20.0, 32.1]",A2032,20.0,32.1
69,12/11/2018,3780128,SKU_0002,3,REF_SKU_0002,LOC_SKU_0002,8,15,"[40.0, 32.1]",A4032,40.0,32.1
70,12/11/2018,3780736,SKU_0001,1,REF_SKU_0001,LOC_SKU_0001,7,20,"[35.0, 40.9]",A3541,35.0,40.9
71,12/11/2018,3780721,SKU_0466,5,REF_SKU_0466,LOC_SKU_0466,9,22,"[45.0, 43.9]",A4544,45.0,43.9
72,12/11/2018,3780882,SKU_0001,4,REF_SKU_0001,LOC_SKU_0001,7,20,"[35.0, 40.9]",A3541,35.0,40.9
73,12/11/2018,3780115,SKU_0448,3,REF_SKU_0448,LOC_SKU_0448,8,22,"[40.0, 44.3]",A4044,40.0,44.3
74,12/11/2018,3780209,SKU_0402,1,REF_SKU_0402,LOC_SKU_0402,3,9,"[15.0, 21.0]",A1521,15.0,21.0
75,12/11/2018,3780526,SKU_0081,5,REF_SKU_0081,LOC_SKU_0081,8,1,"[40.0, 7.1]",A4007,40.0,7.1
76,12/11/2018,3780521,SKU_0029,1,REF_SKU_0029,LOC_SKU_0029,2,19,"[10.0, 40.0]",A1040,10.0,40.0
77,12/11/2018,3780552,SKU_0016,3,REF_SKU_0016,LOC_SKU_0016,3,22,"[15.0, 43.8]",A1544,15.0,43.8
78,12/11/2018,3780962,SKU_0147,2,REF_SKU_0147,LOC_SKU_0147,10,22,"[50.0, 44.5]",A5044,50.0,44.5
79,12/11/2018,3780237,SKU_0003,5,REF_SKU_0003,LOC_SKU_0003,7,11,"[35.0, 25.3]",A3525,35.0,25.3
80,12/11/2018,3780281,SKU_0008,1,REF_SKU_0008,LOC_SKU_0008,8,21,"[40.0, 42.5]",A4042,40.0,42.5
81,12/11/2018,3780359,SKU_0022,2,REF_SKU_0022,LOC_SKU_0022,4,6,"[20.0, 16.2]",A2016,20.0,16.2
82,12/11/2018,3780201,SKU_0005,4,REF_SKU_0005,LOC_SKU_0005,8,8,"[40.0, 20.4]",A4020,40.0,20.4
83,12/11/2018,3780758,SKU_0006,3,REF_SKU_0006,LOC_SKU_0006,8,18,"[40.0, 37.0]",A4037,40.0,37.0
84,12/11/2018,3780278,SKU_0003,3,REF_SKU_0003,LOC_SKU_0003,7,11,"[35.0, 25.3]",A3525,35.0,25.3
85,12/11/2018,3780235,SKU_0015,5,REF_SKU_0015,LOC_SKU_0015,4,15,"[20.0, 31.9]",A2032,20.0,31.9
86,12/11/2018,3780494,SKU_0129,1,REF_SKU_0129,LOC_SKU_0129,3,22,"[15.0, 45.2]",A1545,15.0,45.2
87,12/11/2018,3780004,SKU_0002,4,REF_SKU_0002,LOC_SKU_0002,8,15,"[40.0, 32.1]",A4032,40.0,32.1
88,12/11/2018,3780666,SKU_0270,5,REF_SKU_0270,LOC_SKU_0270,2,4,"[10.0, 12.9]",A1013,10.0,12.9
89,12/11/2018,3780442,SKU_0036,5,REF_SKU_0036,LOC_SKU_0036,8,9,"[40.0, 21.4]",A4021,40.0,21.4
90,12/11/2018,3780029,SKU_0103,1,REF_SKU_0103,LOC_SKU_0103,10,6,"[50.0, 17.0]",A5017,50.0,17.0
91,12/11/2018,3780109,SKU_0014,4,REF_SKU_0014,LOC_SKU_0014,3,10,"[15.0, 22.5]",A1522,15.0,22.5
92,12/11/2018,3780610,SKU_0072,1,REF_SKU_0072,LOC_SKU_0072,9,12,"[45.0, 27.1]",A4527,45.0,27.1
93,12/11/2018,3780727,SKU_0001,3,REF_SKU_0001,LOC_SKU_0001,7,20,"[35.0, 40.9]",A3541,35.0,40.9
94,12/11/2018,3780805,SKU_0099,2,REF_SKU_0099,LOC_SKU_0099,8,10,"[40.0, 22.7]",A4023,40.0,22.7
95,12/11/2018,3780075,SKU_0001,3,REF_SKU_0001,LOC_SKU_0001,7,20,"[35.0, 40.9]",A3541,35.0,40.9
96,12/11/2018,3780838,SKU_0181,3,REF_SKU_0181,LOC_SKU_0181,8,23,"[40.0, 47.1]",A4047,40.0,47.1
97,12/11/2018,3780146,SKU_0463,5,REF_SKU_0463,LOC_SKU_0463,10,20,"[50.0, 41.2]",A5041,50.0,41.2
98,12/11/2018,3780128,SKU_0003,3,REF_SKU_0003,LOC_SKU_0003,7,11,"[35.0, 25.3]",A3525,35.0,25.3
99,12/11/2018,3780853,SKU_0002,4,REF_SKU_0002,LOC_SKU_0002,8,15,"[40.0, 32.1]",A4032,40.0,32.1
100,12/11/2018,3780042,SKU_0064,3,REF_SKU_0064,LOC_SKU_0064,9,3,"[45.0, 10.2]",A4510,45.0,10.2
101,12/11/2018,3780356,SKU_0002,4,REF_SKU_0002,LOC_SKU_0002,8,15,"[40.0, 32.1]",A4032,40.0,32.1
102,12/11/2018,3780041,SKU_0147,1,REF_SKU_0147,LOC_SKU_0147,10,22,"[50.0, 44.5]",A5044,50.0,44.5
103,12/11/2018,3780934,SKU_0001,5,REF_SKU_0001,LOC_SKU_0001,7,20,"[35.0, 40.9]",A3541,35.0,40.9
104,12/11/2018,3780034,SKU_0001,4,REF_SKU_0001,LOC_SKU_0001,7,20,"[35.0, 40.9]",A3541,35.0,40.9
105,12/11/2018,3780017,SKU_0410,3,REF_SKU_0410,LOC_SKU_0410,5,5,"[25.0, 14.5]",A2514,25.0,14.5
106,12/11/2018,3780677,SKU_0032,5,REF_SKU_0032,LOC_SKU_0032,8,14,"[40.0, 30.9]",A4031,40.0,30.9
107,12/11/2018,3780153,SKU_0125,5,REF_SKU_0125,LOC_SKU_0125,1,14,"[5.0, 29.6]",A0530,5.0,29.6
108,12/11/2018,3780998,SKU_0003,4,REF_SKU_0003,LOC_SKU_0003,7,11,"[35.0, 25.3]",A3525,35.0,25.3
109,12/11/2018,3780378,SKU_0033,4,REF_SKU_0033,LOC_SKU_0033,9,24,"[45.0, 48.3]",A4548,45.0,48.3
110,12/11/2018,3780588,SKU_0018,2,REF_SKU_0018,LOC_SKU_0018,7,0,"[35.0, 6.1]",A3506,35.0,6.1
111,12/11/2018,3780599,SKU_0019,2,REF_SKU_0019,LOC_SKU_0019,9,24,"[45.0, 48.5]",A4548,45.0,48.5
112,12/11/2018,3780629,SKU_0034,5,REF_SKU_0034,LOC_SKU_0034,5,10,"[25.0, 22.8]",A2523,25.0,22.8
113,12/11/2018,3780874,SKU_0016,2,REF_SKU_0016,LOC_SKU_0016,3,22,"[15.0, 43.8]",A1544,15.0,43.8
114,12/11/2018,3780342,SKU_0006,3,REF_SKU_0006,LOC_SKU_0006,8,18,"[40.0, 37.0]",A4037,40.0,37.0
115,12/11/2018,3780981,SKU_0002,1,REF_SKU_0002,LOC_SKU_0002,8,15,"[40.0, 32.1]",A4032,40.0,32.1
116,12/11/2018,3780027,SKU_0066,5,REF_SKU_0066,LOC_SKU_0066,10,3,"[50.0, 10.9]",A5011,50.0,10.9
117,12/11/2018,3780825,SKU_0002,1,REF_SKU_0002,LOC_SKU_0002,8,15,"[40.0, 32.1]",A4032,40.0,32.1
118,12/11/2018,3780287,SKU_0037,2,REF_SKU_0037,LOC_SKU_0037,9,7,"[45.0, 18.7]",A4519,45.0,18.7
119,12/11/2018,3780646,SKU_0002,4,REF_SKU_0002,LOC_SKU_0002,8,15,"[40.0, 32.1]",A4032,40.0,32.1
120,12/11/2018,3780731,SKU_0023,5,REF_SKU_0023,LOC_SKU_0023,7,15,"[35.0, 32.6]",A3533,35.0,32.6
121,12/11/2018,3780168,SKU_0056,2,REF_SKU_0056,LOC_SKU_0056,3,1,"[15.0, 6.9]",A1507,15.0,6.9
122,12/11/2018,3780610,SKU_0002,3,REF_SKU_0002,LOC_SKU_0002,8,15,"[40.0, 32.1]",A4032,40.0,32.1
123,12/11/2018,3780268,SKU_0001,5,REF_SKU_0001,LOC_SKU_0001,7,20,"[35.0, 40.9]",A3541,35.0,40.9
124,12/11/2018,3780749,SKU_0001,5,REF_SKU_0001,LOC_SKU_0001,7,20,"[35.0, 40.9]",A3541,35.0,40.9
125,12/11/2018,3780821,SKU_0020,4,REF_SKU_0020,LOC_SKU_0020,2,10,"[10.0, 22.7]",A1023,10.0,22.7
126,12/11/2018,3780455,SKU_0128,5,REF_SKU_0128,LOC_SKU_0128,6,24,"[30.0, 49.1]",A3049,30.0,49.1
127,12/11/2018,3780906,SKU_0001,4,REF_SKU_0001,LOC_SKU_0001,7,20,"[35.0, 40.9]",A3541,35.0,40.9
128,12/11/2018,3780685,SKU_0050,2,REF_SKU_0050,LOC_SKU_0050,3,12,"[15.0, 26.5]",A1526,15.0,26.5
129,12/11/2018,3780401,SKU_0004,3,REF_SKU_0004,LOC_SKU_0004,7,1,"[35.0, 8.1]",A3508,35.0,8.1
130,12/11/2018,3780922,SKU_0008,3,REF_SKU_0008,LOC_SKU_0008,8,21,"[40.0, 42.5]",A4042,40.0,42.5
131,12/11/2018,3780981,SKU_0257,5,REF_SKU_0257,LOC_SKU_0257,2,12,"[10.0, 26.4]",A1026,10.0,26.4
132,12/11/2018,3780476,SKU_0003,5,REF_SKU_0003,LOC_SKU_0003,7,11,"[35.0, 25.3]",A3525,35.0,25.3
133,12/11/2018,3780702,SKU_0008,2,REF_SKU_0008,LOC_SKU_0008,8,21,"[40.0, 42.5]",A4042,40.0,42.5
134,12/11/2018,3780634,SKU_0001,4,REF_SKU_0001,LOC_SKU_0001,7,20,"[35.0, 40.9]",A3541,35.0,40.9
135,12/11/2018,3780558,SKU_0001,3,REF_SKU_0001,LOC_SKU_0001,7,20,"[35.0, 40.9]",A3541,35.0,40.9
136,12/11/2018,3780576,SKU_0002,4,REF_SKU_0002,LOC_SKU_0002,8,15,"[40.0, 32.1]",A4032,40.0,32.1
137,12/11/2018,3780130,SKU_0001,2,REF_SKU_0001,LOC_SKU_0001,7,20,"[35.0, 40.9]",A3541,35.0,40.9
138,12/11/2018,3780822,SKU_0023,3,REF_SKU_0023,LOC_SKU_0023,7,15,"[35.0, 32.6]",A3533,35.0,32.6
139,12/11/2018,3780363,SKU_0006,3,REF_SKU_0006,LOC_SKU_0006,8,18,"[40.0, 37.0]",A4037,40.0,37.0
140,12/11/2018,3780705,SKU_0013,1,REF_SKU_0013,LOC_SKU_0013,10,1,"[50.0, 7.6]",A5008,50.0,7.6
141,12/11/2018,3780819,SKU_0001,2,REF_SKU_0001,LOC_SKU_0001,7,20,"[35.0, 40.9]",A3541,35.0,40.9
142,12/11/2018,3780693,SKU_0003,2,REF_SKU_0003,LOC_SKU_0003,7,11,"[35.0, 25.3]",A3525,35.0,25.3
143,12/11/2018,3780292,SKU_0030,1,REF_SKU_0030,LOC_SKU_0030,2,10,"[10.0, 23.1]",A1023,10.0,23.1
144,12/11/2018,3780371,SKU_0359,4,REF_SKU_0359,LOC_SKU_0359,9,18,"[45.0, 38.3]",A4538,45.0,38.3
145,12/11/2018,3780794,SKU_0001,1,REF_SKU_0001,LOC_SKU_0001,7,20,"[35.0, 40.9]",A3541,35.0,40.9
146,12/11/2018,3780029,SKU_0182,2,REF_SKU_0182,LOC_SKU_0182,1,24,"[5.0, 48.0]",A0548,5.0,48.0
147,12/11/2018,3780149,SKU_0016,4,REF_SKU_0016,LOC_SKU_0016,3,22,"[15.0, 43.8]",A1544,15.0,43.8
148,12/11/2018,3780779,SKU_0015,3,REF_SKU_0015,LOC_SKU_0015,4,15,"[20.0, 31.9]",A2032,20.0,31.9
149,12/11/2018,3780296,SKU_0010,1,REF_SKU_0010,LOC_SKU_0010,5,15,"[25.0, 33.0]",A2533,25.0,33.0
150,12/11/2018,3780011,SKU_0001,4,REF_SKU_0001,LOC_SKU_0001,7,20,"[35.0, 40.9]",A3541,35.0,40.9
151,12/11/2018,3780512,SKU_0001,4,REF_SKU_0001,LOC_SKU_0001,7,20,"[35.0, 40.9]",A3541,35.0,40.9
152,12/11/2018,3780676,SKU_0019,4,REF_SKU_0019,LOC_SKU_0019,9,24,"[45.0, 48.5]",A4548,45.0,48.5
153,12/11/2018,3780113,SKU_0004,1,REF_SKU_0004,LOC_SKU_0004,7,1,"[35.0, 8.1]",A3508,35.0,8.1
154,12/11/2018,3780187,SKU_0231,3,REF_SKU_0231,LOC_SKU_0231,4,14,"[20.0, 31.0]",A2031,20.0,31.0
155,12/11/2018,3780807,SKU_0005,4,REF_SKU_0005,LOC_SKU_0005,8,8,"[40.0, 20.4]",A4020,40.0,20.4
156,12/11/2018,3780744,SKU_0001,1,REF_SKU_0001,LOC_SKU_0001,7,20,"[35.0, 40.9]",A3541,35.0,40.9
157,12/11/2018,3780227,SKU_0043,2,REF_SKU_0043,LOC_SKU_0043,5,23,"[25.0, 46.7]",A2547,25.0,46.7
158,12/11/2018,3780310,SKU_0003,1,REF_SKU_0003,LOC_SKU_0003,7,11,"[35.0, 25.3]",A3525,35.0,25.3
159,12/11/2018,3780098,SKU_0011,1,REF_SKU_0011,LOC_SKU_0011,10,13,"[50.0, 28.9]",A5029,50.0,28.9
160,12/11/2018,3780055,SKU_0038,1,REF_SKU_0038,LOC_SKU_0038,1,0,"[5.0, 6.2]",A0506,5.0,6.2
161,12/11/2018,3780623,SKU_0199,4,REF_SKU_0199,LOC_SKU_0199,4,15,"[20.0, 32.9]",A2033,20.0,32.9
162,12/11/2018,3780664,SKU_0080,1,REF_SKU_0080,LOC_SKU_0080,1,4,"[5.0, 12.1]",A0512,5.0,12.1
163,12/11/2018,3780758,SKU_0033,2,REF_SKU_0033,LOC_SKU_0033,9,24,"[45.0, 48.3]",A4548,45.0,48.3
164,12/11/2018,3780406,SKU_0033,4,REF_SKU_0033,LOC_SKU_0033,9,24,"[45.0, 48.3]",A4548,45.0,48.3
165,12/11/2018,3780069,SKU_0300,2,REF_SKU_0300,LOC_SKU_0300,1,13,"[5.0, 29.3]",A0529,5.0,29.3
166,12/11/2018,3780312,SKU_0003,5,REF_SKU_0003,LOC_SKU_0003,7,11,"[35.0, 25.3]",A3525,35.0,25.3
167,12/11/2018,3780289,SKU_0001,1,REF_SKU_0001,LOC_SKU_0001,7,20,"[35.0, 40.9]",A3541,35.0,40.9
168,12/11/2018,3780762,SKU_0002,4,REF_SKU_0002,LOC_SKU_0002,8,15,"[40.0, 32.1]",A4032,40.0,32.1
169,12/11/2018,3780548,SKU_0002,4,REF_SKU_0002,LOC_SKU_0002,8,15,"[40.0, 32.1]",A4032,40.0,32.1
170,12/11/2018,3780751,SKU_0029,1,REF_SKU_0029,LOC_SKU_0029,2,19,"[10.0, 40.0]",A1040,10.0,40.0
171,12/11/2018,3780148,SKU_0024,3,REF_SKU_0024,LOC_SKU_0024,8,1,"[40.0, 7.0]",A4007,40.0,7.0
172,12/11/2018,3780467,SKU_0018,3,REF_SKU_0018,LOC_SKU_0018,7,0,"[35.0, 6.1]",A3506,35.0,6.1
173,12/11/2018,3780739,SKU_0001,2,REF_SKU_0001,LOC_SKU_0001,7,20,"[35.0, 40.9]",A3541,35.0,40.9
174,12/11/2018,3780244,SKU_0048,1,REF_SKU_0048,LOC_SKU_0048,8,17,"[40.0, 35.1]",A4035,40.0,35.1
175,12/11/2018,3780491,SKU_0003,1,REF_SKU_0003,LOC_SKU_0003,7,11,"[35.0, 25.3]",A3525,35.0,25.3
176,12/11/2018,3780849,SKU_0030,5,REF_SKU_0030,LOC_SKU_0030,2,10,"[10.0, 23.1]",A1023,10.0,23.1
177,12/11/2018,3780958,SKU_0014,3,REF_SKU_0014,LOC_SKU_0014,3,10,"[15.0, 22.5]",A1522,15.0,22.5
178,12/11/2018,3780507,SKU_0004,3,REF_SKU_0004,LOC_SKU_0004,7,1,"[35.0, 8.1]",A3508,35.0,8.1
179,12/11/2018,3780365,SKU_0001,1,REF_SKU_0001,LOC_SKU_0001,7,20,"[35.0, 40.9]",A3541,35.0,40.9
180,12/11/2018,3780482,SKU_0001,2,REF_SKU_0001,LOC_SKU_0001,7,20,"[35.0, 40.9]",A3541,35.0,40.9
181,12/11/2018,3780201,SKU_0110,1,REF_SKU_0110,LOC_SKU_0110,3,21,"[15.0, 43.6]",A1544,15.0,43.6
182,12/11/2018,3780154,SKU_0234,2,REF_SKU_0234,LOC_SKU_0234,5,19,"[25.0, 39.0]",A2539,25.0,39.0
183,12/11/2018,3780450,SKU_0027,3,REF_SKU_0027,LOC_SKU_0027,6,5,"[30.0, 14.8]",A3015,30.0,14.8
184,12/11/2018,3780501,SKU_0001,5,REF_SKU_0001,LOC_SKU_0001,7,20,"[35.0, 40.9]",A3541,35.0,40.9
185,12/11/2018,3780073,SKU_0005,4,REF_SKU_0005,LOC_SKU_0005,8,8,"[40.0, 20.4]",A4020,40.0,20.4
186,12/11/2018,3780713,SKU_0048,3,REF_SKU_0048,LOC_SKU_0048,8,17,"[40.0, 35.1]",A4035,40.0,35.1
187,12/11/2018,3780296,SKU_0072,2,REF_SKU_0072,LOC_SKU_0072,9,12,"[45.0, 27.1]",A4527,45.0,27.1
188,12/11/2018,3780017,SKU_0001,1,REF_SKU_0001,LOC_SKU_0001,7,20,"[35.0, 40.9]",A3541,35.0,40.9
189,12/11/2018,3780641,SKU_0001,3,REF_SKU_0001,LOC_SKU_0001,7,20,"[35.0, 40.9]",A3541,35.0,40.9
190,12/11/2018,3780217,SKU_0043,5,REF_SKU_0043,LOC_SKU_0043,5,23,"[25.0, 46.7]",A2547,25.0,46.7
191,12/11/2018,3780061,SKU_0004,2,REF_SKU_0004,LOC_SKU_0004,7,1,"[35.0, 8.1]",A3508,35.0,8.1
192,12/11/2018,3780939,SKU_0002,1,REF_SKU_0002,LOC_SKU_0002,8,15,"[40.0, 32.1]",A4032,40.0,32.1
193,12/11/2018,3780616,SKU_0001,4,REF_SKU_0001,LOC_SKU_0001,7,20,"[35.0, 40.9]",A3541,35.0,40.9
194,12/11/2018,3780042,SKU_0013,2,REF_SKU_0013,LOC_SKU_0013,10,1,"[50.0, 7.6]",A5008,50.0,7.6
195,12/11/2018,3780025,SKU_0130,1,REF_SKU_0130,LOC_SKU_0130,2,9,"[10.0, 21.1]",A1021,10.0,21.1
196,12/11/2018,3780039,SKU_0334,4,REF_SKU_0334,LOC_SKU_0334,4,5,"[20.0, 13.6]",A2014,20.0,13.6
197,12/11/2018,3780803,SKU_0015,1,REF_SKU_0015,LOC_SKU_0015,4,15,"[20.0, 31.9]",A2032,20.0,31.9
198,12/11/2018,3780131,SKU_0011,4,REF_SKU_0011,LOC_SKU_0011,10,13,"[50.0, 28.9]",A5029,50.0,28.9
199,12/11/2018,3780498,SKU_0001,4,REF_SKU_0001,LOC_SKU_0001,7,20,"[35.0, 40.9]",A3541,35.0,40.9
200,12/11/2018,3780229,SKU_0013,4,REF_SKU_0013,LOC_SKU_0013,10,1,"[50.0, 7.6]",A5008,50.0,7.6
201,12/11/2018,3780108,SKU_0004,1,REF_SKU_0004,LOC_SKU_0004,7,1,"[35.0, 8.1]",A3508,35.0,8.1
202,12/11/2018,3780172,SKU_0020,4,REF_SKU_0020,LOC_SKU_0020,2,10,"[10.0, 22.7]",A1023,10.0,22.7
203,12/11/2018,3780435,SKU_0005,2,REF_SKU_0005,LOC_SKU_0005,8,8,"[40.0, 20.4]",A4020,40.0,20.4
204,12/11/2018,3780478,SKU_0002,5,REF_SKU_0002,LOC_SKU_0002,8,15,"[40.0, 32.1]",A4032,40.0,32.1
205,12/11/2018,3780102,SKU_0001,5,REF_SKU_0001,LOC_SKU_0001,7,20,"[35.0, 40.9]",A3541,35.0,40.9
206,12/11/2018,3780866,SKU_0003,4,REF_SKU_0003,LOC_SKU_0003,7,11,"[35.0, 25.3]",A3525,35.0,25.3
207,12/11/2018,3780524,SKU_0001,5,REF_SKU_0001,LOC_SKU_0001,7,20,"[35.0, 40.9]",A3541,35.0,40.9
208,12/11/2018,3780275,SKU_0001,5,REF_SKU_0001,LOC_SKU_0001,7,20,"[35.0, 40.9]",A3541,35.0,40.9
209,12/11/2018,3780613,SKU_0443,4,REF_SKU_0443,LOC_SKU_0443,10,9,"[50.0, 20.7]",A5021,50.0,20.7
210,12/11/2018,3780044,SKU_0007,4,REF_SKU_0007,LOC_SKU_0007,6,1,"[30.0, 8.0]",A3008,30.0,8.0
211,12/11/2018,3780955,SKU_0012,2,REF_SKU_0012,LOC_SKU_0012,9,7,"[45.0, 18.5]",A4518,45.0,18.5
212,12/11/2018,3780817,SKU_0157,3,REF_SKU_0157,LOC_SKU_0157,2,2,"[10.0, 9.7]",A1010,10.0,9.7
213,12/11/2018,3780957,SKU_0479,1,REF_SKU_0479,LOC_SKU_0479,8,13,"[40.0, 27.8]",A4028,40.0,27.8
214,12/11/2018,3780017,SKU_0017,4,REF_SKU_0017,LOC_SKU_0017,7,4,"[35.0, 13.1]",A3513,35.0,13.1
215,12/11/2018,3780330,SKU_0094,4,REF_SKU_0094,LOC_SKU_0094,3,15,"[15.0, 31.8]",A1532,15.0,31.8
216,12/11/2018,3780569,SKU_0003,5,REF_SKU_0003,LOC_SKU_0003,7,11,"[35.0, 25.3]",A3525,35.0,25.3
217,12/11/2018,3780823,SKU_0003,2,REF_SKU_0003,LOC_SKU_0003,7,11,"[35.0, 25.3]",A3525,35.0,25.3
218,12/11/2018,3780497,SKU_0005,5,REF_SKU_0005,LOC_SKU_0005,8,8,"[40.0, 20.4]",A4020,40.0,20.4
219,12/11/2018,3780815,SKU_0032,4,REF_SKU_0032,LOC_SKU_0032,8,14,"[40.0, 30.9]",A4031,40.0,30.9
220,12/11/2018,3780012,SKU_0034,4,REF_SKU_0034,LOC_SKU_0034,5,10,"[25.0, 22.8]",A2523,25.0,22.8
221,12/11/2018,3780318,SKU_0003,5,REF_SKU_0003,LOC_SKU_0003,7,11,"[35.0, 25.3]",A3525,35.0,25.3
222,12/11/2018,3780592,SKU_0001,4,REF_SKU_0001,LOC_SKU_0001,7,20,"[35.0, 40.9]",A3541,35.0,40.9
223,12/11/2018,3780216,SKU_0024,3,REF_SKU_0024,LOC_SKU_0024,8,1,"[40.0, 7.0]",A4007,40.0,7.0
224,12/11/2018,3780339,SKU_0001,1,REF_SKU_0001,LOC_SKU_0001,7,20,"[35.0, 40.9]",A3541,35.0,40.9
225,12/11/2018,3780776,SKU_0016,1,REF_SKU_0016,LOC_SKU_0016,3,22,"[15.0, 43.8]",A1544,15.0,43.8
226,12/11/2018,3780991,SKU_0037,1,REF_SKU_0037,LOC_SKU_0037,9,7,"[45.0, 18.7]",A4519,45.0,18.7
227,12/11/2018,3780661,SKU_0039,3,REF_SKU_0039,LOC_SKU_0039,9,19,"[45.0, 39.9]",A4540,45.0,39.9
228,12/11/2018,3780081,SKU_0059,4,REF_SKU_0059,LOC_SKU_0059,7,15,"[35.0, 32.4]",A3532,35.0,32.4
229,12/11/2018,3780727,SKU_0156,5,REF_SKU_0156,LOC_SKU_0156,3,8,"[15.0, 20.5]",A1520,15.0,20.5
230,12/11/2018,3780485,SKU_0010,2,REF_SKU_0010,LOC_SKU_0010,5,15,"[25.0, 33.0]",A2533,25.0,33.0
231,12/11/2018,3780374,SKU_0049,4,REF_SKU_0049,LOC_SKU_0049,8,7,"[40.0, 17.7]",A4018,40.0,17.7
232,12/11/2018,3780976,SKU_0022,3,REF_SKU_0022,LOC_SKU_0022,4,6,"[20.0, 16.2]",A2016,20.0,16.2
233,12/11/2018,3780710,SKU_0001,3,REF_SKU_0001,LOC_SKU_0001,7,20,"[35.0, 40.9]",A3541,35.0,40.9
234,12/11/2018,3780200,SKU_0001,1,REF_SKU_0001,LOC_SKU_0001,7,20,"[35.0, 40.9]",A3541,35.0,40.9
235,12/11/2018,3780537,SKU_0003,4,REF_SKU_0003,LOC_SKU_0003,7,11,"[35.0, 25.3]",A3525,35.0,25.3
236,12/11/2018,3780466,SKU_0007,1,REF_SKU_0007,LOC_SKU_0007,6,1,"[30.0, 8.0]",A3008,30.0,8.0
237,12/11/2018,3780089,SKU_0021,2,REF_SKU_0021,LOC_SKU_0021,10,2,"[50.0, 9.8]",A5010,50.0,9.8
238,12/11/2018,3780268,SKU_0129,1,REF_SKU_0129,LOC_SKU_0129,3,22,"[15.0, 45.2]",A1545,15.0,45.2
239,12/11/2018,3780655,SKU_0002,2,REF_SKU_0002,LOC_SKU_0002,8,15,"[40.0, 32.1]",A4032,40.0,32.1
240,12/11/2018,3780571,SKU_0001,3,REF_SKU_0001,LOC_SKU_0001,7,20,"[35.0, 40.9]",A3541,35.0,40.9
241,12/11/2018,3780922,SKU_0353,1,REF_SKU_0353,LOC_SKU_0353,8,18,"[40.0, 37.6]",A4038,40.0,37.6
242,12/11/2018,3780489,SKU_0001,1,REF_SKU_0001,LOC_SKU_0001,7,20,"[35.0, 40.9]",A3541,35.0,40.9
243,12/11/2018,3780877,SKU_0008,5,REF_SKU_0008,LOC_SKU_0008,8,21,"[40.0, 42.5]",A4042,40.0,42.5
244,12/11/2018,3780538,SKU_0017,3,REF_SKU_0017,LOC_SKU_0017,7,4,"[35.0, 13.1]",A3513,35.0,13.1
245,12/11/2018,3780047,SKU_0013,5,REF_SKU_0013,LOC_SKU_0013,10,1,"[50.0, 7.6]",A5008,50.0,7.6
246,12/11/2018,3780288,SKU_0001,2,REF_SKU_0001,LOC_SKU_0001,7,20,"[35.0, 40.9]",A3541,35.0,40.9
247,12/11/2018,3780778,SKU_0001,2,REF_SKU_0001,LOC_SKU_0001,7,20,"[35.0, 40.9]",A3541,35.0,40.9
248,12/11/2018,3780016,SKU_0001,3,REF_SKU_0001,LOC_SKU_0001,7,20,"[35.0, 40.9]",A3541,35.0,40.9
249,12/11/2018,3780711,SKU_0017,2,REF_SKU_0017,LOC_SKU_0017,7,4,"[35.0, 13.1]",A3513,35.0,13.1
250,12/11/2018,3780401,SKU_0013,3,REF_SKU_0013,LOC_SKU_0013,10,1,"[50.0, 7.6]",A5008,50.0,7.6
251,12/11/2018,3780919,SKU_0002,2,REF_SKU_0002,LOC_SKU_0002,8,15,"[40.0, 32.1]",A4032,40.0,32.1
252,12/11/2018,3780794,SKU_0025,4,REF_SKU_0025,LOC_SKU_0025,1,6,"[5.0, 17.0]",A0517,5.0,17.0
253,12/11/2018,3780981,SKU_0100,1,REF_SKU_0100,LOC_SKU_0100,2,21,"[10.0, 42.8]",A1043,10.0,42.8
254,12/11/2018,3780086,SKU_0001,4,REF_SKU_0001,LOC_SKU_0001,7,20,"[35.0, 40.9]",A3541,35.0,40.9
255,12/11/2018,3780250,SKU_0009,3,REF_SKU_0009,LOC_SKU_0009,6,0,"[30.0, 5.5]",A3006,30.0,5.5
256,12/11/2018,3780391,SKU_0036,3,REF_SKU_0036,LOC_SKU_0036,8,9,"[40.0, 21.4]",A4021,40.0,21.4
257,12/11/2018,3780782,SKU_0002,4,REF_SKU_0002,LOC_SKU_0002,8,15,"[40.0, 32.1]",A4032,40.0,32.1
258,12/11/2018,3780335,SKU_0003,1,REF_SKU_0003,LOC_SKU_0003,7,11,"[35.0, 25.3]",A3525,35.0,25.3
259,12/11/2018,3780629,SKU_0021,1,REF_SKU_0021,LOC_SKU_0021,10,2,"[50.0, 9.8]",A5010,50.0,9.8
260,12/11/2018,3780519,SKU_0195,5,REF_SKU_0195,LOC_SKU_0195,4,1,"[20.0, 7.5]",A2008,20.0,7.5
261,12/11/2018,3780137,SKU_0092,2,REF_SKU_0092,LOC_SKU_0092,1,4,"[5.0, 12.2]",A0512,5.0,12.2
262,12/11/2018,3780883,SKU_0017,5,REF_SKU_0017,LOC_SKU_0017,7,4,"[35.0, 13.1]",A3513,35.0,13.1
263,12/11/2018,3780688,SKU_0049,1,REF_SKU_0049,LOC_SKU_0049,8,7,"[40.0, 17.7]",A4018,40.0,17.7
264,12/11/2018,3780840,SKU_0004,4,REF_SKU_0004,LOC_SKU_0004,7,1,"[35.0, 8.1]",A3508,35.0,8.1
265,12/11/2018,3780498,SKU_0025,2,REF_SKU_0025,LOC_SKU_0025,1,6,"[5.0, 17.0]",A0517,5.0,17.0
266,12/11/2018,3780827,SKU_0008,4,REF_SKU_0008,LOC_SKU_0008,8,21,"[40.0, 42.5]",A4042,40.0,42.5
267,12/11/2018,3780727,SKU_0001,5,REF_SKU_0001,LOC_SKU_0001,7,20,"[35.0, 40.9]",A3541,35.0,40.9
268,12/11/2018,3780477,SKU_0039,3,REF_SKU_0039,LOC_SKU_0039,9,19,"[45.0, 39.9]",A4540,45.0,39.9
269,12/11/2018,3780594,SKU_0014,4,REF_SKU_0014,LOC_SKU_0014,3,10,"[15.0, 22.5]",A1522,15.0,22.5
270,12/11/2018,3780223,SKU_0004,5,REF_SKU_0004,LOC_SKU_0004,7,1,"[35.0, 8.1]",A3508,35.0,8.1
271,12/11/2018,3780990,SKU_0219,5,REF_SKU_0219,LOC_SKU_0219,4,9,"[20.0, 22.1]",A2022,20.0,22.1
272,12/11/2018,3780372,SKU_0001,5,REF_SKU_0001,LOC_SKU_0001,7,20,"[35.0, 40.9]",A3541,35.0,40.9
273,12/11/2018,3780935,SKU_0003,3,REF_SKU_0003,LOC_SKU_0003,7,11,"[35.0, 25.3]",A3525,35.0,25.3
274,12/11/2018,3780995,SKU_0001,3,REF_SKU_0001,LOC_SKU_0001,7,20,"[35.0, 40.9]",A3541,35.0,40.9
275,12/11/2018,3780402,SKU_0065,3,REF_SKU_0065,LOC_SKU_0065,4,22,"[20.0, 45.2]",A2045,20.0,45.2
276,12/11/2018,3780443,SKU_0039,2,REF_SKU_0039,LOC_SKU_0039,9,19,"[45.0, 39.9]",A4540,45.0,39.9
277,12/11/2018,3780490,SKU_0003,3,REF_SKU_0003,LOC_SKU_0003,7,11,"[35.0, 25.3]",A3525,35.0,25.3
278,12/11/2018,3780615,SKU_0032,3,REF_SKU_0032,LOC_SKU_0032,8,14,"[40.0, 30.9]",A4031,40.0,30.9
279,12/11/2018,3780273,SKU_0005,3,REF_SKU_0005,LOC_SKU_0005,8,8,"[40.0, 20.4]",A4020,40.0,20.4
280,12/11/2018,3780526,SKU_0060,4,REF_SKU_0060,LOC_SKU_0060,4,24,"[20.0, 47.5]",A2048,20.0,47.5
281,12/11/2018,3780159,SKU_0007,3,REF_SKU_0007,LOC_SKU_0007,6,1,"[30.0, 8.0]",A3008,30.0,8.0
282,12/11/2018,3780152,SKU_0005,2,REF_SKU_0005,LOC_SKU_0005,8,8,"[40.0, 20.4]",A4020,40.0,20.4
283,12/11/2018,3780995,SKU_0271,5,REF_SKU_0271,LOC_SKU_0271,1,17,"[5.0, 36.5]",A0536,5.0,36.5
284,12/11/2018,3780620,SKU_0002,4,REF_SKU_0002,LOC_SKU_0002,8,15,"[40.0, 32.1]",A4032,40.0,32.1
285,12/11/2018,3780188,SKU_0001,1,REF_SKU_0001,LOC_SKU_0001,7,20,"[35.0, 40.9]",A3541,35.0,40.9
286,12/11/2018,3780813,SKU_0017,3,REF_SKU_0017,LOC_SKU_0017,7,4,"[35.0, 13.1]",A3513,35.0,13.1
287,12/11/2018,3780098,SKU_0373,5,REF_SKU_0373,LOC_SKU_0373,6,15,"[30.0, 32.5]",A3032,30.0,32.5
288,12/11/2018,3780131,SKU_0004,5,REF_SKU_0004,LOC_SKU_0004,7,1,"[35.0, 8.1]",A3508,35.0,8.1
289,12/11/2018,3780805,SKU_0001,4,REF_SKU_0001,LOC_SKU_0001,7,20,"[35.0, 40.9]",A3541,35.0,40.9
290,12/11/2018,3780171,SKU_0004,1,REF_SKU_0004,LOC_SKU_0004,7,1,"[35.0, 8.1]",A3508,35.0,8.1
291,12/11/2018,3780936,SKU_0010,2,REF_SKU_0010,LOC_SKU_0010,5,15,"[25.0, 33.0]",A2533,25.0,33.0
292,12/11/2018,3780986,SKU_0001,5,REF_SKU_0001,LOC_SKU_0001,7,20,"[35.0, 40.9]",A3541,35.0,40.9
293,12/11/2018,3780183,SKU_0028,5,REF_SKU_0028,LOC_SKU_0028,4,5,"[20.0, 13.7]",A2014,20.0,13.7
294,12/11/2018,3780983,SKU_0490,5,REF_SKU_0490,LOC_SKU_0490,7,24,"[35.0, 47.6]",A3548,35.0,47.6
295,12/11/2018,3780364,SKU_0007,5,REF_SKU_0007,LOC_SKU_0007,6,1,"[30.0, 8.0]",A3008,30.0,8.0
296,12/11/2018,3780039,SKU_0004,4,REF_SKU_0004,LOC_SKU_0004,7,1,"[35.0, 8.1]",A3508,35.0,8.1
297,12/11/2018,3780527,SKU_0005,1,REF_SKU_0005,LOC_SKU_0005,8,8,"[40.0, 20.4]",A4020,40.0,20.4
298,12/11/2018,3780888,SKU_0001,5,REF_SKU_0001,LOC_SKU_0001,7,20,"[35.0, 40.9]",A3541,35.0,40.9
299,12/11/2018,3780497,SKU_0171,2,REF_SKU_0171,LOC_SKU_0171,2,13,"[10.0, 28.5]",A1028,10.0,28.5
300,12/11/2018,3780516,SKU_0006,2,REF_SKU_0006,LOC_SKU_0006,8,18,"[40.0, 37.0]",A4037,40.0,37.0
301,12/11/2018,3780349,SKU_0005,3,REF_SKU_0005,LOC_SKU_0005,8,8,"[40.0, 20.4]",A4020,40.0,20.4
302,12/11/2018,3780982,SKU_0029,5,REF_SKU_0029,LOC_SKU_0029,2,19,"[10.0, 40.0]",A1040,10.0,40.0
303,12/11/2018,3780921,SKU_0007,5,REF_SKU_0007,LOC_SKU_0007,6,1,"[30.0, 8.0]",A3008,30.0,8.0
304,12/11/2018,3780397,SKU_0027,5,REF_SKU_0027,LOC_SKU_0027,6,5,"[30.0, 14.8]",A3015,30.0,14.8
305,12/11/2018,3780722,SKU_0001,5,REF_SKU_0001,LOC_SKU_0001,7,20,"[35.0, 40.9]",A3541,35.0,40.9
306,12/11/2018,3780161,SKU_0095,5,REF_SKU_0095,LOC_SKU_0095,4,0,"[20.0, 6.2]",A2006,20.0,6.2
307,12/11/2018,3780016,SKU_0285,2,REF_SKU_0285,LOC_SKU_0285,3,21,"[15.0, 42.1]",A1542,15.0,42.1
308,12/11/2018,3780493,SKU_0027,1,REF_SKU_0027,LOC_SKU_0027,6,5,"[30.0, 14.8]",A3015,30.0,14.8
309,12/11/2018,3780426,SKU_0325,1,REF_SKU_0325,LOC_SKU_0325,1,24,"[5.0, 47.8]",A0548,5.0,47.8
310,12/11/2018,3780108,SKU_0001,3,REF_SKU_0001,LOC_SKU_0001,7,20,"[35.0, 40.9]",A3541,35.0,40.9
311,12/11/2018,3780894,SKU_0008,2,REF_SKU_0008,LOC_SKU_0008,8,21,"[40.0, 42.5]",A4042,40.0,42.5
312,12/11/2018,3780450,SKU_0019,5,REF_SKU_0019,LOC_SKU_0019,9,24,"[45.0, 48.5]",A4548,45.0,48.5
313,12/11/2018,3780311,SKU_0017,1,REF_SKU_0017,LOC_SKU_0017,7,4,"[35.0, 13.1]",A3513,35.0,13.1
314,12/11/2018,3780739,SKU_0005,4,REF_SKU_0005,LOC_SKU_0005,8,8,"[40.0, 20.4]",A4020,40.0,20.4
315,12/11/2018,3780170,SKU_0003,4,REF_SKU_0003,LOC_SKU_0003,7,11,"[35.0, 25.3]",A3525,35.0,25.3
316,12/11/2018,3780546,SKU_0001,4,REF_SKU_0001,LOC_SKU_0001,7,20,"[35.0, 40.9]",A3541,35.0,40.9
317,12/11/2018,3780414,SKU_0005,5,REF_SKU_0005,LOC_SKU_0005,8,8,"[40.0, 20.4]",A4020,40.0,20.4
318,12/11/2018,3780251,SKU_0001,5,REF_SKU_0001,LOC_SKU_0001,7,20,"[35.0, 40.9]",A3541,35.0,40.9
319,12/11/2018,3780759,SKU_0050,3,REF_SKU_0050,LOC_SKU_0050,3,12,"[15.0, 26.5]",A1526,15.0,26.5
320,12/11/2018,3780781,SKU_0002,3,REF_SKU_0002,LOC_SKU_0002,8,15,"[40.0, 32.1]",A4032,40.0,32.1
321,12/11/2018,3780141,SKU_0001,3,REF_SKU_0001,LOC_SKU_0001,7,20,"[35.0, 40.9]",A3541,35.0,40.9
322,12/11/2018,3780274,SKU_0014,4,REF_SKU_0014,LOC_SKU_0014,3,10,"[15.0, 22.5]",A1522,15.0,22.5
323,12/11/2018,3780416,SKU_0018,5,REF_SKU_0018,LOC_SKU_0018,7,0,"[35.0, 6.1]",A3506,35.0,6.1
324,12/11/2018,3780608,SKU_0155,4,REF_SKU_0155,LOC_SKU_0155,1,2,"[5.0, 8.7]",A0509,5.0,8.7
325,12/11/2018,3780739,SKU_0016,3,REF_SKU_0016,LOC_SKU_0016,3,22,"[15.0, 43.8]",A1544,15.0,43.8
326,12/11/2018,3780891,SKU_0004,5,REF_SKU_0004,LOC_SKU_0004,7,1,"[35.0, 8.1]",A3508,35.0,8.1
327,12/11/2018,3780039,SKU_0087,2,REF_SKU_0087,LOC_SKU_0087,7,17,"[35.0, 35.4]",A3535,35.0,35.4
328,12/11/2018,3780814,SKU_0013,1,REF_SKU_0013,LOC_SKU_0013,10,1,"[50.0, 7.6]",A5008,50.0,7.6
329,12/11/2018,3780029,SKU_0001,1,REF_SKU_0001,LOC_SKU_0001,7,20,"[35.0, 40.9]",A3541,35.0,40.9
330,12/11/2018,3780958,SKU_0015,3,REF_SKU_0015,LOC_SKU_0015,4,15,"[20.0, 31.9]",A2032,20.0,31.9
331,12/11/2018,3780477,SKU_0213,4,REF_SKU_0213,LOC_SKU_0213,5,9,"[25.0, 21.0]",A2521,25.0,21.0
332,12/11/2018,3780318,SKU_0005,2,REF_SKU_0005,LOC_SKU_0005,8,8,"[40.0, 20.4]",A4020,40.0,20.4
333,12/11/2018,3780245,SKU_0003,5,REF_SKU_0003,LOC_SKU_0003,7,11,"[35.0, 25.3]",A3525,35.0,25.3
334,12/11/2018,3780748,SKU_0001,4,REF_SKU_0001,LOC_SKU_0001,7,20,"[35.0, 40.9]",A3541,35.0,40.9
335,12/11/2018,3780697,SKU_0001,3,REF_SKU_0001,LOC_SKU_0001,7,20,"[35.0, 40.9]",A3541,35.0,40.9
336,12/11/2018,3780272,SKU_0006,4,REF_SKU_0006,LOC_SKU_0006,8,18,"[40.0, 37.0]",A4037,40.0,37.0
337,12/11/2018,3780440,SKU_0018,3,REF_SKU_0018,LOC_SKU_0018,7,0,"[35.0, 6.1]",A3506,35.0,6.1
338,12/11/2018,3780748,SKU_0001,1,REF_SKU_0001,LOC_SKU_0001,7,20,"[35.0, 40.9]",A3541,35.0,40.9
339,12/11/2018,3780239,SKU_0283,1,REF_SKU_0283,LOC_SKU_0283,9,8,"[45.0, 19.3]",A4519,45.0,19.3
340,12/11/2018,3780377,SKU_0059,4,REF_SKU_0059,LOC_SKU_0059,7,15,"[35.0, 32.4]",A3532,35.0,32.4
341,12/11/2018,3780266,SKU_0017,2,REF_SKU_0017,LOC_SKU_0017,7,4,"[35.0, 13.1]",A3513,35.0,13.1
342,12/11/2018,3780926,SKU_0107,5,REF_SKU_0107,LOC_SKU_0107,5,23,"[25.0, 45.6]",A2546,25.0,45.6
343,12/11/2018,3780921,SKU_0001,3,REF_SKU_0001,LOC_SKU_0001,7,20,"[35.0, 40.9]",A3541,35.0,40.9
344,12/11/2018,3780359,SKU_0008,5,REF_SKU_0008,LOC_SKU_0008,8,21,"[40.0, 42.5]",A4042,40.0,42.5
345,12/11/2018,3780340,SKU_0023,1,REF_SKU_0023,LOC_SKU_0023,7,15,"[35.0, 32.6]",A3533,35.0,32.6
346,12/11/2018,3780389,SKU_0107,2,REF_SKU_0107,LOC_SKU_0107,5,23,"[25.0, 45.6]",A2546,25.0,45.6
347,12/11/2018,3780577,SKU_0074,2,REF_SKU_0074,LOC_SKU_0074,8,24,"[40.0, 47.5]",A4048,40.0,47.5
348,12/11/2018,3780990,SKU_0002,5,REF_SKU_0002,LOC_SKU_0002,8,15,"[40.0, 32.1]",A4032,40.0,32.1
349,12/11/2018,3780689,SKU_0286,1,REF_SKU_0286,LOC_SKU_0286,2,10,"[10.0, 24.0]",A1024,10.0,24.0
350,12/11/2018,3780003,SKU_0001,5,REF_SKU_0001,LOC_SKU_0001,7,20,"[35.0, 40.9]",A3541,35.0,40.9
351,12/11/2018,3780429,SKU_0159,4,REF_SKU_0159,LOC_SKU_0159,3,12,"[15.0, 26.2]",A1526,15.0,26.2
352,12/11/2018,3780142,SKU_0379,2,REF_SKU_0379,LOC_SKU_0379,8,17,"[40.0, 36.5]",A4036,40.0,36.5
353,12/11/2018,3780376,SKU_0001,2,REF_SKU_0001,LOC_SKU_0001,7,20,"[35.0, 40.9]",A3541,35.0,40.9
354,12/11/2018,3780670,SKU_0046,4,REF_SKU_0046,LOC_SKU_0046,2,2,"[10.0, 9.7]",A1010,10.0,9.7
355,12/11/2018,3780324,SKU_0001,1,REF_SKU_0001,LOC_SKU_0001,7,20,"[35.0, 40.9]",A3541,35.0,40.9
356,12/11/2018,3780146,SKU_0005,2,REF_SKU_0005,LOC_SKU_0005,8,8,"[40.0, 20.4]",A4020,40.0,20.4
357,12/11/2018,3780958,SKU_0011,3,REF_SKU_0011,LOC_SKU_0011,10,13,"[50.0, 28.9]",A5029,50.0,28.9
358,12/11/2018,3780293,SKU_0016,3,REF_SKU_0016,LOC_SKU_0016,3,22,"[15.0, 43.8]",A1544,15.0,43.8
359,12/11/2018,3780665,SKU_0274,1,REF_SKU_0274,LOC_SKU_0274,7,1,"[35.0, 7.5]",A3508,35.0,7.5
360,12/11/2018,3780432,SKU_0032,4,REF_SKU_0032,LOC_SKU_0032,8,14,"[40.0, 30.9]",A4031,40.0,30.9
361,12/11/2018,3780705,SKU_0008,5,REF_SKU_0008,LOC_SKU_0008,8,21,"[40.0, 42.5]",A4042,40.0,42.5
362,12/11/2018,3780949,SKU_0092,1,REF_SKU_0092,LOC_SKU_0092,1,4,"[5.0, 12.2]",A0512,5.0,12.2
363,12/11/2018,3780975,SKU_0313,5,REF_SKU_0313,LOC_SKU_0313,2,21,"[10.0, 43.4]",A1043,10.0,43.4
364,12/11/2018,3780585,SKU_0001,1,REF_SKU_0001,LOC_SKU_0001,7,20,"[35.0, 40.9]",A3541,35.0,40.9
365,12/11/2018,3780399,SKU_0423,3,REF_SKU_0423,LOC_SKU_0423,7,3,"[35.0, 10.7]",A3511,35.0,10.7
366,12/11/2018,3780817,SKU_0001,4,REF_SKU_0001,LOC_SKU_0001,7,20,"[35.0, 40.9]",A3541,35.0,40.9
367,12/11/2018,3780889,SKU_0095,3,REF_SKU_0095,LOC_SKU_0095,4,0,"[20.0, 6.2]",A2006,20.0,6.2
368,12/11/2018,3780344,SKU_0002,4,REF_SKU_0002,LOC_SKU_0002,8,15,"[40.0, 32.1]",A4032,40.0,32.1
369,12/11/2018,3780964,SKU_0001,5,REF_SKU_0001,LOC_SKU_0001,7,20,"[35.0, 40.9]",A3541,35.0,40.9
370,12/11/2018,3780140,SKU_0007,1,REF_SKU_0007,LOC_SKU_0007,6,1,"[30.0, 8.0]",A3008,30.0,8.0
371,12/11/2018,3780187,SKU_0026,2,REF_SKU_0026,LOC_SKU_0026,8,19,"[40.0, 39.1]",A4039,40.0,39.1
372,12/11/2018,3780805,SKU_0005,2,REF_SKU_0005,LOC_SKU_0005,8,8,"[40.0, 20.4]",A4020,40.0,20.4
373,12/11/2018,3780061,SKU_0001,4,REF_SKU_0001,LOC_SKU_0001,7,20,"[35.0, 40.9]",A3541,35.0,40.9
374,12/11/2018,3780997,SKU_0019,4,REF_SKU_0019,LOC_SKU_0019,9,24,"[45.0, 48.5]",A4548,45.0,48.5
375,12/11/2018,3780939,SKU_0202,3,REF_SKU_0202,LOC_SKU_0202,2,14,"[10.0, 31.0]",A1031,10.0,31.0
376,12/11/2018,3780380,SKU_0005,2,REF_SKU_0005,LOC_SKU_0005,8,8,"[40.0, 20.4]",A4020,40.0,20.4
377,12/11/2018,3780710,SKU_0002,3,REF_SKU_0002,LOC_SKU_0002,8,15,"[40.0, 32.1]",A4032,40.0,32.1
378,12/11/2018,3780807,SKU_0007,5,REF_SKU_0007,LOC_SKU_0007,6,1,"[30.0, 8.0]",A3008,30.0,8.0
379,12/11/2018,3780440,SKU_0001,2,REF_SKU_0001,LOC_SKU_0001,7,20,"[35.0, 40.9]",A3541,35.0,40.9
380,12/11/2018,3780319,SKU_0100,5,REF_SKU_0100,LOC_SKU_0100,2,21,"[10.0, 42.8]",A1043,10.0,42.8
381,12/11/2018,3780302,SKU_0105,1,REF_SKU_0105,LOC_SKU_0105,4,13,"[20.0, 29.1]",A2029,20.0,29.1
382,12/11/2018,3780344,SKU_0017,3,REF_SKU_0017,LOC_SKU_0017,7,4,"[35.0, 13.1]",A3513,35.0,13.1
383,12/11/2018,3780011,SKU_0004,4,REF_SKU_0004,LOC_SKU_0004,7,1,"[35.0, 8.1]",A3508,35.0,8.1
384,12/11/2018,3780062,SKU_0085,2,REF_SKU_0085,LOC_SKU_0085,2,13,"[10.0, 29.1]",A1029,10.0,29.1
385,12/11/2018,3780845,SKU_0014,3,REF_SKU_0014,LOC_SKU_0014,3,10,"[15.0, 22.5]",A1522,15.0,22.5
386,12/11/2018,3780226,SKU_0105,4,REF_SKU_0105,LOC_SKU_0105,4,13,"[20.0, 29.1]",A2029,20.0,29.1
387,12/11/2018,3780153,SKU_0024,1,REF_SKU_0024,LOC_SKU_0024,8,1,"[40.0, 7.0]",A4007,40.0,7.0
388,12/11/2018,3780711,SKU_0075,2,REF_SKU_0075,LOC_SKU_0075,6,5,"[30.0, 15.2]",A3015,30.0,15.2
389,12/11/2018,3780564,SKU_0019,5,REF_SKU_0019,LOC_SKU_0019,9,24,"[45.0, 48.5]",A4548,45.0,48.5
390,12/11/2018,3780772,SKU_0006,1,REF_SKU_0006,LOC_SKU_0006,8,18,"[40.0, 37.0]",A4037,40.0,37.0
391,12/11/2018,3780571,SKU_0335,4,REF_SKU_0335,LOC_SKU_0335,8,10,"[40.0, 23.8]",A4024,40.0,23.8
392,12/11/2018,3780584,SKU_0013,2,REF_SKU_0013,LOC_SKU_0013,10,1,"[50.0, 7.6]",A5008,50.0,7.6
393,12/11/2018,3780660,SKU_0020,2,REF_SKU_0020,LOC_SKU_0020,2,10,"[10.0, 22.7]",A1023,10.0,22.7
394,12/11/2018,3780861,SKU_0002,1,REF_SKU_0002,LOC_SKU_0002,8,15,"[40.0, 32.1]",A4032,40.0,32.1
395,12/11/2018,3780575,SKU_0023,2,REF_SKU_0023,LOC_SKU_0023,7,15,"[35.0, 32.6]",A3533,35.0,32.6
396,12/11/2018,3780310,SKU_0015,4,REF_SKU_0015,LOC_SKU_0015,4,15,"[20.0, 31.9]",A2032,20.0,31.9
397,12/11/2018,3780885,SKU_0001,1,REF_SKU_0001,LOC_SKU_0001,7,20,"[35.0, 40.9]",A3541,35.0,40.9
398,12/11/2018,3780243,SKU_0001,5,REF_SKU_0001,LOC_SKU_0001,7,20,"[35.0, 40.9]",A3541,35.0,40.9
399,12/11/2018,3780493,SKU_0019,1,REF_SKU_0019,LOC_SKU_0019,9,24,"[45.0, 48.5]",A4548,45.0,48.5
400,12/11/2018,3780366,SKU_0063,1,REF_SKU_0063,LOC_SKU_0063,10,20,"[50.0, 41.5]",A5042,50.0,41.5
401,12/11/2018,3780330,SKU_0011,5,REF_SKU_0011,LOC_SKU_0011,10,13,"[50.0, 28.9]",A5029,50.0,28.9
402,12/11/2018,3780107,SKU_0002,4,REF_SKU_0002,LOC_SKU_0002,8,15,"[40.0, 32.1]",A4032,40.0,32.1
403,12/11/2018,3780226,SKU_0030,3,REF_SKU_0030,LOC_SKU_0030,2,10,"[10.0, 23.1]",A1023,10.0,23.1
404,12/11/2018,3780825,SKU_0001,3,REF_SKU_0001,LOC_SKU_0001,7,20,"[35.0, 40.9]",A3541,35.0,40.9
405,12/11/2018,3780218,SKU_0007,5,REF_SKU_0007,LOC_SKU_0007,6,1,"[30.0, 8.0]",A3008,30.0,8.0
406,12/11/2018,3780937,SKU_0001,4,REF_SKU_0001,LOC_SKU_0001,7,20,"[35.0, 40.9]",A3541,35.0,40.9
407,12/11/2018,3780753,SKU_0001,2,REF_SKU_0001,LOC_SKU_0001,7,20,"[35.0, 40.9]",A3541,35.0,40.9
408,12/11/2018,3780506,SKU_0002,5,REF_SKU_0002,LOC_SKU_0002,8,15,"[40.0, 32.1]",A4032,40.0,32.1
409,12/11/2018,3780259,SKU_0005,3,REF_SKU_0005,LOC_SKU_0005,8,8,"[40.0, 20.4]",A4020,40.0,20.4
410,12/11/2018,3780888,SKU_0001,4,REF_SKU_0001,LOC_SKU_0001,7,20,"[35.0, 40.9]",A3541,35.0,40.9
411,12/11/2018,3780774,SKU_0005,1,REF_SKU_0005,LOC_SKU_0005,8,8,"[40.0, 20.4]",A4020,40.0,20.4
412,12/11/2018,3780517,SKU_0010,4,REF_SKU_0010,LOC_SKU_0010,5,15,"[25.0, 33.0]",A2533,25.0,33.0
413,12/11/2018,3780773,SKU_0009,4,REF_SKU_0009,LOC_SKU_0009,6,0,"[30.0, 5.5]",A3006,30.0,5.5
414,12/11/2018,3780054,SKU_0005,3,REF_SKU_0005,LOC_SKU_0005,8,8,"[40.0, 20.4]",A4020,40.0,20.4
415,12/11/2018,3780047,SKU_0117,3,REF_SKU_0117,LOC_SKU_0117,2,4,"[10.0, 12.7]",A1013,10.0,12.7
416,12/11/2018,3780727,SKU_0001,2,REF_SKU_0001,LOC_SKU_0001,7,20,"[35.0, 40.9]",A3541,35.0,40.9
417,12/11/2018,3780689,SKU_0010,2,REF_SKU_0010,LOC_SKU_0010,5,15,"[25.0, 33.0]",A2533,25.0,33.0
418,12/11/2018,3780521,SKU_0001,5,REF_SKU_0001,LOC_SKU_0001,7,20,"[35.0, 40.9]",A3541,35.0,40.9
419,12/11/2018,3780099,SKU_0001,1,REF_SKU_0001,LOC_SKU_0001,7,20,"[35.0, 40.9]",A3541,35.0,40.9
420,12/11/2018,3780020,SKU_0016,2,REF_SKU_0016,LOC_SKU_0016,3,22,"[15.0, 43.8]",A1544,15.0,43.8
421,12/11/2018,3780890,SKU_0015,3,REF_SKU_0015,LOC_SKU_0015,4,15,"[20.0, 31.9]",A2032,20.0,31.9
422,12/11/2018,3780753,SKU_0163,4,REF_SKU_0163,LOC_SKU_0163,6,13,"[30.0, 29.4]",A3029,30.0,29.4
423,12/11/2018,3780573,SKU_0014,5,REF_SKU_0014,LOC_SKU_0014,3,10,"[15.0, 22.5]",A1522,15.0,22.5
424,12/11/2018,3780891,SKU_0341,2,REF_SKU_0341,LOC_SKU_0341,5,14,"[25.0, 29.9]",A2530,25.0,29.9
425,12/11/2018,3780490,SKU_0001,4,REF_SKU_0001,LOC_SKU_0001,7,20,"[35.0, 40.9]",A3541,35.0,40.9
426,12/11/2018,3780419,SKU_0001,4,REF_SKU_0001,LOC_SKU_0001,7,20,"[35.0, 40.9]",A3541,35.0,40.9
427,12/11/2018,3780690,SKU_0001,2,REF_SKU_0001,LOC_SKU_0001,7,20,"[35.0, 40.9]",A3541,35.0,40.9
428,12/11/2018,3780850,SKU_0001,1,REF_SKU_0001,LOC_SKU_0001,7,20,"[35.0, 40.9]",A3541,35.0,40.9
429,12/11/2018,3780062,SKU_0013,1,REF_SKU_0013,LOC_SKU_0013,10,1,"[50.0, 7.6]",A5008,50.0,7.6
430,12/11/2018,3780145,SKU_0026,5,REF_SKU_0026,LOC_SKU_0026,8,19,"[40.0, 39.1]",A4039,40.0,39.1
431,12/11/2018,3780216,SKU_0001,1,REF_SKU_0001,LOC_SKU_0001,7,20,"[35.0, 40.9]",A3541,35.0,40.9
432,12/11/2018,3780003,SKU_0300,5,REF_SKU_0300,LOC_SKU_0300,1,13,"[5.0, 29.3]",A0529,5.0,29.3
433,12/11/2018,3780160,SKU_0120,3,REF_SKU_0120,LOC_SKU_0120,9,4,"[45.0, 13.3]",A4513,45.0,13.3
434,12/11/2018,3780739,SKU_0003,2,REF_SKU_0003,LOC_SKU_0003,7,11,"[35.0, 25.3]",A3525,35.0,25.3
435,12/11/2018,3780998,SKU_0001,4,REF_SKU_0001,LOC_SKU_0001,7,20,"[35.0, 40.9]",A3541,35.0,40.9
436,12/11/2018,3780781,SKU_0001,5,REF_SKU_0001,LOC_SKU_0001,7,20,"[35.0, 40.9]",A3541,35.0,40.9
437,12/11/2018,3780120,SKU_0001,1,REF_SKU_0001,LOC_SKU_0001,7,20,"[35.0, 40.9]",A3541,35.0,40.9
438,12/11/2018,3780893,SKU_0001,5,REF_SKU_0001,LOC_SKU_0001,7,20,"[35.0, 40.9]",A3541,35.0,40.9
439,12/11/2018,3780089,SKU_0011,5,REF_SKU_0011,LOC_SKU_0011,10,13,"[50.0, 28.9]",A5029,50.0,28.9
440,12/11/2018,3780329,SKU_0002,1,REF_SKU_0002,LOC_SKU_0002,8,15,"[40.0, 32.1]",A4032,40.0,32.1
441,12/11/2018,3780580,SKU_0004,1,REF_SKU_0004,LOC_SKU_0004,7,1,"[35.0, 8.1]",A3508,35.0,8.1
442,12/11/2018,3780910,SKU_0452,2,REF_SKU_0452,LOC_SKU_0452,1,14,"[5.0, 31.1]",A0531,5.0,31.1
443,12/11/2018,3780357,SKU_0035,4,REF_SKU_0035,LOC_SKU_0035,2,13,"[10.0, 29.5]",A1030,10.0,29.5
444,12/11/2018,3780610,SKU_0309,2,REF_SKU_0309,LOC_SKU_0309,2,9,"[10.0, 21.4]",A1021,10.0,21.4
445,12/11/2018,3780267,SKU_0001,2,REF_SKU_0001,LOC_SKU_0001,7,20,"[35.0, 40.9]",A3541,35.0,40.9
446,12/11/2018,3780617,SKU_0005,1,REF_SKU_0005,LOC_SKU_0005,8,8,"[40.0, 20.4]",A4020,40.0,20.4
447,12/11/2018,3780952,SKU_0014,1,REF_SKU_0014,LOC_SKU_0014,3,10,"[15.0, 22.5]",A1522,15.0,22.5
448,12/11/2018,3780323,SKU_0001,4,REF_SKU_0001,LOC_SKU_0001,7,20,"[35.0, 40.9]",A3541,35.0,40.9
449,12/11/2018,3780635,SKU_0001,5,REF_SKU_0001,LOC_SKU_0001,7,20,"[35.0, 40.9]",A3541,35.0,40.9
450,12/11/2018,3780988,SKU_0031,2,REF_SKU_0031,LOC_SKU_0031,4,15,"[20.0, 32.1]",A2032,20.0,32.1
451,12/11/2018,3780541,SKU_0025,4,REF_SKU_0025,LOC_SKU_0025,1,6,"[5.0, 17.0]",A0517,5.0,17.0
452,12/11/2018,3780649,SKU_0005,2,REF_SKU_0005,LOC_SKU_0005,8,8,"[40.0, 20.4]",A4020,40.0,20.4
453,12/11/2018,3780195,SKU_0009,5,REF_SKU_0009,LOC_SKU_0009,6,0,"[30.0, 5.5]",A3006,30.0,5.5
454,12/11/2018,3780921,SKU_0006,2,REF_SKU_0006,LOC_SKU_0006,8,18,"[40.0, 37.0]",A4037,40.0,37.0
455,12/11/2018,3780738,SKU_0001,3,REF_SKU_0001,LOC_SKU_0001,7,20,"[35.0, 40.9]",A3541,35.0,40.9
456,12/11/2018,3780332,SKU_0003,4,REF_SKU_0003,LOC_SKU_0003,7,11,"[35.0, 25.3]",A3525,35.0,25.3
457,12/11/2018,3780170,SKU_0001,1,REF_SKU_0001,LOC_SKU_0001,7,20,"[35.0, 40.9]",A3541,35.0,40.9
458,12/11/2018,3780521,SKU_0001,2,REF_SKU_0001,LOC_SKU_0001,7,20,"[35.0, 40.9]",A3541,35.0,40.9
459,12/11/2018,3780463,SKU_0332,4,REF_SKU_0332,LOC_SKU_0332,7,3,"[35.0, 11.2]",A3511,35.0,11.2
460,12/11/2018,3780040,SKU_0019,4,REF_SKU_0019,LOC_SKU_0019,9,24,"[45.0, 48.5]",A4548,45.0,48.5
461,12/11/2018,3780537,SKU_0048,2,REF_SKU_0048,LOC_SKU_0048,8,17,"[40.0, 35.1]",A4035,40.0,35.1
462,12/11/2018,3780261,SKU_0003,1,REF_SKU_0003,LOC_SKU_0003,7,11,"[35.0, 25.3]",A3525,35.0,25.3
463,12/11/2018,3780395,SKU_0005,1,REF_SKU_0005,LOC_SKU_0005,8,8,"[40.0, 20.4]",A4020,40.0,20.4
464,12/11/2018,3780955,SKU_0002,2,REF_SKU_0002,LOC_SKU_0002,8,15,"[40.0, 32.1]",A4032,40.0,32.1
465,12/11/2018,3780226,SKU_0001,4,REF_SKU_0001,LOC_SKU_0001,7,20,"[35.0, 40.9]",A3541,35.0,40.9
466,12/11/2018,3780984,SKU_0001,1,REF_SKU_0001,LOC_SKU_0001,7,20,"[35.0, 40.9]",A3541,35.0,40.9
467,12/11/2018,3780124,SKU_0083,2,REF_SKU_0083,LOC_SKU_0083,6,1,"[30.0, 7.0]",A3007,30.0,7.0
468,12/11/2018,3780975,SKU_0033,2,REF_SKU_0033,LOC_SKU_0033,9,24,"[45.0, 48.3]",A4548,45.0,48.3
469,12/11/2018,3780038,SKU_0013,2,REF_SKU_0013,LOC_SKU_0013,10,1,"[50.0, 7.6]",A5008,50.0,7.6
470,12/11/2018,3780328,SKU_0008,4,REF_SKU_0008,LOC_SKU_0008,8,21,"[40.0, 42.5]",A4042,40.0,42.5
471,12/11/2018,3780251,SKU_0242,1,REF_SKU_0242,LOC_SKU_0242,1,3,"[5.0, 10.0]",A0510,5.0,10.0
472,12/11/2018,3780901,SKU_0001,4,REF_SKU_0001,LOC_SKU_0001,7,20,"[35.0, 40.9]",A3541,35.0,40.9
473,12/11/2018,3780176,SKU_0002,3,REF_SKU_0002,LOC_SKU_0002,8,15,"[40.0, 32.1]",A4032,40.0,32.1
474,12/11/2018,3780602,SKU_0004,1,REF_SKU_0004,LOC_SKU_0004,7,1,"[35.0, 8.1]",A3508,35.0,8.1
475,12/11/2018,3780914,SKU_0074,4,REF_SKU_0074,LOC_SKU_0074,8,24,"[40.0, 47.5]",A4048,40.0,47.5
476,12/11/2018,3780454,SKU_0466,1,REF_SKU_0466,LOC_SKU_0466,9,22,"[45.0, 43.9]",A4544,45.0,43.9
477,12/11/2018,3780037,SKU_0002,3,REF_SKU_0002,LOC_SKU_0002,8,15,"[40.0, 32.1]",A4032,40.0,32.1
478,12/11/2018,3780316,SKU_0158,5,REF_SKU_0158,LOC_SKU_0158,7,17,"[35.0, 35.4]",A3535,35.0,35.4
479,12/11/2018,3780688,SKU_0109,2,REF_SKU_0109,LOC_SKU_0109,3,18,"[15.0, 36.7]",A1537,15.0,36.7
480,12/11/2018,3780973,SKU_0002,4,REF_SKU_0002,LOC_SKU_0002,8,15,"[40.0, 32.1]",A4032,40.0,32.1
481,12/11/2018,3780796,SKU_0005,3,REF_SKU_0005,LOC_SKU_0005,8,8,"[40.0, 20.4]",A4020,40.0,20.4
482,12/11/2018,3780965,SKU_0005,3,REF_SKU_0005,LOC_SKU_0005,8,8,"[40.0, 20.4]",A4020,40.0,20.4
483,12/11/2018,3780973,SKU_0406,1,REF_SKU_0406,LOC_SKU_0406,2,5,"[10.0, 13.6]",A1014,10.0,13.6
484,12/11/2018,3780593,SKU_0001,1,REF_SKU_0001,LOC_SKU_0001,7,20,"[35.0, 40.9]",A3541,35.0,40.9
485,12/11/2018,3780114,SKU_0084,2,REF_SKU_0084,LOC_SKU_0084,1,16,"[5.0, 33.7]",A0534,5.0,33.7
486,12/11/2018,3780040,SKU_0003,1,REF_SKU_0003,LOC_SKU_0003,7,11,"[35.0, 25.3]",A3525,35.0,25.3
487,12/11/2018,3780301,SKU_0049,4,REF_SKU_0049,LOC_SKU_0049,8,7,"[40.0, 17.7]",A4018,40.0,17.7
488,12/11/2018,3780224,SKU_0006,4,REF_SKU_0006,LOC_SKU_0006,8,18,"[40.0, 37.0]",A4037,40.0,37.0
489,12/11/2018,3780318,SKU_0016,4,REF_SKU_0016,LOC_SKU_0016,3,22,"[15.0, 43.8]",A1544,15.0,43.8
490,12/11/2018,3780349,SKU_0111,5,REF_SKU_0111,LOC_SKU_0111,6,19,"[30.0, 40.2]",A3040,30.0,40.2
491,12/11/2018,3780115,SKU_0088,4,REF_SKU_0088,LOC_SKU_0088,8,6,"[40.0, 16.1]",A4016,40.0,16.1
492,12/11/2018,3780698,SKU_0148,1,REF_SKU_0148,LOC_SKU_0148,1,21,"[5.0, 43.3]",A0543,5.0,43.3
493,12/11/2018,3780323,SKU_0001,1,REF_SKU_0001,LOC_SKU_0001,7,20,"[35.0, 40.9]",A3541,35.0,40.9
494,12/11/2018,3780568,SKU_0037,4,REF_SKU_0037,LOC_SKU_0037,9,7,"[45.0, 18.7]",A4519,45.0,18.7
495,12/11/2018,3780040,SKU_0001,3,REF_SKU_0001,LOC_SKU_0001,7,20,"[35.0, 40.9]",A3541,35.0,40.9
496,12/11/2018,3780866,SKU_0006,3,REF_SKU_0006,LOC_SKU_0006,8,18,"[40.0, 37.0]",A4037,40.0,37.0
497,12/11/2018,3780040,SKU_0013,3,REF_SKU_0013,LOC_SKU_0013,10,1,"[50.0, 7.6]",A5008,50.0,7.6
498,12/11/2018,3780859,SKU_0005,2,REF_SKU_0005,LOC_SKU_0005,8,8,"[40.0, 20.4]",A4020,40.0,20.4
499,12/11/2018,3780973,SKU_0011,5,REF_SKU_0011,LOC_SKU_0011,10,13,"[50.0, 28.9]",A5029,50.0,28.9
500,12/11/2018,3780749,SKU_0484,4,REF_SKU_0484,LOC_SKU_0484,8,15,"[40.0, 31.6]",A4032,40.0,31.6
501,12/11/2018,3780289,SKU_0001,2,REF_SKU_0001,LOC_SKU_0001,7,20,"[35.0, 40.9]",A3541,35.0,40.9
502,12/11/2018,3780262,SKU_0032,3,REF_SKU_0032,LOC_SKU_0032,8,14,"[40.0, 30.9]",A4031,40.0,30.9
503,12/11/2018,3780216,SKU_0005,4,REF_SKU_0005,LOC_SKU_0005,8,8,"[40.0, 20.4]",A4020,40.0,20.4
504,12/11/2018,3780147,SKU_0001,2,REF_SKU_0001,LOC_SKU_0001,7,20,"[35.0, 40.9]",A3541,35.0,40.9
505,12/11/2018,3780336,SKU_0001,1,REF_SKU_0001,LOC_SKU_0001,7,20,"[35.0, 40.9]",A3541,35.0,40.9
506,12/11/2018,3780168,SKU_0310,3,REF_SKU_0310,LOC_SKU_0310,8,1,"[40.0, 6.5]",A4006,40.0,6.5
507,12/11/2018,3780092,SKU_0166,2,REF_SKU_0166,LOC_SKU_0166,5,11,"[25.0, 25.8]",A2526,25.0,25.8
508,12/11/2018,3780353,SKU_0211,1,REF_SKU_0211,LOC_SKU_0211,2,7,"[10.0, 17.1]",A1017,10.0,17.1
509,12/11/2018,3780571,SKU_0461,3,REF_SKU_0461,LOC_SKU_0461,8,15,"[40.0, 32.6]",A4033,40.0,32.6
510,12/11/2018,3780571,SKU_0002,5,REF_SKU_0002,LOC_SKU_0002,8,15,"[40.0, 32.1]",A4032,40.0,32.1
511,12/11/2018,3780816,SKU_0004,3,REF_SKU_0004,LOC_SKU_0004,7,1,"[35.0, 8.1]",A3508,35.0,8.1
512,12/11/2018,3780681,SKU_0031,5,REF_SKU_0031,LOC_SKU_0031,4,15,"[20.0, 32.1]",A2032,20.0,32.1
513,12/11/2018,3780781,SKU_0009,5,REF_SKU_0009,LOC_SKU_0009,6,0,"[30.0, 5.5]",A3006,30.0,5.5
514,12/11/2018,3780363,SKU_0006,5,REF_SKU_0006,LOC_SKU_0006,8,18,"[40.0, 37.0]",A4037,40.0,37.0
515,12/11/2018,3780557,SKU_0004,4,REF_SKU_0004,LOC_SKU_0004,7,1,"[35.0, 8.1]",A3508,35.0,8.1
516,12/11/2018,3780345,SKU_0018,4,REF_SKU_0018,LOC_SKU_0018,7,0,"[35.0, 6.1]",A3506,35.0,6.1
517,12/11/2018,3780693,SKU_0016,5,REF_SKU_0016,LOC_SKU_0016,3,22,"[15.0, 43.8]",A1544,15.0,43.8
518,12/11/2018,3780170,SKU_0001,1,REF_SKU_0001,LOC_SKU_0001,7,20,"[35.0, 40.9]",A3541,35.0,40.9
519,12/11/2018,3780356,SKU_0008,5,REF_SKU_0008,LOC_SKU_0008,8,21,"[40.0, 42.5]",A4042,40.0,42.5
520,12/11/2018,3780191,SKU_0014,2,REF_SKU_0014,LOC_SKU_0014,3,10,"[15.0, 22.5]",A1522,15.0,22.5
521,12/11/2018,3780667,SKU_0015,5,REF_SKU_0015,LOC_SKU_0015,4,15,"[20.0, 31.9]",A2032,20.0,31.9
522,12/11/2018,3780422,SKU_0002,4,REF_SKU_0002,LOC_SKU_0002,8,15,"[40.0, 32.1]",A4032,40.0,32.1
523,12/11/2018,3780700,SKU_0054,4,REF_SKU_0054,LOC_SKU_0054,7,1,"[35.0, 7.3]",A3507,35.0,7.3
524,12/11/2018,3780007,SKU_0001,2,REF_SKU_0001,LOC_SKU_0001,7,20,"[35.0, 40.9]",A3541,35.0,40.9
525,12/11/2018,3780133,SKU_0004,2,REF_SKU_0004,LOC_SKU_0004,7,1,"[35.0, 8.1]",A3508,35.0,8.1
526,12/11/2018,3780747,SKU_0072,3,REF_SKU_0072,LOC_SKU_0072,9,12,"[45.0, 27.1]",A4527,45.0,27.1
527,12/11/2018,3780557,SKU_0015,1,REF_SKU_0015,LOC_SKU_0015,4,15,"[20.0, 31.9]",A2032,20.0,31.9
528,12/11/2018,3780826,SKU_0002,1,REF_SKU_0002,LOC_SKU_0002,8,15,"[40.0, 32.1]",A4032,40.0,32.1
529,12/11/2018,3780761,SKU_0037,1,REF_SKU_0037,LOC_SKU_0037,9,7,"[45.0, 18.7]",A4519,45.0,18.7
530,12/11/2018,3780031,SKU_0015,4,REF_SKU_0015,LOC_SKU_0015,4,15,"[20.0, 31.9]",A2032,20.0,31.9
531,12/11/2018,3780535,SKU_0082,1,REF_SKU_0082,LOC_SKU_0082,1,24,"[5.0, 49.0]",A0549,5.0,49.0
532,12/11/2018,3780426,SKU_0051,3,REF_SKU_0051,LOC_SKU_0051,5,24,"[25.0, 48.7]",A2549,25.0,48.7
533,12/11/2018,3780394,SKU_0020,3,REF_SKU_0020,LOC_SKU_0020,2,10,"[10.0, 22.7]",A1023,10.0,22.7
534,12/11/2018,3780672,SKU_0009,1,REF_SKU_0009,LOC_SKU_0009,6,0,"[30.0, 5.5]",A3006,30.0,5.5
535,12/11/2018,3780363,SKU_0001,2,REF_SKU_0001,LOC_SKU_0001,7,20,"[35.0, 40.9]",A3541,35.0,40.9
536,12/11/2018,3780437,SKU_0002,3,REF_SKU_0002,LOC_SKU_0002,8,15,"[40.0, 32.1]",A4032,40.0,32.1
537,12/11/2018,3780670,SKU_0006,2,REF_SKU_0006,LOC_SKU_0006,8,18,"[40.0, 37.0]",A4037,40.0,37.0
538,12/11/2018,3780551,SKU_0019,4,REF_SKU_0019,LOC_SKU_0019,9,24,"[45.0, 48.5]",A4548,45.0,48.5
539,12/11/2018,3780927,SKU_0010,3,REF_SKU_0010,LOC_SKU_0010,5,15,"[25.0, 33.0]",A2533,25.0,33.0
540,12/11/2018,3780082,SKU_0003,2,REF_SKU_0003,LOC_SKU_0003,7,11,"[35.0, 25.3]",A3525,35.0,25.3
541,12/11/2018,3780356,SKU_0001,1,REF_SKU_0001,LOC_SKU_0001,7,20,"[35.0, 40.9]",A3541,35.0,40.9
542,12/11/2018,3780258,SKU_0009,4,REF_SKU_0009,LOC_SKU_0009,6,0,"[30.0, 5.5]",A3006,30.0,5.5
543,12/11/2018,3780718,SKU_0003,5,REF_SKU_0003,LOC_SKU_0003,7,11,"[35.0, 25.3]",A3525,35.0,25.3
544,12/11/2018,3780589,SKU_0051,5,REF_SKU_0051,LOC_SKU_0051,5,24,"[25.0, 48.7]",A2549,25.0,48.7
545,12/11/2018,3780989,SKU_0001,1,REF_SKU_0001,LOC_SKU_0001,7,20,"[35.0, 40.9]",A3541,35.0,40.9
546,12/11/2018,3780524,SKU_0017,4,REF_SKU_0017,LOC_SKU_0017,7,4,"[35.0, 13.1]",A3513,35.0,13.1
547,12/11/2018,3780295,SKU_0288,4,REF_SKU_0288,LOC_SKU_0288,2,2,"[10.0, 9.2]",A1009,10.0,9.2
548,12/11/2018,3780962,SKU_0001,4,REF_SKU_0001,LOC_SKU_0001,7,20,"[35.0, 40.9]",A3541,35.0,40.9
549,12/11/2018,3780224,SKU_0008,4,REF_SKU_0008,LOC_SKU_0008,8,21,"[40.0, 42.5]",A4042,40.0,42.5
550,12/11/2018,3780525,SKU_0001,5,REF_SKU_0001,LOC_SKU_0001,7,20,"[35.0, 40.9]",A3541,35.0,40.9
551,12/11/2018,3780046,SKU_0023,2,REF_SKU_0023,LOC_SKU_0023,7,15,"[35.0, 32.6]",A3533,35.0,32.6
552,12/11/2018,3780667,SKU_0013,4,REF_SKU_0013,LOC_SKU_0013,10,1,"[50.0, 7.6]",A5008,50.0,7.6
553,12/11/2018,3780113,SKU_0005,2,REF_SKU_0005,LOC_SKU_0005,8,8,"[40.0, 20.4]",A4020,40.0,20.4
554,12/11/2018,3780233,SKU_0011,4,REF_SKU_0011,LOC_SKU_0011,10,13,"[50.0, 28.9]",A5029,50.0,28.9
555,12/11/2018,3780017,SKU_0192,3,REF_SKU_0192,LOC_SKU_0192,1,12,"[5.0, 26.2]",A0526,5.0,26.2
556,12/11/2018,3780360,SKU_0002,3,REF_SKU_0002,LOC_SKU_0002,8,15,"[40.0, 32.1]",A4032,40.0,32.1
557,12/11/2018,3780223,SKU_0001,3,REF_SKU_0001,LOC_SKU_0001,7,20,"[35.0, 40.9]",A3541,35.0,40.9
558,12/11/2018,3780866,SKU_0142,4,REF_SKU_0142,LOC_SKU_0142,2,14,"[10.0, 30.3]",A1030,10.0,30.3
559,12/11/2018,3780700,SKU_0016,2,REF_SKU_0016,LOC_SKU_0016,3,22,"[15.0, 43.8]",A1544,15.0,43.8
560,12/11/2018,3780448,SKU_0183,5,REF_SKU_0183,LOC_SKU_0183,7,16,"[35.0, 34.7]",A3535,35.0,34.7
561,12/11/2018,3780856,SKU_0018,1,REF_SKU_0018,LOC_SKU_0018,7,0,"[35.0, 6.1]",A3506,35.0,6.1
562,12/11/2018,3780365,SKU_0092,5,REF_SKU_0092,LOC_SKU_0092,1,4,"[5.0, 12.2]",A0512,5.0,12.2
563,12/11/2018,3780675,SKU_0006,4,REF_SKU_0006,LOC_SKU_0006,8,18,"[40.0, 37.0]",A4037,40.0,37.0
564,12/11/2018,3780326,SKU_0057,3,REF_SKU_0057,LOC_SKU_0057,7,12,"[35.0, 26.7]",A3527,35.0,26.7
565,12/11/2018,3780467,SKU_0223,3,REF_SKU_0223,LOC_SKU_0223,7,19,"[35.0, 38.9]",A3539,35.0,38.9
566,12/11/2018,3780414,SKU_0016,2,REF_SKU_0016,LOC_SKU_0016,3,22,"[15.0, 43.8]",A1544,15.0,43.8
567,12/11/2018,3780455,SKU_0001,4,REF_SKU_0001,LOC_SKU_0001,7,20,"[35.0, 40.9]",A3541,35.0,40.9
568,12/11/2018,3780586,SKU_0002,5,REF_SKU_0002,LOC_SKU_0002,8,15,"[40.0, 32.1]",A4032,40.0,32.1
569,12/11/2018,3780233,SKU_0002,4,REF_SKU_0002,LOC_SKU_0002,8,15,"[40.0, 32.1]",A4032,40.0,32.1
570,12/11/2018,3780224,SKU_0002,4,REF_SKU_0002,LOC_SKU_0002,8,15,"[40.0, 32.1]",A4032,40.0,32.1
571,12/11/2018,3780994,SKU_0003,3,REF_SKU_0003,LOC_SKU_0003,7,11,"[35.0, 25.3]",A3525,35.0,25.3
572,12/11/2018,3780831,SKU_0014,5,REF_SKU_0014,LOC_SKU_0014,3,10,"[15.0, 22.5]",A1522,15.0,22.5
573,12/11/2018,3780412,SKU_0017,1,REF_SKU_0017,LOC_SKU_0017,7,4,"[35.0, 13.1]",A3513,35.0,13.1
574,12/11/2018,3780572,SKU_0006,3,REF_SKU_0006,LOC_SKU_0006,8,18,"[40.0, 37.0]",A4037,40.0,37.0
575,12/11/2018,3780335,SKU_0021,5,REF_SKU_0021,LOC_SKU_0021,10,2,"[50.0, 9.8]",A5010,50.0,9.8
576,12/11/2018,3780222,SKU_0001,2,REF_SKU_0001,LOC_SKU_0001,7,20,"[35.0, 40.9]",A3541,35.0,40.9
577,12/11/2018,3780037,SKU_0001,3,REF_SKU_0001,LOC_SKU_0001,7,20,"[35.0, 40.9]",A3541,35.0,40.9
578,12/11/2018,3780989,SKU_0001,2,REF_SKU_0001,LOC_SKU_0001,7,20,"[35.0, 40.9]",A3541,35.0,40.9
579,12/11/2018,3780278,SKU_0011,3,REF_SKU_0011,LOC_SKU_0011,10,13,"[50.0, 28.9]",A5029,50.0,28.9
580,12/11/2018,3780196,SKU_0002,4,REF_SKU_0002,LOC_SKU_0002,8,15,"[40.0, 32.1]",A4032,40.0,32.1
581,12/11/2018,3780916,SKU_0003,5,REF_SKU_0003,LOC_SKU_0003,7,11,"[35.0, 25.3]",A3525,35.0,25.3
582,12/11/2018,3780864,SKU_0005,2,REF_SKU_0005,LOC_SKU_0005,8,8,"[40.0, 20.4]",A4020,40.0,20.4
583,12/11/2018,3780484,SKU_0094,3,REF_SKU_0094,LOC_SKU_0094,3,15,"[15.0, 31.8]",A1532,15.0,31.8
584,12/11/2018,3780242,SKU_0001,2,REF_SKU_0001,LOC_SKU_0001,7,20,"[35.0, 40.9]",A3541,35.0,40.9
585,12/11/2018,3780324,SKU_0027,3,REF_SKU_0027,LOC_SKU_0027,6,5,"[30.0, 14.8]",A3015,30.0,14.8
586,12/11/2018,3780731,SKU_0031,3,REF_SKU_0031,LOC_SKU_0031,4,15,"[20.0, 32.1]",A2032,20.0,32.1
587,12/11/2018,3780192,SKU_0084,1,REF_SKU_0084,LOC_SKU_0084,1,16,"[5.0, 33.7]",A0534,5.0,33.7
588,12/11/2018,3780017,SKU_0266,1,REF_SKU_0266,LOC_SKU_0266,5,1,"[25.0, 7.4]",A2507,25.0,7.4
589,12/11/2018,3780524,SKU_0001,1,REF_SKU_0001,LOC_SKU_0001,7,20,"[35.0, 40.9]",A3541,35.0,40.9
590,12/11/2018,3780918,SKU_0001,2,REF_SKU_0001,LOC_SKU_0001,7,20,"[35.0, 40.9]",A3541,35.0,40.9
591,12/11/2018,3780401,SKU_0175,4,REF_SKU_0175,LOC_SKU_0175,10,24,"[50.0, 48.3]",A5048,50.0,48.3
592,12/11/2018,3780906,SKU_0007,3,REF_SKU_0007,LOC_SKU_0007,6,1,"[30.0, 8.0]",A3008,30.0,8.0
593,12/11/2018,3780886,SKU_0015,5,REF_SKU_0015,LOC_SKU_0015,4,15,"[20.0, 31.9]",A2032,20.0,31.9
594,12/11/2018,3780705,SKU_0030,1,REF_SKU_0030,LOC_SKU_0030,2,10,"[10.0, 23.1]",A1023,10.0,23.1
595,12/11/2018,3780022,SKU_0033,2,REF_SKU_0033,LOC_SKU_0033,9,24,"[45.0, 48.3]",A4548,45.0,48.3
596,12/11/2018,3780474,SKU_0264,2,REF_SKU_0264,LOC_SKU_0264,1,6,"[5.0, 15.5]",A0516,5.0,15.5
597,12/11/2018,3780120,SKU_0486,2,REF_SKU_0486,LOC_SKU_0486,2,13,"[10.0, 28.8]",A1029,10.0,28.8
598,12/11/2018,3780210,SKU_0045,5,REF_SKU_0045,LOC_SKU_0045,7,21,"[35.0, 43.3]",A3543,35.0,43.3
599,12/11/2018,3780306,SKU_0003,5,REF_SKU_0003,LOC_SKU_0003,7,11,"[35.0, 25.3]",A3525,35.0,25.3
600,12/11/2018,3780270,SKU_0166,1,REF_SKU_0166,LOC_SKU_0166,5,11,"[25.0, 25.8]",A2526,25.0,25.8
601,12/11/2018,3780704,SKU_0001,5,REF_SKU_0001,LOC_SKU_0001,7,20,"[35.0, 40.9]",A3541,35.0,40.9
602,12/11/2018,3780687,SKU_0002,1,REF_SKU_0002,LOC_SKU_0002,8,15,"[40.0, 32.1]",A4032,40.0,32.1
603,12/11/2018,3780285,SKU_0194,5,REF_SKU_0194,LOC_SKU_0194,10,24,"[50.0, 47.7]",A5048,50.0,47.7
604,12/11/2018,3780716,SKU_0002,5,REF_SKU_0002,LOC_SKU_0002,8,15,"[40.0, 32.1]",A4032,40.0,32.1
605,12/11/2018,3780676,SKU_0002,5,REF_SKU_0002,LOC_SKU_0002,8,15,"[40.0, 32.1]",A4032,40.0,32.1
606,12/11/2018,3780763,SKU_0001,1,REF_SKU_0001,LOC_SKU_0001,7,20,"[35.0, 40.9]",A3541,35.0,40.9
607,12/11/2018,3780227,SKU_0139,3,REF_SKU_0139,LOC_SKU_0139,4,7,"[20.0, 18.6]",A2019,20.0,18.6
608,12/11/2018,3780948,SKU_0010,1,REF_SKU_0010,LOC_SKU_0010,5,15,"[25.0, 33.0]",A2533,25.0,33.0
609,12/11/2018,3780381,SKU_0032,3,REF_SKU_0032,LOC_SKU_0032,8,14,"[40.0, 30.9]",A4031,40.0,30.9
610,12/11/2018,3780460,SKU_0002,2,REF_SKU_0002,LOC_SKU_0002,8,15,"[40.0, 32.1]",A4032,40.0,32.1
611,12/11/2018,3780007,SKU_0061,2,REF_SKU_0061,LOC_SKU_0061,7,7,"[35.0, 18.4]",A3518,35.0,18.4
612,12/11/2018,3780029,SKU_0062,1,REF_SKU_0062,LOC_SKU_0062,6,22,"[30.0, 44.7]",A3045,30.0,44.7
613,12/11/2018,3780907,SKU_0003,3,REF_SKU_0003,LOC_SKU_0003,7,11,"[35.0, 25.3]",A3525,35.0,25.3
614,12/11/2018,3780033,SKU_0005,3,REF_SKU_0005,LOC_SKU_0005,8,8,"[40.0, 20.4]",A4020,40.0,20.4
615,12/11/2018,3780646,SKU_0002,3,REF_SKU_0002,LOC_SKU_0002,8,15,"[40.0, 32.1]",A4032,40.0,32.1
616,12/11/2018,3780879,SKU_0400,2,REF_SKU_0400,LOC_SKU_0400,9,15,"[45.0, 32.0]",A4532,45.0,32.0
617,12/11/2018,3780079,SKU_0026,1,REF_SKU_0026,LOC_SKU_0026,8,19,"[40.0, 39.1]",A4039,40.0,39.1
618,12/11/2018,3780928,SKU_0270,4,REF_SKU_0270,LOC_SKU_0270,2,4,"[10.0, 12.9]",A1013,10.0,12.9
619,12/11/2018,3780947,SKU_0003,3,REF_SKU_0003,LOC_SKU_0003,7,11,"[35.0, 25.3]",A3525,35.0,25.3
620,12/11/2018,3780459,SKU_0073,3,REF_SKU_0073,LOC_SKU_0073,1,3,"[5.0, 10.8]",A0511,5.0,10.8
621,12/11/2018,3780570,SKU_0065,4,REF_SKU_0065,LOC_SKU_0065,4,22,"[20.0, 45.2]",A2045,20.0,45.2
622,12/11/2018,3780983,SKU_0037,1,REF_SKU_0037,LOC_SKU_0037,9,7,"[45.0, 18.7]",A4519,45.0,18.7
623,12/11/2018,3780538,SKU_0361,3,REF_SKU_0361,LOC_SKU_0361,1,5,"[5.0, 14.9]",A0515,5.0,14.9
624,12/11/2018,3780482,SKU_0005,1,REF_SKU_0005,LOC_SKU_0005,8,8,"[40.0, 20.4]",A4020,40.0,20.4
625,12/11/2018,3780430,SKU_0001,3,REF_SKU_0001,LOC_SKU_0001,7,20,"[35.0, 40.9]",A3541,35.0,40.9
626,12/11/2018,3780738,SKU_0031,5,REF_SKU_0031,LOC_SKU_0031,4,15,"[20.0, 32.1]",A2032,20.0,32.1
627,12/11/2018,3780285,SKU_0049,3,REF_SKU_0049,LOC_SKU_0049,8,7,"[40.0, 17.7]",A4018,40.0,17.7
628,12/11/2018,3780516,SKU_0016,5,REF_SKU_0016,LOC_SKU_0016,3,22,"[15.0, 43.8]",A1544,15.0,43.8
629,12/11/2018,3780977,SKU_0002,1,REF_SKU_0002,LOC_SKU_0002,8,15,"[40.0, 32.1]",A4032,40.0,32.1
630,12/11/2018,3780099,SKU_0010,3,REF_SKU_0010,LOC_SKU_0010,5,15,"[25.0, 33.0]",A2533,25.0,33.0
631,12/11/2018,3780397,SKU_0003,2,REF_SKU_0003,LOC_SKU_0003,7,11,"[35.0, 25.3]",A3525,35.0,25.3
632,12/11/2018,3780489,SKU_0006,2,REF_SKU_0006,LOC_SKU_0006,8,18,"[40.0, 37.0]",A4037,40.0,37.0
633,12/11/2018,3780039,SKU_0026,4,REF_SKU_0026,LOC_SKU_0026,8,19,"[40.0, 39.1]",A4039,40.0,39.1
634,12/11/2018,3780271,SKU_0055,2,REF_SKU_0055,LOC_SKU_0055,10,1,"[50.0, 6.6]",A5007,50.0,6.6
635,12/11/2018,3780887,SKU_0002,5,REF_SKU_0002,LOC_SKU_0002,8,15,"[40.0, 32.1]",A4032,40.0,32.1
636,12/11/2018,3780797,SKU_0005,2,REF_SKU_0005,LOC_SKU_0005,8,8,"[40.0, 20.4]",A4020,40.0,20.4
637,12/11/2018,3780157,SKU_0002,2,REF_SKU_0002,LOC_SKU_0002,8,15,"[40.0, 32.1]",A4032,40.0,32.1
638,12/11/2018,3780075,SKU_0002,2,REF_SKU_0002,LOC_SKU_0002,8,15,"[40.0, 32.1]",A4032,40.0,32.1
639,12/11/2018,3780884,SKU_0074,3,REF_SKU_0074,LOC_SKU_0074,8,24,"[40.0, 47.5]",A4048,40.0,47.5
640,12/11/2018,3780800,SKU_0215,4,REF_SKU_0215,LOC_SKU_0215,5,24,"[25.0, 48.6]",A2549,25.0,48.6
641,12/11/2018,3780130,SKU_0004,1,REF_SKU_0004,LOC_SKU_0004,7,1,"[35.0, 8.1]",A3508,35.0,8.1
642,12/11/2018,3780687,SKU_0058,4,REF_SKU_0058,LOC_SKU_0058,4,23,"[20.0, 45.9]",A2046,20.0,45.9
643,12/11/2018,3780974,SKU_0193,5,REF_SKU_0193,LOC_SKU_0193,5,10,"[25.0, 23.2]",A2523,25.0,23.2
644,12/11/2018,3780084,SKU_0124,3,REF_SKU_0124,LOC_SKU_0124,7,18,"[35.0, 37.6]",A3538,35.0,37.6
645,12/11/2018,3780022,SKU_0001,3,REF_SKU_0001,LOC_SKU_0001,7,20,"[35.0, 40.9]",A3541,35.0,40.9
646,12/11/2018,3780459,SKU_0330,2,REF_SKU_0330,LOC_SKU_0330,2,8,"[10.0, 20.1]",A1020,10.0,20.1
647,12/11/2018,3780539,SKU_0004,2,REF_SKU_0004,LOC_SKU_0004,7,1,"[35.0, 8.1]",A3508,35.0,8.1
648,12/11/2018,3780707,SKU_0004,5,REF_SKU_0004,LOC_SKU_0004,7,1,"[35.0, 8.1]",A3508,35.0,8.1
649,12/11/2018,3780849,SKU_0001,3,REF_SKU_0001,LOC_SKU_0001,7,20,"[35.0, 40.9]",A3541,35.0,40.9
650,12/11/2018,3780382,SKU_0009,1,REF_SKU_0009,LOC_SKU_0009,6,0,"[30.0, 5.5]",A3006,30.0,5.5
651,12/11/2018,3780748,SKU_0001,4,REF_SKU_0001,LOC_SKU_0001,7,20,"[35.0, 40.9]",A3541,35.0,40.9
652,12/11/2018,3780440,SKU_0002,3,REF_SKU_0002,LOC_SKU_0002,8,15,"[40.0, 32.1]",A4032,40.0,32.1
653,12/11/2018,3780604,SKU_0003,1,REF_SKU_0003,LOC_SKU_0003,7,11,"[35.0, 25.3]",A3525,35.0,25.3
654,12/11/2018,3780989,SKU_0091,1,REF_SKU_0091,LOC_SKU_0091,6,13,"[30.0, 29.3]",A3029,30.0,29.3
655,12/11/2018,3780021,SKU_0160,4,REF_SKU_0160,LOC_SKU_0160,6,15,"[30.0, 31.8]",A3032,30.0,31.8
656,12/11/2018,3780303,SKU_0003,1,REF_SKU_0003,LOC_SKU_0003,7,11,"[35.0, 25.3]",A3525,35.0,25.3
657,12/11/2018,3780976,SKU_0138,5,REF_SKU_0138,LOC_SKU_0138,3,24,"[15.0, 49.1]",A1549,15.0,49.1
658,12/11/2018,3780869,SKU_0137,1,REF_SKU_0137,LOC_SKU_0137,1,14,"[5.0, 30.1]",A0530,5.0,30.1
659,12/11/2018,3780955,SKU_0064,5,REF_SKU_0064,LOC_SKU_0064,9,3,"[45.0, 10.2]",A4510,45.0,10.2
660,12/11/2018,3780084,SKU_0001,1,REF_SKU_0001,LOC_SKU_0001,7,20,"[35.0, 40.9]",A3541,35.0,40.9
661,12/11/2018,3780774,SKU_0036,2,REF_SKU_0036,LOC_SKU_0036,8,9,"[40.0, 21.4]",A4021,40.0,21.4
662,12/11/2018,3780659,SKU_0298,1,REF_SKU_0298,LOC_SKU_0298,1,0,"[5.0, 6.1]",A0506,5.0,6.1
663,12/11/2018,3780953,SKU_0034,5,REF_SKU_0034,LOC_SKU_0034,5,10,"[25.0, 22.8]",A2523,25.0,22.8
664,12/11/2018,3780453,SKU_0003,1,REF_SKU_0003,LOC_SKU_0003,7,11,"[35.0, 25.3]",A3525,35.0,25.3
665,12/11/2018,3780387,SKU_0010,1,REF_SKU_0010,LOC_SKU_0010,5,15,"[25.0, 33.0]",A2533,25.0,33.0
666,12/11/2018,3780507,SKU_0026,1,REF_SKU_0026,LOC_SKU_0026,8,19,"[40.0, 39.1]",A4039,40.0,39.1
667,12/11/2018,3780257,SKU_0010,5,REF_SKU_0010,LOC_SKU_0010,5,15,"[25.0, 33.0]",A2533,25.0,33.0
668,12/11/2018,3780570,SKU_0001,1,REF_SKU_0001,LOC_SKU_0001,7,20,"[35.0, 40.9]",A3541,35.0,40.9
669,12/11/2018,3780892,SKU_0003,4,REF_SKU_0003,LOC_SKU_0003,7,11,"[35.0, 25.3]",A3525,35.0,25.3
670,12/11/2018,3780934,SKU_0087,4,REF_SKU_0087,LOC_SKU_0087,7,17,"[35.0, 35.4]",A3535,35.0,35.4
671,12/11/2018,3780527,SKU_0142,5,REF_SKU_0142,LOC_SKU_0142,2,14,"[10.0, 30.3]",A1030,10.0,30.3
672,12/11/2018,3780162,SKU_0001,2,REF_SKU_0001,LOC_SKU_0001,7,20,"[35.0, 40.9]",A3541,35.0,40.9
673,12/11/2018,3780957,SKU_0319,4,REF_SKU_0319,LOC_SKU_0319,2,9,"[10.0, 21.1]",A1021,10.0,21.1
674,12/11/2018,3780163,SKU_0003,3,REF_SKU_0003,LOC_SKU_0003,7,11,"[35.0, 25.3]",A3525,35.0,25.3
675,12/11/2018,3780832,SKU_0029,4,REF_SKU_0029,LOC_SKU_0029,2,19,"[10.0, 40.0]",A1040,10.0,40.0
676,12/11/2018,3780793,SKU_0058,3,REF_SKU_0058,LOC_SKU_0058,4,23,"[20.0, 45.9]",A2046,20.0,45.9
677,12/11/2018,3780792,SKU_0094,5,REF_SKU_0094,LOC_SKU_0094,3,15,"[15.0, 31.8]",A1532,15.0,31.8
678,12/11/2018,3780524,SKU_0300,2,REF_SKU_0300,LOC_SKU_0300,1,13,"[5.0, 29.3]",A0529,5.0,29.3
679,12/11/2018,3780786,SKU_0003,3,REF_SKU_0003,LOC_SKU_0003,7,11,"[35.0, 25.3]",A3525,35.0,25.3
680,12/11/2018,3780271,SKU_0138,3,REF_SKU_0138,LOC_SKU_0138,3,24,"[15.0, 49.1]",A1549,15.0,49.1
681,12/11/2018,3780492,SKU_0001,4,REF_SKU_0001,LOC_SKU_0001,7,20,"[35.0, 40.9]",A3541,35.0,40.9
682,12/11/2018,3780208,SKU_0040,3,REF_SKU_0040,LOC_SKU_0040,8,0,"[40.0, 5.7]",A4006,40.0,5.7
683,12/11/2018,3780539,SKU_0054,5,REF_SKU_0054,LOC_SKU_0054,7,1,"[35.0, 7.3]",A3507,35.0,7.3
684,12/11/2018,3780584,SKU_0033,5,REF_SKU_0033,LOC_SKU_0033,9,24,"[45.0, 48.3]",A4548,45.0,48.3
685,12/11/2018,3780060,SKU_0002,5,REF_SKU_0002,LOC_SKU_0002,8,15,"[40.0, 32.1]",A4032,40.0,32.1
686,12/11/2018,3780430,SKU_0157,4,REF_SKU_0157,LOC_SKU_0157,2,2,"[10.0, 9.7]",A1010,10.0,9.7
687,12/11/2018,3780985,SKU_0001,2,REF_SKU_0001,LOC_SKU_0001,7,20,"[35.0, 40.9]",A3541,35.0,40.9
688,12/11/2018,3780657,SKU_0001,4,REF_SKU_0001,LOC_SKU_0001,7,20,"[35.0, 40.9]",A3541,35.0,40.9
689,12/11/2018,3780605,SKU_0044,5,REF_SKU_0044,LOC_SKU_0044,10,3,"[50.0, 10.7]",A5011,50.0,10.7
690,12/11/2018,3780309,SKU_0008,4,REF_SKU_0008,LOC_SKU_0008,8,21,"[40.0, 42.5]",A4042,40.0,42.5
691,12/11/2018,3780520,SKU_0128,5,REF_SKU_0128,LOC_SKU_0128,6,24,"[30.0, 49.1]",A3049,30.0,49.1
692,12/11/2018,3780591,SKU_0005,1,REF_SKU_0005,LOC_SKU_0005,8,8,"[40.0, 20.4]",A4020,40.0,20.4
693,12/11/2018,3780027,SKU_0001,1,REF_SKU_0001,LOC_SKU_0001,7,20,"[35.0, 40.9]",A3541,35.0,40.9
694,12/11/2018,3780686,SKU_0115,3,REF_SKU_0115,LOC_SKU_0115,3,9,"[15.0, 22.1]",A1522,15.0,22.1
695,12/11/2018,3780562,SKU_0013,2,REF_SKU_0013,LOC_SKU_0013,10,1,"[50.0, 7.6]",A5008,50.0,7.6
696,12/11/2018,3780199,SKU_0001,1,REF_SKU_0001,LOC_SKU_0001,7,20,"[35.0, 40.9]",A3541,35.0,40.9
697,12/11/2018,3780387,SKU_0045,5,REF_SKU_0045,LOC_SKU_0045,7,21,"[35.0, 43.3]",A3543,35.0,43.3
698,12/11/2018,3780349,SKU_0010,4,REF_SKU_0010,LOC_SKU_0010,5,15,"[25.0, 33.0]",A2533,25.0,33.0
699,12/11/2018,3780960,SKU_0019,4,REF_SKU_0019,LOC_SKU_0019,9,24,"[45.0, 48.5]",A4548,45.0,48.5
700,12/11/2018,3780940,SKU_0007,3,REF_SKU_0007,LOC_SKU_0007,6,1,"[30.0, 8.0]",A3008,30.0,8.0
701,12/11/2018,3780693,SKU_0108,4,REF_SKU_0108,LOC_SKU_0108,7,8,"[35.0, 20.6]",A3521,35.0,20.6
702,12/11/2018,3780536,SKU_0108,1,REF_SKU_0108,LOC_SKU_0108,7,8,"[35.0, 20.6]",A3521,35.0,20.6
703,12/11/2018,3780828,SKU_0042,4,REF_SKU_0042,LOC_SKU_0042,3,20,"[15.0, 40.7]",A1541,15.0,40.7
704,12/11/2018,3780378,SKU_0001,1,REF_SKU_0001,LOC_SKU_0001,7,20,"[35.0, 40.9]",A3541,35.0,40.9
705,12/11/2018,3780899,SKU_0117,1,REF_SKU_0117,LOC_SKU_0117,2,4,"[10.0, 12.7]",A1013,10.0,12.7
706,12/11/2018,3780916,SKU_0031,2,REF_SKU_0031,LOC_SKU_0031,4,15,"[20.0, 32.1]",A2032,20.0,32.1
707,12/11/2018,3780558,SKU_0038,3,REF_SKU_0038,LOC_SKU_0038,1,0,"[5.0, 6.2]",A0506,5.0,6.2
708,12/11/2018,3780527,SKU_0004,5,REF_SKU_0004,LOC_SKU_0004,7,1,"[35.0, 8.1]",A3508,35.0,8.1
709,12/11/2018,3780153,SKU_0165,1,REF_SKU_0165,LOC_SKU_0165,5,7,"[25.0, 17.6]",A2518,25.0,17.6
710,12/11/2018,3780734,SKU_0047,3,REF_SKU_0047,LOC_SKU_0047,7,8,"[35.0, 19.3]",A3519,35.0,19.3
711,12/11/2018,3780206,SKU_0001,5,REF_SKU_0001,LOC_SKU_0001,7,20,"[35.0, 40.9]",A3541,35.0,40.9
712,12/11/2018,3780455,SKU_0005,4,REF_SKU_0005,LOC_SKU_0005,8,8,"[40.0, 20.4]",A4020,40.0,20.4
713,12/11/2018,3780273,SKU_0176,3,REF_SKU_0176,LOC_SKU_0176,7,11,"[35.0, 24.6]",A3525,35.0,24.6
714,12/11/2018,3780894,SKU_0001,3,REF_SKU_0001,LOC_SKU_0001,7,20,"[35.0, 40.9]",A3541,35.0,40.9
715,12/11/2018,3780236,SKU_0347,3,REF_SKU_0347,LOC_SKU_0347,8,22,"[40.0, 44.4]",A4044,40.0,44.4
716,12/11/2018,3780852,SKU_0033,4,REF_SKU_0033,LOC_SKU_0033,9,24,"[45.0, 48.3]",A4548,45.0,48.3
717,12/11/2018,3780740,SKU_0023,4,REF_SKU_0023,LOC_SKU_0023,7,15,"[35.0, 32.6]",A3533,35.0,32.6
718,12/11/2018,3780521,SKU_0002,3,REF_SKU_0002,LOC_SKU_0002,8,15,"[40.0, 32.1]",A4032,40.0,32.1
719,12/11/2018,3780678,SKU_0002,2,REF_SKU_0002,LOC_SKU_0002,8,15,"[40.0, 32.1]",A4032,40.0,32.1
720,12/11/2018,3780944,SKU_0290,1,REF_SKU_0290,LOC_SKU_0290,5,1,"[25.0, 6.7]",A2507,25.0,6.7
721,12/11/2018,3780956,SKU_0003,4,REF_SKU_0003,LOC_SKU_0003,7,11,"[35.0, 25.3]",A3525,35.0,25.3
722,12/11/2018,3780831,SKU_0070,2,REF_SKU_0070,LOC_SKU_0070,9,8,"[45.0, 19.1]",A4519,45.0,19.1
723,12/11/2018,3780726,SKU_0005,4,REF_SKU_0005,LOC_SKU_0005,8,8,"[40.0, 20.4]",A4020,40.0,20.4
724,12/11/2018,3780501,SKU_0001,3,REF_SKU_0001,LOC_SKU_0001,7,20,"[35.0, 40.9]",A3541,35.0,40.9
725,12/11/2018,3780117,SKU_0001,2,REF_SKU_0001,LOC_SKU_0001,7,20,"[35.0, 40.9]",A3541,35.0,40.9
726,12/11/2018,3780386,SKU_0013,5,REF_SKU_0013,LOC_SKU_0013,10,1,"[50.0, 7.6]",A5008,50.0,7.6
727,12/11/2018,3780344,SKU_0397,1,REF_SKU_0397,LOC_SKU_0397,2,8,"[10.0, 19.8]",A1020,10.0,19.8
728,12/11/2018,3780584,SKU_0004,1,REF_SKU_0004,LOC_SKU_0004,7,1,"[35.0, 8.1]",A3508,35.0,8.1
729,12/11/2018,3780395,SKU_0004,4,REF_SKU_0004,LOC_SKU_0004,7,1,"[35.0, 8.1]",A3508,35.0,8.1
730,12/11/2018,3780064,SKU_0004,1,REF_SKU_0004,LOC_SKU_0004,7,1,"[35.0, 8.1]",A3508,35.0,8.1
731,12/11/2018,3780717,SKU_0011,5,REF_SKU_0011,LOC_SKU_0011,10,13,"[50.0, 28.9]",A5029,50.0,28.9
732,12/11/2018,3780721,SKU_0007,2,REF_SKU_0007,LOC_SKU_0007,6,1,"[30.0, 8.0]",A3008,30.0,8.0
733,12/11/2018,3780072,SKU_0166,2,REF_SKU_0166,LOC_SKU_0166,5,11,"[25.0, 25.8]",A2526,25.0,25.8
734,12/11/2018,3780789,SKU_0010,3,REF_SKU_0010,LOC_SKU_0010,5,15,"[25.0, 33.0]",A2533,25.0,33.0
735,12/11/2018,3780274,SKU_0010,2,REF_SKU_0010,LOC_SKU_0010,5,15,"[25.0, 33.0]",A2533,25.0,33.0
736,12/11/2018,3780990,SKU_0001,4,REF_SKU_0001,LOC_SKU_0001,7,20,"[35.0, 40.9]",A3541,35.0,40.9
737,12/11/2018,3780320,SKU_0424,5,REF_SKU_0424,LOC_SKU_0424,6,8,"[30.0, 20.3]",A3020,30.0,20.3
738,12/11/2018,3780338,SKU_0002,3,REF_SKU_0002,LOC_SKU_0002,8,15,"[40.0, 32.1]",A4032,40.0,32.1
739,12/11/2018,3780366,SKU_0001,4,REF_SKU_0001,LOC_SKU_0001,7,20,"[35.0, 40.9]",A3541,35.0,40.9
740,12/11/2018,3780495,SKU_0030,4,REF_SKU_0030,LOC_SKU_0030,2,10,"[10.0, 23.1]",A1023,10.0,23.1
741,12/11/2018,3780607,SKU_0018,4,REF_SKU_0018,LOC_SKU_0018,7,0,"[35.0, 6.1]",A3506,35.0,6.1
742,12/11/2018,3780166,SKU_0006,1,REF_SKU_0006,LOC_SKU_0006,8,18,"[40.0, 37.0]",A4037,40.0,37.0
743,12/11/2018,3780544,SKU_0006,4,REF_SKU_0006,LOC_SKU_0006,8,18,"[40.0, 37.0]",A4037,40.0,37.0
744,12/11/2018,3780011,SKU_0075,1,REF_SKU_0075,LOC_SKU_0075,6,5,"[30.0, 15.2]",A3015,30.0,15.2
745,12/11/2018,3780301,SKU_0002,2,REF_SKU_0002,LOC_SKU_0002,8,15,"[40.0, 32.1]",A4032,40.0,32.1
746,12/11/2018,3780729,SKU_0100,1,REF_SKU_0100,LOC_SKU_0100,2,21,"[10.0, 42.8]",A1043,10.0,42.8
747,12/11/2018,3780801,SKU_0027,4,REF_SKU_0027,LOC_SKU_0027,6,5,"[30.0, 14.8]",A3015,30.0,14.8
748,12/11/2018,3780102,SKU_0006,5,REF_SKU_0006,LOC_SKU_0006,8,18,"[40.0, 37.0]",A4037,40.0,37.0
749,12/11/2018,3780425,SKU_0007,5,REF_SKU_0007,LOC_SKU_0007,6,1,"[30.0, 8.0]",A3008,30.0,8.0
750,12/11/2018,3780392,SKU_0002,2,REF_SKU_0002,LOC_SKU_0002,8,15,"[40.0, 32.1]",A4032,40.0,32.1
751,12/11/2018,3780779,SKU_0058,4,REF_SKU_0058,LOC_SKU_0058,4,23,"[20.0, 45.9]",A2046,20.0,45.9
752,12/11/2018,3780214,SKU_0010,1,REF_SKU_0010,LOC_SKU_0010,5,15,"[25.0, 33.0]",A2533,25.0,33.0
753,12/11/2018,3780691,SKU_0003,5,REF_SKU_0003,LOC_SKU_0003,7,11,"[35.0, 25.3]",A3525,35.0,25.3
754,12/11/2018,3780088,SKU_0018,3,REF_SKU_0018,LOC_SKU_0018,7,0,"[35.0, 6.1]",A3506,35.0,6.1
755,12/11/2018,3780553,SKU_0480,4,REF_SKU_0480,LOC_SKU_0480,1,8,"[5.0, 19.3]",A0519,5.0,19.3
756,12/11/2018,3780401,SKU_0006,4,REF_SKU_0006,LOC_SKU_0006,8,18,"[40.0, 37.0]",A4037,40.0,37.0
757,12/11/2018,3780588,SKU_0238,3,REF_SKU_0238,LOC_SKU_0238,10,11,"[50.0, 25.1]",A5025,50.0,25.1
758,12/11/2018,3780889,SKU_0004,5,REF_SKU_0004,LOC_SKU_0004,7,1,"[35.0, 8.1]",A3508,35.0,8.1
759,12/11/2018,3780046,SKU_0001,3,REF_SKU_0001,LOC_SKU_0001,7,20,"[35.0, 40.9]",A3541,35.0,40.9
760,12/11/2018,3780672,SKU_0002,2,REF_SKU_0002,LOC_SKU_0002,8,15,"[40.0, 32.1]",A4032,40.0,32.1
761,12/11/2018,3780463,SKU_0006,1,REF_SKU_0006,LOC_SKU_0006,8,18,"[40.0, 37.0]",A4037,40.0,37.0
762,12/11/2018,3780592,SKU_0002,1,REF_SKU_0002,LOC_SKU_0002,8,15,"[40.0, 32.1]",A4032,40.0,32.1
763,12/11/2018,3780310,SKU_0001,5,REF_SKU_0001,LOC_SKU_0001,7,20,"[35.0, 40.9]",A3541,35.0,40.9
764,12/11/2018,3780086,SKU_0227,3,REF_SKU_0227,LOC_SKU_0227,6,7,"[30.0, 18.7]",A3019,30.0,18.7
765,12/11/2018,3780092,SKU_0122,4,REF_SKU_0122,LOC_SKU_0122,5,4,"[25.0, 13.5]",A2514,25.0,13.5
766,12/11/2018,3780660,SKU_0054,4,REF_SKU_0054,LOC_SKU_0054,7,1,"[35.0, 7.3]",A3507,35.0,7.3
767,12/11/2018,3780673,SKU_0001,4,REF_SKU_0001,LOC_SKU_0001,7,20,"[35.0, 40.9]",A3541,35.0,40.9
768,12/11/2018,3780714,SKU_0001,2,REF_SKU_0001,LOC_SKU_0001,7,20,"[35.0, 40.9]",A3541,35.0,40.9
769,12/11/2018,3780936,SKU_0001,2,REF_SKU_0001,LOC_SKU_0001,7,20,"[35.0, 40.9]",A3541,35.0,40.9
770,12/11/2018,3780928,SKU_0047,4,REF_SKU_0047,LOC_SKU_0047,7,8,"[35.0, 19.3]",A3519,35.0,19.3
771,12/11/2018,3780242,SKU_0257,5,REF_SKU_0257,LOC_SKU_0257,2,12,"[10.0, 26.4]",A1026,10.0,26.4
772,12/11/2018,3780865,SKU_0006,2,REF_SKU_0006,LOC_SKU_0006,8,18,"[40.0, 37.0]",A4037,40.0,37.0
773,12/11/2018,3780002,SKU_0001,2,REF_SKU_0001,LOC_SKU_0001,7,20,"[35.0, 40.9]",A3541,35.0,40.9
774,12/11/2018,3780225,SKU_0010,1,REF_SKU_0010,LOC_SKU_0010,5,15,"[25.0, 33.0]",A2533,25.0,33.0
775,12/11/2018,3780801,SKU_0004,1,REF_SKU_0004,LOC_SKU_0004,7,1,"[35.0, 8.1]",A3508,35.0,8.1
776,12/11/2018,3780745,SKU_0004,5,REF_SKU_0004,LOC_SKU_0004,7,1,"[35.0, 8.1]",A3508,35.0,8.1
777,12/11/2018,3780973,SKU_0022,2,REF_SKU_0022,LOC_SKU_0022,4,6,"[20.0, 16.2]",A2016,20.0,16.2
778,12/11/2018,3780926,SKU_0045,2,REF_SKU_0045,LOC_SKU_0045,7,21,"[35.0, 43.3]",A3543,35.0,43.3
779,12/11/2018,3780929,SKU_0001,3,REF_SKU_0001,LOC_SKU_0001,7,20,"[35.0, 40.9]",A3541,35.0,40.9
780,12/11/2018,3780589,SKU_0001,5,REF_SKU_0001,LOC_SKU_0001,7,20,"[35.0, 40.9]",A3541,35.0,40.9
781,12/11/2018,3780116,SKU_0474,5,REF_SKU_0474,LOC_SKU_0474,6,6,"[30.0, 15.3]",A3015,30.0,15.3
782,12/11/2018,3780666,SKU_0002,3,REF_SKU_0002,LOC_SKU_0002,8,15,"[40.0, 32.1]",A4032,40.0,32.1
783,12/11/2018,3780918,SKU_0001,3,REF_SKU_0001,LOC_SKU_0001,7,20,"[35.0, 40.9]",A3541,35.0,40.9
784,12/11/2018,3780103,SKU_0001,1,REF_SKU_0001,LOC_SKU_0001,7,20,"[35.0, 40.9]",A3541,35.0,40.9
785,12/11/2018,3780194,SKU_0001,5,REF_SKU_0001,LOC_SKU_0001,7,20,"[35.0, 40.9]",A3541,35.0,40.9
786,12/11/2018,3780166,SKU_0005,5,REF_SKU_0005,LOC_SKU_0005,8,8,"[40.0, 20.4]",A4020,40.0,20.4
787,12/11/2018,3780871,SKU_0087,3,REF_SKU_0087,LOC_SKU_0087,7,17,"[35.0, 35.4]",A3535,35.0,35.4
788,12/11/2018,3780090,SKU_0004,4,REF_SKU_0004,LOC_SKU_0004,7,1,"[35.0, 8.1]",A3508,35.0,8.1
789,12/11/2018,3780686,SKU_0007,4,REF_SKU_0007,LOC_SKU_0007,6,1,"[30.0, 8.0]",A3008,30.0,8.0
790,12/11/2018,3780122,SKU_0032,1,REF_SKU_0032,LOC_SKU_0032,8,14,"[40.0, 30.9]",A4031,40.0,30.9
791,12/11/2018,3780143,SKU_0010,4,REF_SKU_0010,LOC_SKU_0010,5,15,"[25.0, 33.0]",A2533,25.0,33.0
792,12/11/2018,3780994,SKU_0142,4,REF_SKU_0142,LOC_SKU_0142,2,14,"[10.0, 30.3]",A1030,10.0,30.3
793,12/11/2018,3780106,SKU_0147,4,REF_SKU_0147,LOC_SKU_0147,10,22,"[50.0, 44.5]",A5044,50.0,44.5
794,12/11/2018,3780887,SKU_0001,2,REF_SKU_0001,LOC_SKU_0001,7,20,"[35.0, 40.9]",A3541,35.0,40.9
795,12/11/2018,3780428,SKU_0071,1,REF_SKU_0071,LOC_SKU_0071,6,13,"[30.0, 28.2]",A3028,30.0,28.2
796,12/11/2018,3780305,SKU_0007,3,REF_SKU_0007,LOC_SKU_0007,6,1,"[30.0, 8.0]",A3008,30.0,8.0
797,12/11/2018,3780872,SKU_0449,4,REF_SKU_0449,LOC_SKU_0449,4,23,"[20.0, 46.4]",A2046,20.0,46.4
798,12/11/2018,3780971,SKU_0009,2,REF_SKU_0009,LOC_SKU_0009,6,0,"[30.0, 5.5]",A3006,30.0,5.5
799,12/11/2018,3780317,SKU_0441,4,REF_SKU_0441,LOC_SKU_0441,4,18,"[20.0, 37.4]",A2037,20.0,37.4
800,12/11/2018,3780963,SKU_0059,2,REF_SKU_0059,LOC_SKU_0059,7,15,"[35.0, 32.4]",A3532,35.0,32.4
801,12/11/2018,3780635,SKU_0002,1,REF_SKU_0002,LOC_SKU_0002,8,15,"[40.0, 32.1]",A4032,40.0,32.1
802,12/11/2018,3780902,SKU_0012,4,REF_SKU_0012,LOC_SKU_0012,9,7,"[45.0, 18.5]",A4518,45.0,18.5
803,12/11/2018,3780009,SKU_0464,2,REF_SKU_0464,LOC_SKU_0464,5,15,"[25.0, 32.4]",A2532,25.0,32.4
804,12/11/2018,3780774,SKU_0137,5,REF_SKU_0137,LOC_SKU_0137,1,14,"[5.0, 30.1]",A0530,5.0,30.1
805,12/11/2018,3780073,SKU_0001,5,REF_SKU_0001,LOC_SKU_0001,7,20,"[35.0, 40.9]",A3541,35.0,40.9
806,12/11/2018,3780359,SKU_0041,2,REF_SKU_0041,LOC_SKU_0041,3,18,"[15.0, 37.0]",A1537,15.0,37.0
807,12/11/2018,3780223,SKU_0004,4,REF_SKU_0004,LOC_SKU_0004,7,1,"[35.0, 8.1]",A3508,35.0,8.1
808,12/11/2018,3780416,SKU_0001,4,REF_SKU_0001,LOC_SKU_0001,7,20,"[35.0, 40.9]",A3541,35.0,40.9
809,12/11/2018,3780553,SKU_0005,1,REF_SKU_0005,LOC_SKU_0005,8,8,"[40.0, 20.4]",A4020,40.0,20.4
810,12/11/2018,3780370,SKU_0002,1,REF_SKU_0002,LOC_SKU_0002,8,15,"[40.0, 32.1]",A4032,40.0,32.1
811,12/11/2018,3780716,SKU_0099,3,REF_SKU_0099,LOC_SKU_0099,8,10,"[40.0, 22.7]",A4023,40.0,22.7
812,12/11/2018,3780264,SKU_0003,1,REF_SKU_0003,LOC_SKU_0003,7,11,"[35.0, 25.3]",A3525,35.0,25.3
813,12/11/2018,3780840,SKU_0106,4,REF_SKU_0106,LOC_SKU_0106,2,25,"[10.0, 49.8]",A1050,10.0,49.8
814,12/11/2018,3780690,SKU_0001,3,REF_SKU_0001,LOC_SKU_0001,7,20,"[35.0, 40.9]",A3541,35.0,40.9
815,12/11/2018,3780860,SKU_0003,1,REF_SKU_0003,LOC_SKU_0003,7,11,"[35.0, 25.3]",A3525,35.0,25.3
816,12/11/2018,3780318,SKU_0002,2,REF_SKU_0002,LOC_SKU_0002,8,15,"[40.0, 32.1]",A4032,40.0,32.1
817,12/11/2018,3780084,SKU_0002,5,REF_SKU_0002,LOC_SKU_0002,8,15,"[40.0, 32.1]",A4032,40.0,32.1
818,12/11/2018,3780318,SKU_0001,1,REF_SKU_0001,LOC_SKU_0001,7,20,"[35.0, 40.9]",A3541,35.0,40.9
819,12/11/2018,3780111,SKU_0001,1,REF_SKU_0001,LOC_SKU_0001,7,20,"[35.0, 40.9]",A3541,35.0,40.9
820,12/11/2018,3780251,SKU_0014,2,REF_SKU_0014,LOC_SKU_0014,3,10,"[15.0, 22.5]",A1522,15.0,22.5
821,12/11/2018,3780383,SKU_0003,4,REF_SKU_0003,LOC_SKU_0003,7,11,"[35.0, 25.3]",A3525,35.0,25.3
822,12/11/2018,3780007,SKU_0006,2,REF_SKU_0006,LOC_SKU_0006,8,18,"[40.0, 37.0]",A4037,40.0,37.0
823,12/11/2018,3780459,SKU_0004,1,REF_SKU_0004,LOC_SKU_0004,7,1,"[35.0, 8.1]",A3508,35.0,8.1
824,12/11/2018,3780084,SKU_0160,4,REF_SKU_0160,LOC_SKU_0160,6,15,"[30.0, 31.8]",A3032,30.0,31.8
825,12/11/2018,3780208,SKU_0208,3,REF_SKU_0208,LOC_SKU_0208,2,17,"[10.0, 35.9]",A1036,10.0,35.9
826,12/11/2018,3780900,SKU_0009,1,REF_SKU_0009,LOC_SKU_0009,6,0,"[30.0, 5.5]",A3006,30.0,5.5
827,12/11/2018,3780390,SKU_0003,2,REF_SKU_0003,LOC_SKU_0003,7,11,"[35.0, 25.3]",A3525,35.0,25.3
828,12/11/2018,3780314,SKU_0001,3,REF_SKU_0001,LOC_SKU_0001,7,20,"[35.0, 40.9]",A3541,35.0,40.9
829,12/11/2018,3780022,SKU_0322,5,REF_SKU_0322,LOC_SKU_0322,4,14,"[20.0, 29.9]",A2030,20.0,29.9
830,12/11/2018,3780410,SKU_0001,3,REF_SKU_0001,LOC_SKU_0001,7,20,"[35.0, 40.9]",A3541,35.0,40.9
831,12/11/2018,3780895,SKU_0003,2,REF_SKU_0003,LOC_SKU_0003,7,11,"[35.0, 25.3]",A3525,35.0,25.3
832,12/11/2018,3780515,SKU_0003,3,REF_SKU_0003,LOC_SKU_0003,7,11,"[35.0, 25.3]",A3525,35.0,25.3
833,12/11/2018,3780127,SKU_0003,2,REF_SKU_0003,LOC_SKU_0003,7,11,"[35.0, 25.3]",A3525,35.0,25.3
834,12/11/2018,3780809,SKU_0001,1,REF_SKU_0001,LOC_SKU_0001,7,20,"[35.0, 40.9]",A3541,35.0,40.9
835,12/11/2018,3780700,SKU_0074,4,REF_SKU_0074,LOC_SKU_0074,8,24,"[40.0, 47.5]",A4048,40.0,47.5
836,12/11/2018,3780874,SKU_0001,5,REF_SKU_0001,LOC_SKU_0001,7,20,"[35.0, 40.9]",A3541,35.0,40.9
837,12/11/2018,3780014,SKU_0024,4,REF_SKU_0024,LOC_SKU_0024,8,1,"[40.0, 7.0]",A4007,40.0,7.0
838,12/11/2018,3780971,SKU_0001,4,REF_SKU_0001,LOC_SKU_0001,7,20,"[35.0, 40.9]",A3541,35.0,40.9
839,12/11/2018,3780978,SKU_0001,4,REF_SKU_0001,LOC_SKU_0001,7,20,"[35.0, 40.9]",A3541,35.0,40.9
840,12/11/2018,3780012,SKU_0216,2,REF_SKU_0216,LOC_SKU_0216,4,4,"[20.0, 13.4]",A2013,20.0,13.4
841,12/11/2018,3780087,SKU_0001,2,REF_SKU_0001,LOC_SKU_0001,7,20,"[35.0, 40.9]",A3541,35.0,40.9
842,12/11/2018,3780524,SKU_0101,5,REF_SKU_0101,LOC_SKU_0101,9,3,"[45.0, 10.5]",A4510,45.0,10.5
843,12/11/2018,3780909,SKU_0013,2,REF_SKU_0013,LOC_SKU_0013,10,1,"[50.0, 7.6]",A5008,50.0,7.6
844,12/11/2018,3780537,SKU_0001,2,REF_SKU_0001,LOC_SKU_0001,7,20,"[35.0, 40.9]",A3541,35.0,40.9
845,12/11/2018,3780301,SKU_0328,2,REF_SKU_0328,LOC_SKU_0328,4,11,"[20.0, 25.9]",A2026,20.0,25.9
846,12/11/2018,3780243,SKU_0002,2,REF_SKU_0002,LOC_SKU_0002,8,15,"[40.0, 32.1]",A4032,40.0,32.1
847,12/11/2018,3780122,SKU_0140,1,REF_SKU_0140,LOC_SKU_0140,5,5,"[25.0, 14.0]",A2514,25.0,14.0
848,12/11/2018,3780147,SKU_0001,5,REF_SKU_0001,LOC_SKU_0001,7,20,"[35.0, 40.9]",A3541,35.0,40.9
849,12/11/2018,3780567,SKU_0133,2,REF_SKU_0133,LOC_SKU_0133,3,14,"[15.0, 31.0]",A1531,15.0,31.0
850,12/11/2018,3780750,SKU_0001,5,REF_SKU_0001,LOC_SKU_0001,7,20,"[35.0, 40.9]",A3541,35.0,40.9
851,12/11/2018,3780356,SKU_0010,3,REF_SKU_0010,LOC_SKU_0010,5,15,"[25.0, 33.0]",A2533,25.0,33.0
852,12/11/2018,3780685,SKU_0066,1,REF_SKU_0066,LOC_SKU_0066,10,3,"[50.0, 10.9]",A5011,50.0,10.9
853,12/11/2018,3780904,SKU_0271,2,REF_SKU_0271,LOC_SKU_0271,1,17,"[5.0, 36.5]",A0536,5.0,36.5
854,12/11/2018,3780733,SKU_0215,1,REF_SKU_0215,LOC_SKU_0215,5,24,"[25.0, 48.6]",A2549,25.0,48.6
855,12/11/2018,3780631,SKU_0100,1,REF_SKU_0100,LOC_SKU_0100,2,21,"[10.0, 42.8]",A1043,10.0,42.8
856,12/11/2018,3780309,SKU_0179,3,REF_SKU_0179,LOC_SKU_0179,2,6,"[10.0, 16.2]",A1016,10.0,16.2
857,12/11/2018,3780695,SKU_0002,5,REF_SKU_0002,LOC_SKU_0002,8,15,"[40.0, 32.1]",A4032,40.0,32.1
858,12/11/2018,3780288,SKU_0003,1,REF_SKU_0003,LOC_SKU_0003,7,11,"[35.0, 25.3]",A3525,35.0,25.3
859,12/11/2018,3780307,SKU_0003,4,REF_SKU_0003,LOC_SKU_0003,7,11,"[35.0, 25.3]",A3525,35.0,25.3
860,12/11/2018,3780812,SKU_0004,3,REF_SKU_0004,LOC_SKU_0004,7,1,"[35.0, 8.1]",A3508,35.0,8.1
861,12/11/2018,3780594,SKU_0005,4,REF_SKU_0005,LOC_SKU_0005,8,8,"[40.0, 20.4]",A4020,40.0,20.4
862,12/11/2018,3780966,SKU_0013,3,REF_SKU_0013,LOC_SKU_0013,10,1,"[50.0, 7.6]",A5008,50.0,7.6
863,12/11/2018,3780914,SKU_0001,4,REF_SKU_0001,LOC_SKU_0001,7,20,"[35.0, 40.9]",A3541,35.0,40.9
864,12/11/2018,3780723,SKU_0036,4,REF_SKU_0036,LOC_SKU_0036,8,9,"[40.0, 21.4]",A4021,40.0,21.4
865,12/11/2018,3780662,SKU_0001,1,REF_SKU_0001,LOC_SKU_0001,7,20,"[35.0, 40.9]",A3541,35.0,40.9
866,12/11/2018,3780549,SKU_0003,1,REF_SKU_0003,LOC_SKU_0003,7,11,"[35.0, 25.3]",A3525,35.0,25.3
867,12/11/2018,3780352,SKU_0010,3,REF_SKU_0010,LOC_SKU_0010,5,15,"[25.0, 33.0]",A2533,25.0,33.0
868,12/11/2018,3780312,SKU_0082,5,REF_SKU_0082,LOC_SKU_0082,1,24,"[5.0, 49.0]",A0549,5.0,49.0
869,12/11/2018,3780873,SKU_0053,1,REF_SKU_0053,LOC_SKU_0053,10,6,"[50.0, 16.0]",A5016,50.0,16.0
870,12/11/2018,3780059,SKU_0026,1,REF_SKU_0026,LOC_SKU_0026,8,19,"[40.0, 39.1]",A4039,40.0,39.1
871,12/11/2018,3780643,SKU_0001,2,REF_SKU_0001,LOC_SKU_0001,7,20,"[35.0, 40.9]",A3541,35.0,40.9
872,12/11/2018,3780924,SKU_0013,1,REF_SKU_0013,LOC_SKU_0013,10,1,"[50.0, 7.6]",A5008,50.0,7.6
873,12/11/2018,3780714,SKU_0001,5,REF_SKU_0001,LOC_SKU_0001,7,20,"[35.0, 40.9]",A3541,35.0,40.9
874,12/11/2018,3780755,SKU_0004,2,REF_SKU_0004,LOC_SKU_0004,7,1,"[35.0, 8.1]",A3508,35.0,8.1
875,12/11/2018,3780035,SKU_0006,4,REF_SKU_0006,LOC_SKU_0006,8,18,"[40.0, 37.0]",A4037,40.0,37.0
876,12/11/2018,3780445,SKU_0001,4,REF_SKU_0001,LOC_SKU_0001,7,20,"[35.0, 40.9]",A3541,35.0,40.9
877,12/11/2018,3780093,SKU_0002,2,REF_SKU_0002,LOC_SKU_0002,8,15,"[40.0, 32.1]",A4032,40.0,32.1
878,12/11/2018,3780950,SKU_0328,2,REF_SKU_0328,LOC_SKU_0328,4,11,"[20.0, 25.9]",A2026,20.0,25.9
879,12/11/2018,3780959,SKU_0322,2,REF_SKU_0322,LOC_SKU_0322,4,14,"[20.0, 29.9]",A2030,20.0,29.9
880,12/11/2018,3780207,SKU_0004,3,REF_SKU_0004,LOC_SKU_0004,7,1,"[35.0, 8.1]",A3508,35.0,8.1
881,12/11/2018,3780353,SKU_0001,5,REF_SKU_0001,LOC_SKU_0001,7,20,"[35.0, 40.9]",A3541,35.0,40.9
882,12/11/2018,3780903,SKU_0001,5,REF_SKU_0001,LOC_SKU_0001,7,20,"[35.0, 40.9]",A3541,35.0,40.9
883,12/11/2018,3780332,SKU_0005,4,REF_SKU_0005,LOC_SKU_0005,8,8,"[40.0, 20.4]",A4020,40.0,20.4
884,12/11/2018,3780817,SKU_0305,4,REF_SKU_0305,LOC_SKU_0305,5,11,"[25.0, 25.5]",A2526,25.0,25.5
885,12/11/2018,3780862,SKU_0001,4,REF_SKU_0001,LOC_SKU_0001,7,20,"[35.0, 40.9]",A3541,35.0,40.9
886,12/11/2018,3780725,SKU_0063,1,REF_SKU_0063,LOC_SKU_0063,10,20,"[50.0, 41.5]",A5042,50.0,41.5
887,12/11/2018,3780159,SKU_0001,4,REF_SKU_0001,LOC_SKU_0001,7,20,"[35.0, 40.9]",A3541,35.0,40.9
888,12/11/2018,3780954,SKU_0418,2,REF_SKU_0418,LOC_SKU_0418,1,19,"[5.0, 38.8]",A0539,5.0,38.8
889,12/11/2018,3780957,SKU_0005,4,REF_SKU_0005,LOC_SKU_0005,8,8,"[40.0, 20.4]",A4020,40.0,20.4
890,12/11/2018,3780024,SKU_0070,2,REF_SKU_0070,LOC_SKU_0070,9,8,"[45.0, 19.1]",A4519,45.0,19.1
891,12/11/2018,3780404,SKU_0004,3,REF_SKU_0004,LOC_SKU_0004,7,1,"[35.0, 8.1]",A3508,35.0,8.1
892,12/11/2018,3780805,SKU_0023,1,REF_SKU_0023,LOC_SKU_0023,7,15,"[35.0, 32.6]",A3533,35.0,32.6
893,12/11/2018,3780516,SKU_0002,1,REF_SKU_0002,LOC_SKU_0002,8,15,"[40.0, 32.1]",A4032,40.0,32.1
894,12/11/2018,3780732,SKU_0001,5,REF_SKU_0001,LOC_SKU_0001,7,20,"[35.0, 40.9]",A3541,35.0,40.9
895,12/11/2018,3780364,SKU_0279,3,REF_SKU_0279,LOC_SKU_0279,4,12,"[20.0, 26.1]",A2026,20.0,26.1
896,12/11/2018,3780382,SKU_0232,2,REF_SKU_0232,LOC_SKU_0232,5,2,"[25.0, 9.6]",A2510,25.0,9.6
897,12/11/2018,3780532,SKU_0177,3,REF_SKU_0177,LOC_SKU_0177,5,1,"[25.0, 8.1]",A2508,25.0,8.1
898,12/11/2018,3780956,SKU_0023,1,REF_SKU_0023,LOC_SKU_0023,7,15,"[35.0, 32.6]",A3533,35.0,32.6
899,12/11/2018,3780152,SKU_0091,2,REF_SKU_0091,LOC_SKU_0091,6,13,"[30.0, 29.3]",A3029,30.0,29.3
900,12/11/2018,3780562,SKU_0001,3,REF_SKU_0001,LOC_SKU_0001,7,20,"[35.0, 40.9]",A3541,35.0,40.9
901,12/11/2018,3780689,SKU_0003,1,REF_SKU_0003,LOC_SKU_0003,7,11,"[35.0, 25.3]",A3525,35.0,25.3
902,12/11/2018,3780947,SKU_0003,2,REF_SKU_0003,LOC_SKU_0003,7,11,"[35.0, 25.3]",A3525,35.0,25.3
903,12/11/2018,3780608,SKU_0024,2,REF_SKU_0024,LOC_SKU_0024,8,1,"[40.0, 7.0]",A4007,40.0,7.0
904,12/11/2018,3780617,SKU_0004,1,REF_SKU_0004,LOC_SKU_0004,7,1,"[35.0, 8.1]",A3508,35.0,8.1
905,12/11/2018,3780420,SKU_0001,2,REF_SKU_0001,LOC_SKU_0001,7,20,"[35.0, 40.9]",A3541,35.0,40.9
906,12/11/2018,3780250,SKU_0018,1,REF_SKU_0018,LOC_SKU_0018,7,0,"[35.0, 6.1]",A3506,35.0,6.1
907,12/11/2018,3780117,SKU_0095,4,REF_SKU_0095,LOC_SKU_0095,4,0,"[20.0, 6.2]",A2006,20.0,6.2
908,12/11/2018,3780866,SKU_0005,4,REF_SKU_0005,LOC_SKU_0005,8,8,"[40.0, 20.4]",A4020,40.0,20.4
909,12/11/2018,3780512,SKU_0001,2,REF_SKU_0001,LOC_SKU_0001,7,20,"[35.0, 40.9]",A3541,35.0,40.9
910,12/11/2018,3780740,SKU_0002,2,REF_SKU_0002,LOC_SKU_0002,8,15,"[40.0, 32.1]",A4032,40.0,32.1
911,12/11/2018,3780578,SKU_0002,1,REF_SKU_0002,LOC_SKU_0002,8,15,"[40.0, 32.1]",A4032,40.0,32.1
912,12/11/2018,3780335,SKU_0003,2,REF_SKU_0003,LOC_SKU_0003,7,11,"[35.0, 25.3]",A3525,35.0,25.3
913,12/11/2018,3780418,SKU_0026,5,REF_SKU_0026,LOC_SKU_0026,8,19,"[40.0, 39.1]",A4039,40.0,39.1
914,12/11/2018,3780932,SKU_0019,4,REF_SKU_0019,LOC_SKU_0019,9,24,"[45.0, 48.5]",A4548,45.0,48.5
915,12/11/2018,3780774,SKU_0038,2,REF_SKU_0038,LOC_SKU_0038,1,0,"[5.0, 6.2]",A0506,5.0,6.2
916,12/11/2018,3780295,SKU_0004,2,REF_SKU_0004,LOC_SKU_0004,7,1,"[35.0, 8.1]",A3508,35.0,8.1
917,12/11/2018,3780938,SKU_0103,3,REF_SKU_0103,LOC_SKU_0103,10,6,"[50.0, 17.0]",A5017,50.0,17.0
918,12/11/2018,3780755,SKU_0002,2,REF_SKU_0002,LOC_SKU_0002,8,15,"[40.0, 32.1]",A4032,40.0,32.1
919,12/11/2018,3780371,SKU_0008,5,REF_SKU_0008,LOC_SKU_0008,8,21,"[40.0, 42.5]",A4042,40.0,42.5
920,12/11/2018,3780186,SKU_0086,4,REF_SKU_0086,LOC_SKU_0086,10,25,"[50.0, 49.4]",A5049,50.0,49.4
921,12/11/2018,3780246,SKU_0001,3,REF_SKU_0001,LOC_SKU_0001,7,20,"[35.0, 40.9]",A3541,35.0,40.9
922,12/11/2018,3780637,SKU_0001,1,REF_SKU_0001,LOC_SKU_0001,7,20,"[35.0, 40.9]",A3541,35.0,40.9
923,12/11/2018,3780268,SKU_0172,1,REF_SKU_0172,LOC_SKU_0172,3,20,"[15.0, 40.9]",A1541,15.0,40.9
924,12/11/2018,3780643,SKU_0004,4,REF_SKU_0004,LOC_SKU_0004,7,1,"[35.0, 8.1]",A3508,35.0,8.1
925,12/11/2018,3780237,SKU_0034,1,REF_SKU_0034,LOC_SKU_0034,5,10,"[25.0, 22.8]",A2523,25.0,22.8
926,12/11/2018,3780530,SKU_0001,5,REF_SKU_0001,LOC_SKU_0001,7,20,"[35.0, 40.9]",A3541,35.0,40.9
927,12/11/2018,3780552,SKU_0036,2,REF_SKU_0036,LOC_SKU_0036,8,9,"[40.0, 21.4]",A4021,40.0,21.4
928,12/11/2018,3780021,SKU_0003,4,REF_SKU_0003,LOC_SKU_0003,7,11,"[35.0, 25.3]",A3525,35.0,25.3
929,12/11/2018,3780911,SKU_0001,3,REF_SKU_0001,LOC_SKU_0001,7,20,"[35.0, 40.9]",A3541,35.0,40.9
930,12/11/2018,3780737,SKU_0020,2,REF_SKU_0020,LOC_SKU_0020,2,10,"[10.0, 22.7]",A1023,10.0,22.7
931,12/11/2018,3780867,SKU_0002,1,REF_SKU_0002,LOC_SKU_0002,8,15,"[40.0, 32.1]",A4032,40.0,32.1
932,12/11/2018,3780794,SKU_0005,1,REF_SKU_0005,LOC_SKU_0005,8,8,"[40.0, 20.4]",A4020,40.0,20.4
933,12/11/2018,3780520,SKU_0001,3,REF_SKU_0001,LOC_SKU_0001,7,20,"[35.0, 40.9]",A3541,35.0,40.9
934,12/11/2018,3780100,SKU_0001,5,REF_SKU_0001,LOC_SKU_0001,7,20,"[35.0, 40.9]",A3541,35.0,40.9
935,12/11/2018,3780752,SKU_0003,3,REF_SKU_0003,LOC_SKU_0003,7,11,"[35.0, 25.3]",A3525,35.0,25.3
936,12/11/2018,3780478,SKU_0001,4,REF_SKU_0001,LOC_SKU_0001,7,20,"[35.0, 40.9]",A3541,35.0,40.9
937,12/11/2018,3780599,SKU_0218,3,REF_SKU_0218,LOC_SKU_0218,3,25,"[15.0, 49.6]",A1550,15.0,49.6
938,12/11/2018,3780298,SKU_0001,1,REF_SKU_0001,LOC_SKU_0001,7,20,"[35.0, 40.9]",A3541,35.0,40.9
939,12/11/2018,3780940,SKU_0009,5,REF_SKU_0009,LOC_SKU_0009,6,0,"[30.0, 5.5]",A3006,30.0,5.5
940,12/11/2018,3780526,SKU_0001,5,REF_SKU_0001,LOC_SKU_0001,7,20,"[35.0, 40.9]",A3541,35.0,40.9
941,12/11/2018,3780334,SKU_0003,3,REF_SKU_0003,LOC_SKU_0003,7,11,"[35.0, 25.3]",A3525,35.0,25.3
942,12/11/2018,3780002,SKU_0250,4,REF_SKU_0250,LOC_SKU_0250,1,24,"[5.0, 47.7]",A0548,5.0,47.7
943,12/11/2018,3780375,SKU_0001,1,REF_SKU_0001,LOC_SKU_0001,7,20,"[35.0, 40.9]",A3541,35.0,40.9
944,12/11/2018,3780293,SKU_0361,2,REF_SKU_0361,LOC_SKU_0361,1,5,"[5.0, 14.9]",A0515,5.0,14.9
945,12/11/2018,3780837,SKU_0002,5,REF_SKU_0002,LOC_SKU_0002,8,15,"[40.0, 32.1]",A4032,40.0,32.1
946,12/11/2018,3780934,SKU_0053,3,REF_SKU_0053,LOC_SKU_0053,10,6,"[50.0, 16.0]",A5016,50.0,16.0
947,12/11/2018,3780553,SKU_0013,4,REF_SKU_0013,LOC_SKU_0013,10,1,"[50.0, 7.6]",A5008,50.0,7.6
948,12/11/2018,3780318,SKU_0173,4,REF_SKU_0173,LOC_SKU_0173,3,11,"[15.0, 25.0]",A1525,15.0,25.0
949,12/11/2018,3780502,SKU_0014,1,REF_SKU_0014,LOC_SKU_0014,3,10,"[15.0, 22.5]",A1522,15.0,22.5
950,12/11/2018,3780828,SKU_0012,5,REF_SKU_0012,LOC_SKU_0012,9,7,"[45.0, 18.5]",A4518,45.0,18.5
951,12/11/2018,3780381,SKU_0002,1,REF_SKU_0002,LOC_SKU_0002,8,15,"[40.0, 32.1]",A4032,40.0,32.1
952,12/11/2018,3780623,SKU_0001,2,REF_SKU_0001,LOC_SKU_0001,7,20,"[35.0, 40.9]",A3541,35.0,40.9
953,12/11/2018,3780014,SKU_0230,2,REF_SKU_0230,LOC_SKU_0230,9,8,"[45.0, 19.7]",A4520,45.0,19.7
954,12/11/2018,3780504,SKU_0003,2,REF_SKU_0003,LOC_SKU_0003,7,11,"[35.0, 25.3]",A3525,35.0,25.3
955,12/11/2018,3780231,SKU_0004,4,REF_SKU_0004,LOC_SKU_0004,7,1,"[35.0, 8.1]",A3508,35.0,8.1
956,12/11/2018,3780985,SKU_0062,5,REF_SKU_0062,LOC_SKU_0062,6,22,"[30.0, 44.7]",A3045,30.0,44.7
957,12/11/2018,3780084,SKU_0004,1,REF_SKU_0004,LOC_SKU_0004,7,1,"[35.0, 8.1]",A3508,35.0,8.1
958,12/11/2018,3780130,SKU_0318,1,REF_SKU_0318,LOC_SKU_0318,3,23,"[15.0, 45.7]",A1546,15.0,45.7
959,12/11/2018,3780743,SKU_0052,2,REF_SKU_0052,LOC_SKU_0052,3,19,"[15.0, 39.4]",A1539,15.0,39.4
960,12/11/2018,3780838,SKU_0018,5,REF_SKU_0018,LOC_SKU_0018,7,0,"[35.0, 6.1]",A3506,35.0,6.1
961,12/11/2018,3780145,SKU_0168,5,REF_SKU_0168,LOC_SKU_0168,4,10,"[20.0, 23.8]",A2024,20.0,23.8
962,12/11/2018,3780891,SKU_0001,3,REF_SKU_0001,LOC_SKU_0001,7,20,"[35.0, 40.9]",A3541,35.0,40.9
963,12/11/2018,3780857,SKU_0002,5,REF_SKU_0002,LOC_SKU_0002,8,15,"[40.0, 32.1]",A4032,40.0,32.1
964,12/11/2018,3780028,SKU_0008,5,REF_SKU_0008,LOC_SKU_0008,8,21,"[40.0, 42.5]",A4042,40.0,42.5
965,12/11/2018,3780066,SKU_0002,1,REF_SKU_0002,LOC_SKU_0002,8,15,"[40.0, 32.1]",A4032,40.0,32.1
966,12/11/2018,3780163,SKU_0054,5,REF_SKU_0054,LOC_SKU_0054,7,1,"[35.0, 7.3]",A3507,35.0,7.3
967,12/11/2018,3780229,SKU_0235,5,REF_SKU_0235,LOC_SKU_0235,7,20,"[35.0, 40.3]",A3540,35.0,40.3
968,12/11/2018,3780261,SKU_0006,1,REF_SKU_0006,LOC_SKU_0006,8,18,"[40.0, 37.0]",A4037,40.0,37.0
969,12/11/2018,3780449,SKU_0004,5,REF_SKU_0004,LOC_SKU_0004,7,1,"[35.0, 8.1]",A3508,35.0,8.1
970,12/11/2018,3780424,SKU_0347,1,REF_SKU_0347,LOC_SKU_0347,8,22,"[40.0, 44.4]",A4044,40.0,44.4
971,12/11/2018,3780460,SKU_0007,3,REF_SKU_0007,LOC_SKU_0007,6,1,"[30.0, 8.0]",A3008,30.0,8.0
972,12/11/2018,3780952,SKU_0009,4,REF_SKU_0009,LOC_SKU_0009,6,0,"[30.0, 5.5]",A3006,30.0,5.5
973,12/11/2018,3780676,SKU_0004,1,REF_SKU_0004,LOC_SKU_0004,7,1,"[35.0, 8.1]",A3508,35.0,8.1
974,12/11/2018,3780301,SKU_0216,1,REF_SKU_0216,LOC_SKU_0216,4,4,"[20.0, 13.4]",A2013,20.0,13.4
975,12/11/2018,3780919,SKU_0015,5,REF_SKU_0015,LOC_SKU_0015,4,15,"[20.0, 31.9]",A2032,20.0,31.9
976,12/11/2018,3780303,SKU_0063,1,REF_SKU_0063,LOC_SKU_0063,10,20,"[50.0, 41.5]",A5042,50.0,41.5
977,12/11/2018,3780287,SKU_0093,2,REF_SKU_0093,LOC_SKU_0093,6,17,"[30.0, 36.5]",A3036,30.0,36.5
978,12/11/2018,3780395,SKU_0004,2,REF_SKU_0004,LOC_SKU_0004,7,1,"[35.0, 8.1]",A3508,35.0,8.1
979,12/11/2018,3780010,SKU_0006,3,REF_SKU_0006,LOC_SKU_0006,8,18,"[40.0, 37.0]",A4037,40.0,37.0
980,12/11/2018,3780707,SKU_0127,1,REF_SKU_0127,LOC_SKU_0127,6,6,"[30.0, 16.4]",A3016,30.0,16.4
981,12/11/2018,3780630,SKU_0004,5,REF_SKU_0004,LOC_SKU_0004,7,1,"[35.0, 8.1]",A3508,35.0,8.1
982,12/11/2018,3780270,SKU_0081,5,REF_SKU_0081,LOC_SKU_0081,8,1,"[40.0, 7.1]",A4007,40.0,7.1
983,12/11/2018,3780592,SKU_0287,4,REF_SKU_0287,LOC_SKU_0287,5,15,"[25.0, 32.8]",A2533,25.0,32.8
984,12/11/2018,3780970,SKU_0022,3,REF_SKU_0022,LOC_SKU_0022,4,6,"[20.0, 16.2]",A2016,20.0,16.2
985,12/11/2018,3780605,SKU_0053,5,REF_SKU_0053,LOC_SKU_0053,10,6,"[50.0, 16.0]",A5016,50.0,16.0
986,12/11/2018,3780778,SKU_0088,4,REF_SKU_0088,LOC_SKU_0088,8,6,"[40.0, 16.1]",A4016,40.0,16.1
987,12/11/2018,3780844,SKU_0123,5,REF_SKU_0123,LOC_SKU_0123,8,16,"[40.0, 34.4]",A4034,40.0,34.4
988,12/11/2018,3780862,SKU_0005,4,REF_SKU_0005,LOC_SKU_0005,8,8,"[40.0, 20.4]",A4020,40.0,20.4
989,12/11/2018,3780361,SKU_0001,2,REF_SKU_0001,LOC_SKU_0001,7,20,"[35.0, 40.9]",A3541,35.0,40.9
990,12/11/2018,3780257,SKU_0005,2,REF_SKU_0005,LOC_SKU_0005,8,8,"[40.0, 20.4]",A4020,40.0,20.4
991,12/11/2018,3780133,SKU_0032,5,REF_SKU_0032,LOC_SKU_0032,8,14,"[40.0, 30.9]",A4031,40.0,30.9
992,12/11/2018,3780276,SKU_0007,3,REF_SKU_0007,LOC_SKU_0007,6,1,"[30.0, 8.0]",A3008,30.0,8.0
993,12/11/2018,3780776,SKU_0057,1,REF_SKU_0057,LOC_SKU_0057,7,12,"[35.0, 26.7]",A3527,35.0,26.7
994,12/11/2018,3780683,SKU_0004,3,REF_SKU_0004,LOC_SKU_0004,7,1,"[35.0, 8.1]",A3508,35.0,8.1
995,12/11/2018,3780972,SKU_0024,3,REF_SKU_0024,LOC_SKU_0024,8,1,"[40.0, 7.0]",A4007,40.0,7.0
996,12/11/2018,3780513,SKU_0001,1,REF_SKU_0001,LOC_SKU_0001,7,20,"[35.0, 40.9]",A3541,35.0,40.9
997,12/11/2018,3780313,SKU_0057,2,REF_SKU_0057,LOC_SKU_0057,7,12,"[35.0, 26.7]",A3527,35.0,26.7
998,12/11/2018,3780576,SKU_0013,2,REF_SKU_0013,LOC_SKU_0013,10,1,"[50.0, 7.6]",A5008,50.0,7.6
999,12/11/2018,3780886,SKU_0002,1,REF_SKU_0002,LOC_SKU_0002,8,15,"[40.0, 32.1]",A4032,40.0,32.1
1000,12/11/2018,3780980,SKU_0003,4,REF_SKU_0003,LOC_SKU_0003,7,11,"[35.0, 25.3]",A3525,35.0,25.3
1001,12/11/2018,3780284,SKU_0056,3,REF_SKU_0056,LOC_SKU_0056,3,1,"[15.0, 6.9]",A1507,15.0,6.9
1002,12/11/2018,3780121,SKU_0009,5,REF_SKU_0009,LOC_SKU_0009,6,0,"[30.0, 5.5]",A3006,30.0,5.5
1003,12/11/2018,3780107,SKU_0002,2,REF_SKU_0002,LOC_SKU_0002,8,15,"[40.0, 32.1]",A4032,40.0,32.1
1004,12/11/2018,3780933,SKU_0366,5,REF_SKU_0366,LOC_SKU_0366,2,2,"[10.0, 9.4]",A1009,10.0,9.4
1005,12/11/2018,3780687,SKU_0044,1,REF_SKU_0044,LOC_SKU_0044,10,3,"[50.0, 10.7]",A5011,50.0,10.7
1006,12/11/2018,3780997,SKU_0333,5,REF_SKU_0333,LOC_SKU_0333,6,17,"[30.0, 36.5]",A3036,30.0,36.5
1007,12/11/2018,3780204,SKU_0006,5,REF_SKU_0006,LOC_SKU_0006,8,18,"[40.0, 37.0]",A4037,40.0,37.0
1008,12/11/2018,3780165,SKU_0008,3,REF_SKU_0008,LOC_SKU_0008,8,21,"[40.0, 42.5]",A4042,40.0,42.5
1009,12/11/2018,3780305,SKU_0195,1,REF_SKU_0195,LOC_SKU_0195,4,1,"[20.0, 7.5]",A2008,20.0,7.5
1010,12/11/2018,3780497,SKU_0011,5,REF_SKU_0011,LOC_SKU_0011,10,13,"[50.0, 28.9]",A5029,50.0,28.9
1011,12/11/2018,3780632,SKU_0041,2,REF_SKU_0041,LOC_SKU_0041,3,18,"[15.0, 37.0]",A1537,15.0,37.0
1012,12/11/2018,3780556,SKU_0002,1,REF_SKU_0002,LOC_SKU_0002,8,15,"[40.0, 32.1]",A4032,40.0,32.1
1013,12/11/2018,3780824,SKU_0007,2,REF_SKU_0007,LOC_SKU_0007,6,1,"[30.0, 8.0]",A3008,30.0,8.0
1014,12/11/2018,3780156,SKU_0001,4,REF_SKU_0001,LOC_SKU_0001,7,20,"[35.0, 40.9]",A3541,35.0,40.9
1015,12/11/2018,3780367,SKU_0002,5,REF_SKU_0002,LOC_SKU_0002,8,15,"[40.0, 32.1]",A4032,40.0,32.1
1016,12/11/2018,3780719,SKU_0001,1,REF_SKU_0001,LOC_SKU_0001,7,20,"[35.0, 40.9]",A3541,35.0,40.9
1017,12/11/2018,3780902,SKU_0001,2,REF_SKU_0001,LOC_SKU_0001,7,20,"[35.0, 40.9]",A3541,35.0,40.9
1018,12/11/2018,3780620,SKU_0402,5,REF_SKU_0402,LOC_SKU_0402,3,9,"[15.0, 21.0]",A1521,15.0,21.0
1019,12/11/2018,3780251,SKU_0002,3,REF_SKU_0002,LOC_SKU_0002,8,15,"[40.0, 32.1]",A4032,40.0,32.1
1020,12/11/2018,3780957,SKU_0030,2,REF_SKU_0030,LOC_SKU_0030,2,10,"[10.0, 23.1]",A1023,10.0,23.1
1021,12/11/2018,3780916,SKU_0117,2,REF_SKU_0117,LOC_SKU_0117,2,4,"[10.0, 12.7]",A1013,10.0,12.7
1022,12/11/2018,3780882,SKU_0013,4,REF_SKU_0013,LOC_SKU_0013,10,1,"[50.0, 7.6]",A5008,50.0,7.6
1023,12/11/2018,3780334,SKU_0001,3,REF_SKU_0001,LOC_SKU_0001,7,20,"[35.0, 40.9]",A3541,35.0,40.9
1024,12/11/2018,3780642,SKU_0048,4,REF_SKU_0048,LOC_SKU_0048,8,17,"[40.0, 35.1]",A4035,40.0,35.1
1025,12/11/2018,3780969,SKU_0019,3,REF_SKU_0019,LOC_SKU_0019,9,24,"[45.0, 48.5]",A4548,45.0,48.5
1026,12/11/2018,3780511,SKU_0049,2,REF_SKU_0049,LOC_SKU_0049,8,7,"[40.0, 17.7]",A4018,40.0,17.7
1027,12/11/2018,3780293,SKU_0067,4,REF_SKU_0067,LOC_SKU_0067,9,8,"[45.0, 19.7]",A4520,45.0,19.7
1028,12/11/2018,3780020,SKU_0395,5,REF_SKU_0395,LOC_SKU_0395,2,11,"[10.0, 25.7]",A1026,10.0,25.7
1029,12/11/2018,3780282,SKU_0016,3,REF_SKU_0016,LOC_SKU_0016,3,22,"[15.0, 43.8]",A1544,15.0,43.8
1030,12/11/2018,3780797,SKU_0004,2,REF_SKU_0004,LOC_SKU_0004,7,1,"[35.0, 8.1]",A3508,35.0,8.1
1031,12/11/2018,3780001,SKU_0027,1,REF_SKU_0027,LOC_SKU_0027,6,5,"[30.0, 14.8]",A3015,30.0,14.8
1032,12/11/2018,3780119,SKU_0001,3,REF_SKU_0001,LOC_SKU_0001,7,20,"[35.0, 40.9]",A3541,35.0,40.9
1033,12/11/2018,3780035,SKU_0194,3,REF_SKU_0194,LOC_SKU_0194,10,24,"[50.0, 47.7]",A5048,50.0,47.7
1034,12/11/2018,3780198,SKU_0001,5,REF_SKU_0001,LOC_SKU_0001,7,20,"[35.0, 40.9]",A3541,35.0,40.9
1035,12/11/2018,3780485,SKU_0003,3,REF_SKU_0003,LOC_SKU_0003,7,11,"[35.0, 25.3]",A3525,35.0,25.3
1036,12/11/2018,3780757,SKU_0097,3,REF_SKU_0097,LOC_SKU_0097,4,16,"[20.0, 34.2]",A2034,20.0,34.2
1037,12/11/2018,3780059,SKU_0018,5,REF_SKU_0018,LOC_SKU_0018,7,0,"[35.0, 6.1]",A3506,35.0,6.1
1038,12/11/2018,3780837,SKU_0005,5,REF_SKU_0005,LOC_SKU_0005,8,8,"[40.0, 20.4]",A4020,40.0,20.4
1039,12/11/2018,3780161,SKU_0008,4,REF_SKU_0008,LOC_SKU_0008,8,21,"[40.0, 42.5]",A4042,40.0,42.5
1040,12/11/2018,3780691,SKU_0134,2,REF_SKU_0134,LOC_SKU_0134,1,1,"[5.0, 7.4]",A0507,5.0,7.4
1041,12/11/2018,3780206,SKU_0004,2,REF_SKU_0004,LOC_SKU_0004,7,1,"[35.0, 8.1]",A3508,35.0,8.1
1042,12/11/2018,3780012,SKU_0152,4,REF_SKU_0152,LOC_SKU_0152,2,22,"[10.0, 44.1]",A1044,10.0,44.1
1043,12/11/2018,3780490,SKU_0001,2,REF_SKU_0001,LOC_SKU_0001,7,20,"[35.0, 40.9]",A3541,35.0,40.9
1044,12/11/2018,3780276,SKU_0070,3,REF_SKU_0070,LOC_SKU_0070,9,8,"[45.0, 19.1]",A4519,45.0,19.1
1045,12/11/2018,3780693,SKU_0126,4,REF_SKU_0126,LOC_SKU_0126,3,16,"[15.0, 33.8]",A1534,15.0,33.8
1046,12/11/2018,3780242,SKU_0001,4,REF_SKU_0001,LOC_SKU_0001,7,20,"[35.0, 40.9]",A3541,35.0,40.9
1047,12/11/2018,3780216,SKU_0006,2,REF_SKU_0006,LOC_SKU_0006,8,18,"[40.0, 37.0]",A4037,40.0,37.0
1048,12/11/2018,3780251,SKU_0001,1,REF_SKU_0001,LOC_SKU_0001,7,20,"[35.0, 40.9]",A3541,35.0,40.9
1049,12/11/2018,3780811,SKU_0041,2,REF_SKU_0041,LOC_SKU_0041,3,18,"[15.0, 37.0]",A1537,15.0,37.0
1050,12/11/2018,3780126,SKU_0012,1,REF_SKU_0012,LOC_SKU_0012,9,7,"[45.0, 18.5]",A4518,45.0,18.5
1051,12/11/2018,3780994,SKU_0024,4,REF_SKU_0024,LOC_SKU_0024,8,1,"[40.0, 7.0]",A4007,40.0,7.0
1052,12/11/2018,3780217,SKU_0002,1,REF_SKU_0002,LOC_SKU_0002,8,15,"[40.0, 32.1]",A4032,40.0,32.1
1053,12/11/2018,3780306,SKU_0002,3,REF_SKU_0002,LOC_SKU_0002,8,15,"[40.0, 32.1]",A4032,40.0,32.1
1054,12/11/2018,3780797,SKU_0001,5,REF_SKU_0001,LOC_SKU_0001,7,20,"[35.0, 40.9]",A3541,35.0,40.9
1055,12/11/2018,3780185,SKU_0003,1,REF_SKU_0003,LOC_SKU_0003,7,11,"[35.0, 25.3]",A3525,35.0,25.3
1056,12/11/2018,3780039,SKU_0014,5,REF_SKU_0014,LOC_SKU_0014,3,10,"[15.0, 22.5]",A1522,15.0,22.5
1057,12/11/2018,3780223,SKU_0138,3,REF_SKU_0138,LOC_SKU_0138,3,24,"[15.0, 49.1]",A1549,15.0,49.1
1058,12/11/2018,3780184,SKU_0030,5,REF_SKU_0030,LOC_SKU_0030,2,10,"[10.0, 23.1]",A1023,10.0,23.1
1059,12/11/2018,3780495,SKU_0006,3,REF_SKU_0006,LOC_SKU_0006,8,18,"[40.0, 37.0]",A4037,40.0,37.0
1060,12/11/2018,3780427,SKU_0321,5,REF_SKU_0321,LOC_SKU_0321,3,23,"[15.0, 45.7]",A1546,15.0,45.7
1061,12/11/2018,3780178,SKU_0045,5,REF_SKU_0045,LOC_SKU_0045,7,21,"[35.0, 43.3]",A3543,35.0,43.3
1062,12/11/2018,3780919,SKU_0260,2,REF_SKU_0260,LOC_SKU_0260,9,19,"[45.0, 38.6]",A4539,45.0,38.6
1063,12/11/2018,3780428,SKU_0011,1,REF_SKU_0011,LOC_SKU_0011,10,13,"[50.0, 28.9]",A5029,50.0,28.9
1064,12/11/2018,3780294,SKU_0002,5,REF_SKU_0002,LOC_SKU_0002,8,15,"[40.0, 32.1]",A4032,40.0,32.1
1065,12/11/2018,3780852,SKU_0001,4,REF_SKU_0001,LOC_SKU_0001,7,20,"[35.0, 40.9]",A3541,35.0,40.9
1066,12/11/2018,3780151,SKU_0047,2,REF_SKU_0047,LOC_SKU_0047,7,8,"[35.0, 19.3]",A3519,35.0,19.3
1067,12/11/2018,3780384,SKU_0001,1,REF_SKU_0001,LOC_SKU_0001,7,20,"[35.0, 40.9]",A3541,35.0,40.9
1068,12/11/2018,3780638,SKU_0003,2,REF_SKU_0003,LOC_SKU_0003,7,11,"[35.0, 25.3]",A3525,35.0,25.3
1069,12/11/2018,3780813,SKU_0012,1,REF_SKU_0012,LOC_SKU_0012,9,7,"[45.0, 18.5]",A4518,45.0,18.5
1070,12/11/2018,3780308,SKU_0015,3,REF_SKU_0015,LOC_SKU_0015,4,15,"[20.0, 31.9]",A2032,20.0,31.9
1071,12/11/2018,3780336,SKU_0019,5,REF_SKU_0019,LOC_SKU_0019,9,24,"[45.0, 48.5]",A4548,45.0,48.5
1072,12/11/2018,3780946,SKU_0001,4,REF_SKU_0001,LOC_SKU_0001,7,20,"[35.0, 40.9]",A3541,35.0,40.9
1073,12/11/2018,3780746,SKU_0004,2,REF_SKU_0004,LOC_SKU_0004,7,1,"[35.0, 8.1]",A3508,35.0,8.1
1074,12/11/2018,3780892,SKU_0021,2,REF_SKU_0021,LOC_SKU_0021,10,2,"[50.0, 9.8]",A5010,50.0,9.8
1075,12/11/2018,3780375,SKU_0375,2,REF_SKU_0375,LOC_SKU_0375,5,4,"[25.0, 12.3]",A2512,25.0,12.3
1076,12/11/2018,3780008,SKU_0048,2,REF_SKU_0048,LOC_SKU_0048,8,17,"[40.0, 35.1]",A4035,40.0,35.1
1077,12/11/2018,3780341,SKU_0243,5,REF_SKU_0243,LOC_SKU_0243,7,11,"[35.0, 24.5]",A3524,35.0,24.5
1078,12/11/2018,3780129,SKU_0063,1,REF_SKU_0063,LOC_SKU_0063,10,20,"[50.0, 41.5]",A5042,50.0,41.5
1079,12/11/2018,3780776,SKU_0018,5,REF_SKU_0018,LOC_SKU_0018,7,0,"[35.0, 6.1]",A3506,35.0,6.1
1080,12/11/2018,3780669,SKU_0002,3,REF_SKU_0002,LOC_SKU_0002,8,15,"[40.0, 32.1]",A4032,40.0,32.1
1081,12/11/2018,3780352,SKU_0030,5,REF_SKU_0030,LOC_SKU_0030,2,10,"[10.0, 23.1]",A1023,10.0,23.1
1082,12/11/2018,3780358,SKU_0022,5,REF_SKU_0022,LOC_SKU_0022,4,6,"[20.0, 16.2]",A2016,20.0,16.2
1083,12/11/2018,3780517,SKU_0019,3,REF_SKU_0019,LOC_SKU_0019,9,24,"[45.0, 48.5]",A4548,45.0,48.5
1084,12/11/2018,3780495,SKU_0009,5,REF_SKU_0009,LOC_SKU_0009,6,0,"[30.0, 5.5]",A3006,30.0,5.5
1085,12/11/2018,3780086,SKU_0012,1,REF_SKU_0012,LOC_SKU_0012,9,7,"[45.0, 18.5]",A4518,45.0,18.5
1086,12/11/2018,3780175,SKU_0003,4,REF_SKU_0003,LOC_SKU_0003,7,11,"[35.0, 25.3]",A3525,35.0,25.3
1087,12/11/2018,3780802,SKU_0011,3,REF_SKU_0011,LOC_SKU_0011,10,13,"[50.0, 28.9]",A5029,50.0,28.9
1088,12/11/2018,3780193,SKU_0002,2,REF_SKU_0002,LOC_SKU_0002,8,15,"[40.0, 32.1]",A4032,40.0,32.1
1089,12/11/2018,3780311,SKU_0089,1,REF_SKU_0089,LOC_SKU_0089,6,9,"[30.0, 21.9]",A3022,30.0,21.9
1090,12/11/2018,3780119,SKU_0001,4,REF_SKU_0001,LOC_SKU_0001,7,20,"[35.0, 40.9]",A3541,35.0,40.9
1091,12/11/2018,3780218,SKU_0001,1,REF_SKU_0001,LOC_SKU_0001,7,20,"[35.0, 40.9]",A3541,35.0,40.9
1092,12/11/2018,3780427,SKU_0006,1,REF_SKU_0006,LOC_SKU_0006,8,18,"[40.0, 37.0]",A4037,40.0,37.0
1093,12/11/2018,3780970,SKU_0029,2,REF_SKU_0029,LOC_SKU_0029,2,19,"[10.0, 40.0]",A1040,10.0,40.0
1094,12/11/2018,3780414,SKU_0006,4,REF_SKU_0006,LOC_SKU_0006,8,18,"[40.0, 37.0]",A4037,40.0,37.0
1095,12/11/2018,3780114,SKU_0002,1,REF_SKU_0002,LOC_SKU_0002,8,15,"[40.0, 32.1]",A4032,40.0,32.1
1096,12/11/2018,3780978,SKU_0014,2,REF_SKU_0014,LOC_SKU_0014,3,10,"[15.0, 22.5]",A1522,15.0,22.5
1097,12/11/2018,3780145,SKU_0004,3,REF_SKU_0004,LOC_SKU_0004,7,1,"[35.0, 8.1]",A3508,35.0,8.1
1098,12/11/2018,3780538,SKU_0266,2,REF_SKU_0266,LOC_SKU_0266,5,1,"[25.0, 7.4]",A2507,25.0,7.4
1099,12/11/2018,3780648,SKU_0243,5,REF_SKU_0243,LOC_SKU_0243,7,11,"[35.0, 24.5]",A3524,35.0,24.5
1100,12/11/2018,3780303,SKU_0010,2,REF_SKU_0010,LOC_SKU_0010,5,15,"[25.0, 33.0]",A2533,25.0,33.0
1101,12/11/2018,3780744,SKU_0003,2,REF_SKU_0003,LOC_SKU_0003,7,11,"[35.0, 25.3]",A3525,35.0,25.3
1102,12/11/2018,3780881,SKU_0052,2,REF_SKU_0052,LOC_SKU_0052,3,19,"[15.0, 39.4]",A1539,15.0,39.4
1103,12/11/2018,3780588,SKU_0001,1,REF_SKU_0001,LOC_SKU_0001,7,20,"[35.0, 40.9]",A3541,35.0,40.9
1104,12/11/2018,3780987,SKU_0008,4,REF_SKU_0008,LOC_SKU_0008,8,21,"[40.0, 42.5]",A4042,40.0,42.5
1105,12/11/2018,3780840,SKU_0003,2,REF_SKU_0003,LOC_SKU_0003,7,11,"[35.0, 25.3]",A3525,35.0,25.3
1106,12/11/2018,3780345,SKU_0238,2,REF_SKU_0238,LOC_SKU_0238,10,11,"[50.0, 25.1]",A5025,50.0,25.1
1107,12/11/2018,3780814,SKU_0001,5,REF_SKU_0001,LOC_SKU_0001,7,20,"[35.0, 40.9]",A3541,35.0,40.9
1108,12/11/2018,3780964,SKU_0014,5,REF_SKU_0014,LOC_SKU_0014,3,10,"[15.0, 22.5]",A1522,15.0,22.5
1109,12/11/2018,3780801,SKU_0053,3,REF_SKU_0053,LOC_SKU_0053,10,6,"[50.0, 16.0]",A5016,50.0,16.0
1110,12/11/2018,3780001,SKU_0009,3,REF_SKU_0009,LOC_SKU_0009,6,0,"[30.0, 5.5]",A3006,30.0,5.5
1111,12/11/2018,3780147,SKU_0001,5,REF_SKU_0001,LOC_SKU_0001,7,20,"[35.0, 40.9]",A3541,35.0,40.9
1112,12/11/2018,3780287,SKU_0384,4,REF_SKU_0384,LOC_SKU_0384,8,18,"[40.0, 37.7]",A4038,40.0,37.7
1113,12/11/2018,3780976,SKU_0011,3,REF_SKU_0011,LOC_SKU_0011,10,13,"[50.0, 28.9]",A5029,50.0,28.9
1114,12/11/2018,3780654,SKU_0021,4,REF_SKU_0021,LOC_SKU_0021,10,2,"[50.0, 9.8]",A5010,50.0,9.8
1115,12/11/2018,3780053,SKU_0002,5,REF_SKU_0002,LOC_SKU_0002,8,15,"[40.0, 32.1]",A4032,40.0,32.1
1116,12/11/2018,3780304,SKU_0009,3,REF_SKU_0009,LOC_SKU_0009,6,0,"[30.0, 5.5]",A3006,30.0,5.5
1117,12/11/2018,3780069,SKU_0006,2,REF_SKU_0006,LOC_SKU_0006,8,18,"[40.0, 37.0]",A4037,40.0,37.0
1118,12/11/2018,3780361,SKU_0001,5,REF_SKU_0001,LOC_SKU_0001,7,20,"[35.0, 40.9]",A3541,35.0,40.9
1119,12/11/2018,3780602,SKU_0001,3,REF_SKU_0001,LOC_SKU_0001,7,20,"[35.0, 40.9]",A3541,35.0,40.9
1120,12/11/2018,3780958,SKU_0116,4,REF_SKU_0116,LOC_SKU_0116,9,17,"[45.0, 35.0]",A4535,45.0,35.0
1121,12/11/2018,3780220,SKU_0002,4,REF_SKU_0002,LOC_SKU_0002,8,15,"[40.0, 32.1]",A4032,40.0,32.1
1122,12/11/2018,3780962,SKU_0002,3,REF_SKU_0002,LOC_SKU_0002,8,15,"[40.0, 32.1]",A4032,40.0,32.1
1123,12/11/2018,3780704,SKU_0010,4,REF_SKU_0010,LOC_SKU_0010,5,15,"[25.0, 33.0]",A2533,25.0,33.0
1124,12/11/2018,3780966,SKU_0066,3,REF_SKU_0066,LOC_SKU_0066,10,3,"[50.0, 10.9]",A5011,50.0,10.9
1125,12/11/2018,3780575,SKU_0001,3,REF_SKU_0001,LOC_SKU_0001,7,20,"[35.0, 40.9]",A3541,35.0,40.9
1126,12/11/2018,3780585,SKU_0016,4,REF_SKU_0016,LOC_SKU_0016,3,22,"[15.0, 43.8]",A1544,15.0,43.8
1127,12/11/2018,3780161,SKU_0001,1,REF_SKU_0001,LOC_SKU_0001,7,20,"[35.0, 40.9]",A3541,35.0,40.9
1128,12/11/2018,3780681,SKU_0001,2,REF_SKU_0001,LOC_SKU_0001,7,20,"[35.0, 40.9]",A3541,35.0,40.9
1129,12/11/2018,3780089,SKU_0001,5,REF_SKU_0001,LOC_SKU_0001,7,20,"[35.0, 40.9]",A3541,35.0,40.9
1130,12/11/2018,3780688,SKU_0113,2,REF_SKU_0113,LOC_SKU_0113,1,4,"[5.0, 12.7]",A0513,5.0,12.7
1131,12/11/2018,3780781,SKU_0001,5,REF_SKU_0001,LOC_SKU_0001,7,20,"[35.0, 40.9]",A3541,35.0,40.9
1132,12/11/2018,3780585,SKU_0001,5,REF_SKU_0001,LOC_SKU_0001,7,20,"[35.0, 40.9]",A3541,35.0,40.9
1133,12/11/2018,3780757,SKU_0006,2,REF_SKU_0006,LOC_SKU_0006,8,18,"[40.0, 37.0]",A4037,40.0,37.0
1134,12/11/2018,3780589,SKU_0122,3,REF_SKU_0122,LOC_SKU_0122,5,4,"[25.0, 13.5]",A2514,25.0,13.5
1135,12/11/2018,3780159,SKU_0002,4,REF_SKU_0002,LOC_SKU_0002,8,15,"[40.0, 32.1]",A4032,40.0,32.1
1136,12/11/2018,3780489,SKU_0006,1,REF_SKU_0006,LOC_SKU_0006,8,18,"[40.0, 37.0]",A4037,40.0,37.0
1137,12/11/2018,3780971,SKU_0001,1,REF_SKU_0001,LOC_SKU_0001,7,20,"[35.0, 40.9]",A3541,35.0,40.9
1138,12/11/2018,3780324,SKU_0007,1,REF_SKU_0007,LOC_SKU_0007,6,1,"[30.0, 8.0]",A3008,30.0,8.0
1139,12/11/2018,3780610,SKU_0016,2,REF_SKU_0016,LOC_SKU_0016,3,22,"[15.0, 43.8]",A1544,15.0,43.8
1140,12/11/2018,3780381,SKU_0015,2,REF_SKU_0015,LOC_SKU_0015,4,15,"[20.0, 31.9]",A2032,20.0,31.9
1141,12/11/2018,3780102,SKU_0003,3,REF_SKU_0003,LOC_SKU_0003,7,11,"[35.0, 25.3]",A3525,35.0,25.3
1142,12/11/2018,3780494,SKU_0003,1,REF_SKU_0003,LOC_SKU_0003,7,11,"[35.0, 25.3]",A3525,35.0,25.3
1143,12/11/2018,3780644,SKU_0001,3,REF_SKU_0001,LOC_SKU_0001,7,20,"[35.0, 40.9]",A3541,35.0,40.9
1144,12/11/2018,3780614,SKU_0004,1,REF_SKU_0004,LOC_SKU_0004,7,1,"[35.0, 8.1]",A3508,35.0,8.1
1145,12/11/2018,3780019,SKU_0001,2,REF_SKU_0001,LOC_SKU_0001,7,20,"[35.0, 40.9]",A3541,35.0,40.9
1146,12/11/2018,3780454,SKU_0065,4,REF_SKU_0065,LOC_SKU_0065,4,22,"[20.0, 45.2]",A2045,20.0,45.2
1147,12/11/2018,3780482,SKU_0363,4,REF_SKU_0363,LOC_SKU_0363,9,22,"[45.0, 45.1]",A4545,45.0,45.1
1148,12/11/2018,3780594,SKU_0376,4,REF_SKU_0376,LOC_SKU_0376,7,12,"[35.0, 27.2]",A3527,35.0,27.2
1149,12/11/2018,3780397,SKU_0146,4,REF_SKU_0146,LOC_SKU_0146,6,9,"[30.0, 21.5]",A3022,30.0,21.5
1150,12/11/2018,3780279,SKU_0019,5,REF_SKU_0019,LOC_SKU_0019,9,24,"[45.0, 48.5]",A4548,45.0,48.5
1151,12/11/2018,3780851,SKU_0039,1,REF_SKU_0039,LOC_SKU_0039,9,19,"[45.0, 39.9]",A4540,45.0,39.9
1152,12/11/2018,3780365,SKU_0003,4,REF_SKU_0003,LOC_SKU_0003,7,11,"[35.0, 25.3]",A3525,35.0,25.3
1153,12/11/2018,3780331,SKU_0023,5,REF_SKU_0023,LOC_SKU_0023,7,15,"[35.0, 32.6]",A3533,35.0,32.6
1154,12/11/2018,3780641,SKU_0007,5,REF_SKU_0007,LOC_SKU_0007,6,1,"[30.0, 8.0]",A3008,30.0,8.0
1155,12/11/2018,3780344,SKU_0009,5,REF_SKU_0009,LOC_SKU_0009,6,0,"[30.0, 5.5]",A3006,30.0,5.5
1156,12/11/2018,3780822,SKU_0061,3,REF_SKU_0061,LOC_SKU_0061,7,7,"[35.0, 18.4]",A3518,35.0,18.4
1157,12/11/2018,3780455,SKU_0003,3,REF_SKU_0003,LOC_SKU_0003,7,11,"[35.0, 25.3]",A3525,35.0,25.3
1158,12/11/2018,3780601,SKU_0003,5,REF_SKU_0003,LOC_SKU_0003,7,11,"[35.0, 25.3]",A3525,35.0,25.3
1159,12/11/2018,3780725,SKU_0247,4,REF_SKU_0247,LOC_SKU_0247,5,6,"[25.0, 15.9]",A2516,25.0,15.9
1160,12/11/2018,3780655,SKU_0001,1,REF_SKU_0001,LOC_SKU_0001,7,20,"[35.0, 40.9]",A3541,35.0,40.9
1161,12/11/2018,3780065,SKU_0009,2,REF_SKU_0009,LOC_SKU_0009,6,0,"[30.0, 5.5]",A3006,30.0,5.5
1162,12/11/2018,3780076,SKU_0222,3,REF_SKU_0222,LOC_SKU_0222,5,6,"[25.0, 16.1]",A2516,25.0,16.1
1163,12/11/2018,3780711,SKU_0020,4,REF_SKU_0020,LOC_SKU_0020,2,10,"[10.0, 22.7]",A1023,10.0,22.7
1164,12/11/2018,3780143,SKU_0013,4,REF_SKU_0013,LOC_SKU_0013,10,1,"[50.0, 7.6]",A5008,50.0,7.6
1165,12/11/2018,3780917,SKU_0002,2,REF_SKU_0002,LOC_SKU_0002,8,15,"[40.0, 32.1]",A4032,40.0,32.1
1166,12/11/2018,3780915,SKU_0004,2,REF_SKU_0004,LOC_SKU_0004,7,1,"[35.0, 8.1]",A3508,35.0,8.1
1167,12/11/2018,3780828,SKU_0131,4,REF_SKU_0131,LOC_SKU_0131,1,14,"[5.0, 31.2]",A0531,5.0,31.2
1168,12/11/2018,3780605,SKU_0014,2,REF_SKU_0014,LOC_SKU_0014,3,10,"[15.0, 22.5]",A1522,15.0,22.5
1169,12/11/2018,3780473,SKU_0011,4,REF_SKU_0011,LOC_SKU_0011,10,13,"[50.0, 28.9]",A5029,50.0,28.9
1170,12/11/2018,3780417,SKU_0001,2,REF_SKU_0001,LOC_SKU_0001,7,20,"[35.0, 40.9]",A3541,35.0,40.9
1171,12/11/2018,3780305,SKU_0001,2,REF_SKU_0001,LOC_SKU_0001,7,20,"[35.0, 40.9]",A3541,35.0,40.9
1172,12/11/2018,3780736,SKU_0354,4,REF_SKU_0354,LOC_SKU_0354,10,1,"[50.0, 7.1]",A5007,50.0,7.1
1173,12/11/2018,3780497,SKU_0004,5,REF_SKU_0004,LOC_SKU_0004,7,1,"[35.0, 8.1]",A3508,35.0,8.1
1174,12/11/2018,3780291,SKU_0019,4,REF_SKU_0019,LOC_SKU_0019,9,24,"[45.0, 48.5]",A4548,45.0,48.5
1175,12/11/2018,3780940,SKU_0001,1,REF_SKU_0001,LOC_SKU_0001,7,20,"[35.0, 40.9]",A3541,35.0,40.9
1176,12/11/2018,3780102,SKU_0034,2,REF_SKU_0034,LOC_SKU_0034,5,10,"[25.0, 22.8]",A2523,25.0,22.8
1177,12/11/2018,3780986,SKU_0265,3,REF_SKU_0265,LOC_SKU_0265,6,20,"[30.0, 41.2]",A3041,30.0,41.2
1178,12/11/2018,3780267,SKU_0016,2,REF_SKU_0016,LOC_SKU_0016,3,22,"[15.0, 43.8]",A1544,15.0,43.8
1179,12/11/2018,3780867,SKU_0001,1,REF_SKU_0001,LOC_SKU_0001,7,20,"[35.0, 40.9]",A3541,35.0,40.9
1180,12/11/2018,3780968,SKU_0017,3,REF_SKU_0017,LOC_SKU_0017,7,4,"[35.0, 13.1]",A3513,35.0,13.1
1181,12/11/2018,3780622,SKU_0065,3,REF_SKU_0065,LOC_SKU_0065,4,22,"[20.0, 45.2]",A2045,20.0,45.2
1182,12/11/2018,3780974,SKU_0005,4,REF_SKU_0005,LOC_SKU_0005,8,8,"[40.0, 20.4]",A4020,40.0,20.4
1183,12/11/2018,3780842,SKU_0166,5,REF_SKU_0166,LOC_SKU_0166,5,11,"[25.0, 25.8]",A2526,25.0,25.8
1184,12/11/2018,3780962,SKU_0027,4,REF_SKU_0027,LOC_SKU_0027,6,5,"[30.0, 14.8]",A3015,30.0,14.8
1185,12/11/2018,3780942,SKU_0197,3,REF_SKU_0197,LOC_SKU_0197,10,13,"[50.0, 27.8]",A5028,50.0,27.8
1186,12/11/2018,3780777,SKU_0022,3,REF_SKU_0022,LOC_SKU_0022,4,6,"[20.0, 16.2]",A2016,20.0,16.2
1187,12/11/2018,3780003,SKU_0001,5,REF_SKU_0001,LOC_SKU_0001,7,20,"[35.0, 40.9]",A3541,35.0,40.9
1188,12/11/2018,3780085,SKU_0003,2,REF_SKU_0003,LOC_SKU_0003,7,11,"[35.0, 25.3]",A3525,35.0,25.3
1189,12/11/2018,3780794,SKU_0002,5,REF_SKU_0002,LOC_SKU_0002,8,15,"[40.0, 32.1]",A4032,40.0,32.1
1190,12/11/2018,3780328,SKU_0214,4,REF_SKU_0214,LOC_SKU_0214,8,18,"[40.0, 38.2]",A4038,40.0,38.2
1191,12/11/2018,3780816,SKU_0062,2,REF_SKU_0062,LOC_SKU_0062,6,22,"[30.0, 44.7]",A3045,30.0,44.7
1192,12/11/2018,3780450,SKU_0033,4,REF_SKU_0033,LOC_SKU_0033,9,24,"[45.0, 48.3]",A4548,45.0,48.3
1193,12/11/2018,3780454,SKU_0003,5,REF_SKU_0003,LOC_SKU_0003,7,11,"[35.0, 25.3]",A3525,35.0,25.3
1194,12/11/2018,3780924,SKU_0001,2,REF_SKU_0001,LOC_SKU_0001,7,20,"[35.0, 40.9]",A3541,35.0,40.9
1195,12/11/2018,3780629,SKU_0060,5,REF_SKU_0060,LOC_SKU_0060,4,24,"[20.0, 47.5]",A2048,20.0,47.5
1196,12/11/2018,3780221,SKU_0008,1,REF_SKU_0008,LOC_SKU_0008,8,21,"[40.0, 42.5]",A4042,40.0,42.5
1197,12/11/2018,3780154,SKU_0002,3,REF_SKU_0002,LOC_SKU_0002,8,15,"[40.0, 32.1]",A4032,40.0,32.1
1198,12/11/2018,3780665,SKU_0021,2,REF_SKU_0021,LOC_SKU_0021,10,2,"[50.0, 9.8]",A5010,50.0,9.8
1199,12/11/2018,3780012,SKU_0001,3,REF_SKU_0001,LOC_SKU_0001,7,20,"[35.0, 40.9]",A3541,35.0,40.9
1200,12/11/2018,3780133,SKU_0003,1,REF_SKU_0003,LOC_SKU_0003,7,11,"[35.0, 25.3]",A3525,35.0,25.3
1201,12/11/2018,3780994,SKU_0008,2,REF_SKU_0008,LOC_SKU_0008,8,21,"[40.0, 42.5]",A4042,40.0,42.5
1202,12/11/2018,3780304,SKU_0001,3,REF_SKU_0001,LOC_SKU_0001,7,20,"[35.0, 40.9]",A3541,35.0,40.9
1203,12/11/2018,3780293,SKU_0432,3,REF_SKU_0432,LOC_SKU_0432,6,18,"[30.0, 37.3]",A3037,30.0,37.3
1204,12/11/2018,3780975,SKU_0002,2,REF_SKU_0002,LOC_SKU_0002,8,15,"[40.0, 32.1]",A4032,40.0,32.1
1205,12/11/2018,3780300,SKU_0001,3,REF_SKU_0001,LOC_SKU_0001,7,20,"[35.0, 40.9]",A3541,35.0,40.9
1206,12/11/2018,3780740,SKU_0002,3,REF_SKU_0002,LOC_SKU_0002,8,15,"[40.0, 32.1]",A4032,40.0,32.1
1207,12/11/2018,3780783,SKU_0066,2,REF_SKU_0066,LOC_SKU_0066,10,3,"[50.0, 10.9]",A5011,50.0,10.9
1208,12/11/2018,3780043,SKU_0006,3,REF_SKU_0006,LOC_SKU_0006,8,18,"[40.0, 37.0]",A4037,40.0,37.0
1209,12/11/2018,3780944,SKU_0015,3,REF_SKU_0015,LOC_SKU_0015,4,15,"[20.0, 31.9]",A2032,20.0,31.9
1210,12/11/2018,3780343,SKU_0001,4,REF_SKU_0001,LOC_SKU_0001,7,20,"[35.0, 40.9]",A3541,35.0,40.9
1211,12/11/2018,3780326,SKU_0001,4,REF_SKU_0001,LOC_SKU_0001,7,20,"[35.0, 40.9]",A3541,35.0,40.9
1212,12/11/2018,3780814,SKU_0007,1,REF_SKU_0007,LOC_SKU_0007,6,1,"[30.0, 8.0]",A3008,30.0,8.0
1213,12/11/2018,3780498,SKU_0097,4,REF_SKU_0097,LOC_SKU_0097,4,16,"[20.0, 34.2]",A2034,20.0,34.2
1214,12/11/2018,3780364,SKU_0174,4,REF_SKU_0174,LOC_SKU_0174,7,6,"[35.0, 16.7]",A3517,35.0,16.7
1215,12/11/2018,3780891,SKU_0001,1,REF_SKU_0001,LOC_SKU_0001,7,20,"[35.0, 40.9]",A3541,35.0,40.9
1216,12/11/2018,3780427,SKU_0012,3,REF_SKU_0012,LOC_SKU_0012,9,7,"[45.0, 18.5]",A4518,45.0,18.5
1217,12/11/2018,3780021,SKU_0223,3,REF_SKU_0223,LOC_SKU_0223,7,19,"[35.0, 38.9]",A3539,35.0,38.9
1218,12/11/2018,3780407,SKU_0005,4,REF_SKU_0005,LOC_SKU_0005,8,8,"[40.0, 20.4]",A4020,40.0,20.4
1219,12/11/2018,3780619,SKU_0108,1,REF_SKU_0108,LOC_SKU_0108,7,8,"[35.0, 20.6]",A3521,35.0,20.6
1220,12/11/2018,3780336,SKU_0001,3,REF_SKU_0001,LOC_SKU_0001,7,20,"[35.0, 40.9]",A3541,35.0,40.9
1221,12/11/2018,3780815,SKU_0272,5,REF_SKU_0272,LOC_SKU_0272,1,16,"[5.0, 33.4]",A0533,5.0,33.4
1222,12/11/2018,3780117,SKU_0058,2,REF_SKU_0058,LOC_SKU_0058,4,23,"[20.0, 45.9]",A2046,20.0,45.9
1223,12/11/2018,3780124,SKU_0288,2,REF_SKU_0288,LOC_SKU_0288,2,2,"[10.0, 9.2]",A1009,10.0,9.2
1224,12/11/2018,3780399,SKU_0033,2,REF_SKU_0033,LOC_SKU_0033,9,24,"[45.0, 48.3]",A4548,45.0,48.3
1225,12/11/2018,3780793,SKU_0004,4,REF_SKU_0004,LOC_SKU_0004,7,1,"[35.0, 8.1]",A3508,35.0,8.1
1226,12/11/2018,3780804,SKU_0279,2,REF_SKU_0279,LOC_SKU_0279,4,12,"[20.0, 26.1]",A2026,20.0,26.1
1227,12/11/2018,3780715,SKU_0002,2,REF_SKU_0002,LOC_SKU_0002,8,15,"[40.0, 32.1]",A4032,40.0,32.1
1228,12/11/2018,3780051,SKU_0003,5,REF_SKU_0003,LOC_SKU_0003,7,11,"[35.0, 25.3]",A3525,35.0,25.3
1229,12/11/2018,3780783,SKU_0039,3,REF_SKU_0039,LOC_SKU_0039,9,19,"[45.0, 39.9]",A4540,45.0,39.9
1230,12/11/2018,3780324,SKU_0064,5,REF_SKU_0064,LOC_SKU_0064,9,3,"[45.0, 10.2]",A4510,45.0,10.2
1231,12/11/2018,3780789,SKU_0258,4,REF_SKU_0258,LOC_SKU_0258,10,19,"[50.0, 38.5]",A5038,50.0,38.5
1232,12/11/2018,3780141,SKU_0002,2,REF_SKU_0002,LOC_SKU_0002,8,15,"[40.0, 32.1]",A4032,40.0,32.1
1233,12/11/2018,3780470,SKU_0084,3,REF_SKU_0084,LOC_SKU_0084,1,16,"[5.0, 33.7]",A0534,5.0,33.7
1234,12/11/2018,3780787,SKU_0052,2,REF_SKU_0052,LOC_SKU_0052,3,19,"[15.0, 39.4]",A1539,15.0,39.4
1235,12/11/2018,3780802,SKU_0001,2,REF_SKU_0001,LOC_SKU_0001,7,20,"[35.0, 40.9]",A3541,35.0,40.9
1236,12/11/2018,3780334,SKU_0005,4,REF_SKU_0005,LOC_SKU_0005,8,8,"[40.0, 20.4]",A4020,40.0,20.4
1237,12/11/2018,3780893,SKU_0003,2,REF_SKU_0003,LOC_SKU_0003,7,11,"[35.0, 25.3]",A3525,35.0,25.3
1238,12/11/2018,3780964,SKU_0003,1,REF_SKU_0003,LOC_SKU_0003,7,11,"[35.0, 25.3]",A3525,35.0,25.3
1239,12/11/2018,3780373,SKU_0425,3,REF_SKU_0425,LOC_SKU_0425,3,8,"[15.0, 20.4]",A1520,15.0,20.4
1240,12/11/2018,3780564,SKU_0026,3,REF_SKU_0026,LOC_SKU_0026,8,19,"[40.0, 39.1]",A4039,40.0,39.1
1241,12/11/2018,3780494,SKU_0044,1,REF_SKU_0044,LOC_SKU_0044,10,3,"[50.0, 10.7]",A5011,50.0,10.7
1242,12/11/2018,3780539,SKU_0400,4,REF_SKU_0400,LOC_SKU_0400,9,15,"[45.0, 32.0]",A4532,45.0,32.0
1243,12/11/2018,3780669,SKU_0004,2,REF_SKU_0004,LOC_SKU_0004,7,1,"[35.0, 8.1]",A3508,35.0,8.1
1244,12/11/2018,3780751,SKU_0086,2,REF_SKU_0086,LOC_SKU_0086,10,25,"[50.0, 49.4]",A5049,50.0,49.4
1245,12/11/2018,3780156,SKU_0006,3,REF_SKU_0006,LOC_SKU_0006,8,18,"[40.0, 37.0]",A4037,40.0,37.0
1246,12/11/2018,3780291,SKU_0152,4,REF_SKU_0152,LOC_SKU_0152,2,22,"[10.0, 44.1]",A1044,10.0,44.1
1247,12/11/2018,3780648,SKU_0001,4,REF_SKU_0001,LOC_SKU_0001,7,20,"[35.0, 40.9]",A3541,35.0,40.9
1248,12/11/2018,3780144,SKU_0305,4,REF_SKU_0305,LOC_SKU_0305,5,11,"[25.0, 25.5]",A2526,25.0,25.5
1249,12/11/2018,3780106,SKU_0002,2,REF_SKU_0002,LOC_SKU_0002,8,15,"[40.0, 32.1]",A4032,40.0,32.1
1250,12/11/2018,3780420,SKU_0003,4,REF_SKU_0003,LOC_SKU_0003,7,11,"[35.0, 25.3]",A3525,35.0,25.3
1251,12/11/2018,3780670,SKU_0060,1,REF_SKU_0060,LOC_SKU_0060,4,24,"[20.0, 47.5]",A2048,20.0,47.5
1252,12/11/2018,3780658,SKU_0005,5,REF_SKU_0005,LOC_SKU_0005,8,8,"[40.0, 20.4]",A4020,40.0,20.4
1253,12/11/2018,3780002,SKU_0020,4,REF_SKU_0020,LOC_SKU_0020,2,10,"[10.0, 22.7]",A1023,10.0,22.7
1254,12/11/2018,3780945,SKU_0007,5,REF_SKU_0007,LOC_SKU_0007,6,1,"[30.0, 8.0]",A3008,30.0,8.0
1255,12/11/2018,3780589,SKU_0054,2,REF_SKU_0054,LOC_SKU_0054,7,1,"[35.0, 7.3]",A3507,35.0,7.3
1256,12/11/2018,3780644,SKU_0002,4,REF_SKU_0002,LOC_SKU_0002,8,15,"[40.0, 32.1]",A4032,40.0,32.1
1257,12/11/2018,3780090,SKU_0001,3,REF_SKU_0001,LOC_SKU_0001,7,20,"[35.0, 40.9]",A3541,35.0,40.9
1258,12/11/2018,3780345,SKU_0003,2,REF_SKU_0003,LOC_SKU_0003,7,11,"[35.0, 25.3]",A3525,35.0,25.3
1259,12/11/2018,3780350,SKU_0008,1,REF_SKU_0008,LOC_SKU_0008,8,21,"[40.0, 42.5]",A4042,40.0,42.5
1260,12/11/2018,3780459,SKU_0001,1,REF_SKU_0001,LOC_SKU_0001,7,20,"[35.0, 40.9]",A3541,35.0,40.9
1261,12/11/2018,3780263,SKU_0004,5,REF_SKU_0004,LOC_SKU_0004,7,1,"[35.0, 8.1]",A3508,35.0,8.1
1262,12/11/2018,3780351,SKU_0005,5,REF_SKU_0005,LOC_SKU_0005,8,8,"[40.0, 20.4]",A4020,40.0,20.4
1263,12/11/2018,3780108,SKU_0001,3,REF_SKU_0001,LOC_SKU_0001,7,20,"[35.0, 40.9]",A3541,35.0,40.9
1264,12/11/2018,3780586,SKU_0017,3,REF_SKU_0017,LOC_SKU_0017,7,4,"[35.0, 13.1]",A3513,35.0,13.1
1265,12/11/2018,3780039,SKU_0173,1,REF_SKU_0173,LOC_SKU_0173,3,11,"[15.0, 25.0]",A1525,15.0,25.0
1266,12/11/2018,3780909,SKU_0001,4,REF_SKU_0001,LOC_SKU_0001,7,20,"[35.0, 40.9]",A3541,35.0,40.9
1267,12/11/2018,3780159,SKU_0019,1,REF_SKU_0019,LOC_SKU_0019,9,24,"[45.0, 48.5]",A4548,45.0,48.5
1268,12/11/2018,3780583,SKU_0030,1,REF_SKU_0030,LOC_SKU_0030,2,10,"[10.0, 23.1]",A1023,10.0,23.1
1269,12/11/2018,3780959,SKU_0006,3,REF_SKU_0006,LOC_SKU_0006,8,18,"[40.0, 37.0]",A4037,40.0,37.0
1270,12/11/2018,3780312,SKU_0039,5,REF_SKU_0039,LOC_SKU_0039,9,19,"[45.0, 39.9]",A4540,45.0,39.9
1271,12/11/2018,3780241,SKU_0005,3,REF_SKU_0005,LOC_SKU_0005,8,8,"[40.0, 20.4]",A4020,40.0,20.4
1272,12/11/2018,3780938,SKU_0010,3,REF_SKU_0010,LOC_SKU_0010,5,15,"[25.0, 33.0]",A2533,25.0,33.0
1273,12/11/2018,3780445,SKU_0001,3,REF_SKU_0001,LOC_SKU_0001,7,20,"[35.0, 40.9]",A3541,35.0,40.9
1274,12/11/2018,3780298,SKU_0037,1,REF_SKU_0037,LOC_SKU_0037,9,7,"[45.0, 18.7]",A4519,45.0,18.7
1275,12/11/2018,3780952,SKU_0029,4,REF_SKU_0029,LOC_SKU_0029,2,19,"[10.0, 40.0]",A1040,10.0,40.0
1276,12/11/2018,3780036,SKU_0001,1,REF_SKU_0001,LOC_SKU_0001,7,20,"[35.0, 40.9]",A3541,35.0,40.9
1277,12/11/2018,3780084,SKU_0004,2,REF_SKU_0004,LOC_SKU_0004,7,1,"[35.0, 8.1]",A3508,35.0,8.1
1278,12/11/2018,3780452,SKU_0409,3,REF_SKU_0409,LOC_SKU_0409,8,21,"[40.0, 42.3]",A4042,40.0,42.3
1279,12/11/2018,3780886,SKU_0006,3,REF_SKU_0006,LOC_SKU_0006,8,18,"[40.0, 37.0]",A4037,40.0,37.0
1280,12/11/2018,3780775,SKU_0010,2,REF_SKU_0010,LOC_SKU_0010,5,15,"[25.0, 33.0]",A2533,25.0,33.0
1281,12/11/2018,3780822,SKU_0216,3,REF_SKU_0216,LOC_SKU_0216,4,4,"[20.0, 13.4]",A2013,20.0,13.4
1282,12/11/2018,3780385,SKU_0044,3,REF_SKU_0044,LOC_SKU_0044,10,3,"[50.0, 10.7]",A5011,50.0,10.7
1283,12/11/2018,3780172,SKU_0017,3,REF_SKU_0017,LOC_SKU_0017,7,4,"[35.0, 13.1]",A3513,35.0,13.1
1284,12/11/2018,3780376,SKU_0083,2,REF_SKU_0083,LOC_SKU_0083,6,1,"[30.0, 7.0]",A3007,30.0,7.0
1285,12/11/2018,3780685,SKU_0145,1,REF_SKU_0145,LOC_SKU_0145,2,15,"[10.0, 32.9]",A1033,10.0,32.9
1286,12/11/2018,3780362,SKU_0007,3,REF_SKU_0007,LOC_SKU_0007,6,1,"[30.0, 8.0]",A3008,30.0,8.0
1287,12/11/2018,3780559,SKU_0008,4,REF_SKU_0008,LOC_SKU_0008,8,21,"[40.0, 42.5]",A4042,40.0,42.5
1288,12/11/2018,3780891,SKU_0005,2,REF_SKU_0005,LOC_SKU_0005,8,8,"[40.0, 20.4]",A4020,40.0,20.4
1289,12/11/2018,3780141,SKU_0364,5,REF_SKU_0364,LOC_SKU_0364,4,12,"[20.0, 26.6]",A2027,20.0,26.6
1290,12/11/2018,3780887,SKU_0038,2,REF_SKU_0038,LOC_SKU_0038,1,0,"[5.0, 6.2]",A0506,5.0,6.2
1291,12/11/2018,3780918,SKU_0001,1,REF_SKU_0001,LOC_SKU_0001,7,20,"[35.0, 40.9]",A3541,35.0,40.9
1292,12/11/2018,3780118,SKU_0144,2,REF_SKU_0144,LOC_SKU_0144,8,2,"[40.0, 8.6]",A4009,40.0,8.6
1293,12/11/2018,3780277,SKU_0008,5,REF_SKU_0008,LOC_SKU_0008,8,21,"[40.0, 42.5]",A4042,40.0,42.5
1294,12/11/2018,3780726,SKU_0001,4,REF_SKU_0001,LOC_SKU_0001,7,20,"[35.0, 40.9]",A3541,35.0,40.9
1295,12/11/2018,3780220,SKU_0013,5,REF_SKU_0013,LOC_SKU_0013,10,1,"[50.0, 7.6]",A5008,50.0,7.6
1296,12/11/2018,3780905,SKU_0006,2,REF_SKU_0006,LOC_SKU_0006,8,18,"[40.0, 37.0]",A4037,40.0,37.0
1297,12/11/2018,3780026,SKU_0163,5,REF_SKU_0163,LOC_SKU_0163,6,13,"[30.0, 29.4]",A3029,30.0,29.4
1298,12/11/2018,3780521,SKU_0002,2,REF_SKU_0002,LOC_SKU_0002,8,15,"[40.0, 32.1]",A4032,40.0,32.1
1299,12/11/2018,3780783,SKU_0106,4,REF_SKU_0106,LOC_SKU_0106,2,25,"[10.0, 49.8]",A1050,10.0,49.8
1300,12/11/2018,3780010,SKU_0014,4,REF_SKU_0014,LOC_SKU_0014,3,10,"[15.0, 22.5]",A1522,15.0,22.5
1301,12/11/2018,3780984,SKU_0001,1,REF_SKU_0001,LOC_SKU_0001,7,20,"[35.0, 40.9]",A3541,35.0,40.9
1302,12/11/2018,3780378,SKU_0382,4,REF_SKU_0382,LOC_SKU_0382,4,0,"[20.0, 5.7]",A2006,20.0,5.7
1303,12/11/2018,3780633,SKU_0010,3,REF_SKU_0010,LOC_SKU_0010,5,15,"[25.0, 33.0]",A2533,25.0,33.0
1304,12/11/2018,3780637,SKU_0003,5,REF_SKU_0003,LOC_SKU_0003,7,11,"[35.0, 25.3]",A3525,35.0,25.3
1305,12/11/2018,3780682,SKU_0008,5,REF_SKU_0008,LOC_SKU_0008,8,21,"[40.0, 42.5]",A4042,40.0,42.5
1306,12/11/2018,3780584,SKU_0137,2,REF_SKU_0137,LOC_SKU_0137,1,14,"[5.0, 30.1]",A0530,5.0,30.1
1307,12/11/2018,3780152,SKU_0003,4,REF_SKU_0003,LOC_SKU_0003,7,11,"[35.0, 25.3]",A3525,35.0,25.3
1308,12/11/2018,3780720,SKU_0002,1,REF_SKU_0002,LOC_SKU_0002,8,15,"[40.0, 32.1]",A4032,40.0,32.1
1309,12/11/2018,3780049,SKU_0001,1,REF_SKU_0001,LOC_SKU_0001,7,20,"[35.0, 40.9]",A3541,35.0,40.9
1310,12/11/2018,3780154,SKU_0003,1,REF_SKU_0003,LOC_SKU_0003,7,11,"[35.0, 25.3]",A3525,35.0,25.3
1311,12/11/2018,3780859,SKU_0072,3,REF_SKU_0072,LOC_SKU_0072,9,12,"[45.0, 27.1]",A4527,45.0,27.1
1312,12/11/2018,3780293,SKU_0008,4,REF_SKU_0008,LOC_SKU_0008,8,21,"[40.0, 42.5]",A4042,40.0,42.5
1313,12/11/2018,3780580,SKU_0002,1,REF_SKU_0002,LOC_SKU_0002,8,15,"[40.0, 32.1]",A4032,40.0,32.1
1314,12/11/2018,3780050,SKU_0001,3,REF_SKU_0001,LOC_SKU_0001,7,20,"[35.0, 40.9]",A3541,35.0,40.9
1315,12/11/2018,3780664,SKU_0003,5,REF_SKU_0003,LOC_SKU_0003,7,11,"[35.0, 25.3]",A3525,35.0,25.3
1316,12/11/2018,3780531,SKU_0284,2,REF_SKU_0284,LOC_SKU_0284,4,15,"[20.0, 32.3]",A2032,20.0,32.3
1317,12/11/2018,3780612,SKU_0004,4,REF_SKU_0004,LOC_SKU_0004,7,1,"[35.0, 8.1]",A3508,35.0,8.1
1318,12/11/2018,3780060,SKU_0446,4,REF_SKU_0446,LOC_SKU_0446,10,15,"[50.0, 31.6]",A5032,50.0,31.6
1319,12/11/2018,3780167,SKU_0009,5,REF_SKU_0009,LOC_SKU_0009,6,0,"[30.0, 5.5]",A3006,30.0,5.5
1320,12/11/2018,3780202,SKU_0001,4,REF_SKU_0001,LOC_SKU_0001,7,20,"[35.0, 40.9]",A3541,35.0,40.9
1321,12/11/2018,3780857,SKU_0183,4,REF_SKU_0183,LOC_SKU_0183,7,16,"[35.0, 34.7]",A3535,35.0,34.7
1322,12/11/2018,3780146,SKU_0007,4,REF_SKU_0007,LOC_SKU_0007,6,1,"[30.0, 8.0]",A3008,30.0,8.0
1323,12/11/2018,3780915,SKU_0042,4,REF_SKU_0042,LOC_SKU_0042,3,20,"[15.0, 40.7]",A1541,15.0,40.7
1324,12/11/2018,3780676,SKU_0428,3,REF_SKU_0428,LOC_SKU_0428,7,14,"[35.0, 31.0]",A3531,35.0,31.0
1325,12/11/2018,3780970,SKU_0001,3,REF_SKU_0001,LOC_SKU_0001,7,20,"[35.0, 40.9]",A3541,35.0,40.9
1326,12/11/2018,3780993,SKU_0001,2,REF_SKU_0001,LOC_SKU_0001,7,20,"[35.0, 40.9]",A3541,35.0,40.9
1327,12/11/2018,3780439,SKU_0045,4,REF_SKU_0045,LOC_SKU_0045,7,21,"[35.0, 43.3]",A3543,35.0,43.3
1328,12/11/2018,3780242,SKU_0003,5,REF_SKU_0003,LOC_SKU_0003,7,11,"[35.0, 25.3]",A3525,35.0,25.3
1329,12/11/2018,3780581,SKU_0001,1,REF_SKU_0001,LOC_SKU_0001,7,20,"[35.0, 40.9]",A3541,35.0,40.9
1330,12/11/2018,3780687,SKU_0001,2,REF_SKU_0001,LOC_SKU_0001,7,20,"[35.0, 40.9]",A3541,35.0,40.9
1331,12/11/2018,3780561,SKU_0001,1,REF_SKU_0001,LOC_SKU_0001,7,20,"[35.0, 40.9]",A3541,35.0,40.9
1332,12/11/2018,3780483,SKU_0069,1,REF_SKU_0069,LOC_SKU_0069,9,20,"[45.0, 41.9]",A4542,45.0,41.9
1333,12/11/2018,3780108,SKU_0001,4,REF_SKU_0001,LOC_SKU_0001,7,20,"[35.0, 40.9]",A3541,35.0,40.9
1334,12/11/2018,3780226,SKU_0008,5,REF_SKU_0008,LOC_SKU_0008,8,21,"[40.0, 42.5]",A4042,40.0,42.5
1335,12/11/2018,3780673,SKU_0020,1,REF_SKU_0020,LOC_SKU_0020,2,10,"[10.0, 22.7]",A1023,10.0,22.7
1336,12/11/2018,3780631,SKU_0006,1,REF_SKU_0006,LOC_SKU_0006,8,18,"[40.0, 37.0]",A4037,40.0,37.0
1337,12/11/2018,3780661,SKU_0001,2,REF_SKU_0001,LOC_SKU_0001,7,20,"[35.0, 40.9]",A3541,35.0,40.9
1338,12/11/2018,3780977,SKU_0074,5,REF_SKU_0074,LOC_SKU_0074,8,24,"[40.0, 47.5]",A4048,40.0,47.5
1339,12/11/2018,3780662,SKU_0001,5,REF_SKU_0001,LOC_SKU_0001,7,20,"[35.0, 40.9]",A3541,35.0,40.9
1340,12/11/2018,3780432,SKU_0063,1,REF_SKU_0063,LOC_SKU_0063,10,20,"[50.0, 41.5]",A5042,50.0,41.5
1341,12/11/2018,3780805,SKU_0187,5,REF_SKU_0187,LOC_SKU_0187,5,3,"[25.0, 10.8]",A2511,25.0,10.8
1342,12/11/2018,3780655,SKU_0006,2,REF_SKU_0006,LOC_SKU_0006,8,18,"[40.0, 37.0]",A4037,40.0,37.0
1343,12/11/2018,3780419,SKU_0012,2,REF_SKU_0012,LOC_SKU_0012,9,7,"[45.0, 18.5]",A4518,45.0,18.5
1344,12/11/2018,3780988,SKU_0008,2,REF_SKU_0008,LOC_SKU_0008,8,21,"[40.0, 42.5]",A4042,40.0,42.5
1345,12/11/2018,3780455,SKU_0005,4,REF_SKU_0005,LOC_SKU_0005,8,8,"[40.0, 20.4]",A4020,40.0,20.4
1346,12/11/2018,3780160,SKU_0177,1,REF_SKU_0177,LOC_SKU_0177,5,1,"[25.0, 8.1]",A2508,25.0,8.1
1347,12/11/2018,3780523,SKU_0188,5,REF_SKU_0188,LOC_SKU_0188,5,2,"[25.0, 9.7]",A2510,25.0,9.7
1348,12/11/2018,3780650,SKU_0003,2,REF_SKU_0003,LOC_SKU_0003,7,11,"[35.0, 25.3]",A3525,35.0,25.3
1349,12/11/2018,3780969,SKU_0021,1,REF_SKU_0021,LOC_SKU_0021,10,2,"[50.0, 9.8]",A5010,50.0,9.8
1350,12/11/2018,3780590,SKU_0252,1,REF_SKU_0252,LOC_SKU_0252,4,9,"[20.0, 22.2]",A2022,20.0,22.2
1351,12/11/2018,3780077,SKU_0349,4,REF_SKU_0349,LOC_SKU_0349,1,2,"[5.0, 9.3]",A0509,5.0,9.3
1352,12/11/2018,3780509,SKU_0010,5,REF_SKU_0010,LOC_SKU_0010,5,15,"[25.0, 33.0]",A2533,25.0,33.0
1353,12/11/2018,3780441,SKU_0007,5,REF_SKU_0007,LOC_SKU_0007,6,1,"[30.0, 8.0]",A3008,30.0,8.0
1354,12/11/2018,3780254,SKU_0002,2,REF_SKU_0002,LOC_SKU_0002,8,15,"[40.0, 32.1]",A4032,40.0,32.1
1355,12/11/2018,3780921,SKU_0338,2,REF_SKU_0338,LOC_SKU_0338,3,1,"[15.0, 7.3]",A1507,15.0,7.3
1356,12/11/2018,3780770,SKU_0001,1,REF_SKU_0001,LOC_SKU_0001,7,20,"[35.0, 40.9]",A3541,35.0,40.9
1357,12/11/2018,3780320,SKU_0016,5,REF_SKU_0016,LOC_SKU_0016,3,22,"[15.0, 43.8]",A1544,15.0,43.8
1358,12/11/2018,3780803,SKU_0003,5,REF_SKU_0003,LOC_SKU_0003,7,11,"[35.0, 25.3]",A3525,35.0,25.3
1359,12/11/2018,3780263,SKU_0002,2,REF_SKU_0002,LOC_SKU_0002,8,15,"[40.0, 32.1]",A4032,40.0,32.1
1360,12/11/2018,3780597,SKU_0005,3,REF_SKU_0005,LOC_SKU_0005,8,8,"[40.0, 20.4]",A4020,40.0,20.4
1361,12/11/2018,3780658,SKU_0495,1,REF_SKU_0495,LOC_SKU_0495,8,1,"[40.0, 6.7]",A4007,40.0,6.7
1362,12/11/2018,3780835,SKU_0001,5,REF_SKU_0001,LOC_SKU_0001,7,20,"[35.0, 40.9]",A3541,35.0,40.9
1363,12/11/2018,3780554,SKU_0016,4,REF_SKU_0016,LOC_SKU_0016,3,22,"[15.0, 43.8]",A1544,15.0,43.8
1364,12/11/2018,3780374,SKU_0001,4,REF_SKU_0001,LOC_SKU_0001,7,20,"[35.0, 40.9]",A3541,35.0,40.9
1365,12/11/2018,3780637,SKU_0001,3,REF_SKU_0001,LOC_SKU_0001,7,20,"[35.0, 40.9]",A3541,35.0,40.9
1366,12/11/2018,3780167,SKU_0006,2,REF_SKU_0006,LOC_SKU_0006,8,18,"[40.0, 37.0]",A4037,40.0,37.0
1367,12/11/2018,3780937,SKU_0010,2,REF_SKU_0010,LOC_SKU_0010,5,15,"[25.0, 33.0]",A2533,25.0,33.0
1368,12/11/2018,3780753,SKU_0002,2,REF_SKU_0002,LOC_SKU_0002,8,15,"[40.0, 32.1]",A4032,40.0,32.1
1369,12/11/2018,3780459,SKU_0003,4,REF_SKU_0003,LOC_SKU_0003,7,11,"[35.0, 25.3]",A3525,35.0,25.3
1370,12/11/2018,3780999,SKU_0001,2,REF_SKU_0001,LOC_SKU_0001,7,20,"[35.0, 40.9]",A3541,35.0,40.9
1371,12/11/2018,3780280,SKU_0003,4,REF_SKU_0003,LOC_SKU_0003,7,11,"[35.0, 25.3]",A3525,35.0,25.3
1372,12/11/2018,3780700,SKU_0364,3,REF_SKU_0364,LOC_SKU_0364,4,12,"[20.0, 26.6]",A2027,20.0,26.6
1373,12/11/2018,3780302,SKU_0297,1,REF_SKU_0297,LOC_SKU_0297,2,1,"[10.0, 7.1]",A1007,10.0,7.1
1374,12/11/2018,3780531,SKU_0003,5,REF_SKU_0003,LOC_SKU_0003,7,11,"[35.0, 25.3]",A3525,35.0,25.3
1375,12/11/2018,3780580,SKU_0015,3,REF_SKU_0015,LOC_SKU_0015,4,15,"[20.0, 31.9]",A2032,20.0,31.9
1376,12/11/2018,3780218,SKU_0216,4,REF_SKU_0216,LOC_SKU_0216,4,4,"[20.0, 13.4]",A2013,20.0,13.4
1377,12/11/2018,3780102,SKU_0001,3,REF_SKU_0001,LOC_SKU_0001,7,20,"[35.0, 40.9]",A3541,35.0,40.9
1378,12/11/2018,3780554,SKU_0093,5,REF_SKU_0093,LOC_SKU_0093,6,17,"[30.0, 36.5]",A3036,30.0,36.5
1379,12/11/2018,3780288,SKU_0307,1,REF_SKU_0307,LOC_SKU_0307,4,6,"[20.0, 15.7]",A2016,20.0,15.7
1380,12/11/2018,3780167,SKU_0001,5,REF_SKU_0001,LOC_SKU_0001,7,20,"[35.0, 40.9]",A3541,35.0,40.9
1381,12/11/2018,3780621,SKU_0001,4,REF_SKU_0001,LOC_SKU_0001,7,20,"[35.0, 40.9]",A3541,35.0,40.9
1382,12/11/2018,3780036,SKU_0344,5,REF_SKU_0344,LOC_SKU_0344,1,13,"[5.0, 27.9]",A0528,5.0,27.9
1383,12/11/2018,3780744,SKU_0012,3,REF_SKU_0012,LOC_SKU_0012,9,7,"[45.0, 18.5]",A4518,45.0,18.5
1384,12/11/2018,3780741,SKU_0001,2,REF_SKU_0001,LOC_SKU_0001,7,20,"[35.0, 40.9]",A3541,35.0,40.9
1385,12/11/2018,3780353,SKU_0002,3,REF_SKU_0002,LOC_SKU_0002,8,15,"[40.0, 32.1]",A4032,40.0,32.1
1386,12/11/2018,3780676,SKU_0007,4,REF_SKU_0007,LOC_SKU_0007,6,1,"[30.0, 8.0]",A3008,30.0,8.0
1387,12/11/2018,3780899,SKU_0037,1,REF_SKU_0037,LOC_SKU_0037,9,7,"[45.0, 18.7]",A4519,45.0,18.7
1388,12/11/2018,3780073,SKU_0050,5,REF_SKU_0050,LOC_SKU_0050,3,12,"[15.0, 26.5]",A1526,15.0,26.5
1389,12/11/2018,3780648,SKU_0479,1,REF_SKU_0479,LOC_SKU_0479,8,13,"[40.0, 27.8]",A4028,40.0,27.8
1390,12/11/2018,3780353,SKU_0003,4,REF_SKU_0003,LOC_SKU_0003,7,11,"[35.0, 25.3]",A3525,35.0,25.3
1391,12/11/2018,3780891,SKU_0012,5,REF_SKU_0012,LOC_SKU_0012,9,7,"[45.0, 18.5]",A4518,45.0,18.5
1392,12/11/2018,3780070,SKU_0012,3,REF_SKU_0012,LOC_SKU_0012,9,7,"[45.0, 18.5]",A4518,45.0,18.5
1393,12/11/2018,3780425,SKU_0005,3,REF_SKU_0005,LOC_SKU_0005,8,8,"[40.0, 20.4]",A4020,40.0,20.4
1394,12/11/2018,3780999,SKU_0001,4,REF_SKU_0001,LOC_SKU_0001,7,20,"[35.0, 40.9]",A3541,35.0,40.9
1395,12/11/2018,3780708,SKU_0403,5,REF_SKU_0403,LOC_SKU_0403,1,21,"[5.0, 43.4]",A0543,5.0,43.4
1396,12/11/2018,3780781,SKU_0132,3,REF_SKU_0132,LOC_SKU_0132,1,5,"[5.0, 14.2]",A0514,5.0,14.2
1397,12/11/2018,3780561,SKU_0009,4,REF_SKU_0009,LOC_SKU_0009,6,0,"[30.0, 5.5]",A3006,30.0,5.5
1398,12/11/2018,3780828,SKU_0019,4,REF_SKU_0019,LOC_SKU_0019,9,24,"[45.0, 48.5]",A4548,45.0,48.5
1399,12/11/2018,3780642,SKU_0002,1,REF_SKU_0002,LOC_SKU_0002,8,15,"[40.0, 32.1]",A4032,40.0,32.1
1400,12/11/2018,3780956,SKU_0013,3,REF_SKU_0013,LOC_SKU_0013,10,1,"[50.0, 7.6]",A5008,50.0,7.6
1401,12/11/2018,3780517,SKU_0037,5,REF_SKU_0037,LOC_SKU_0037,9,7,"[45.0, 18.7]",A4519,45.0,18.7
1402,12/11/2018,3780428,SKU_0011,3,REF_SKU_0011,LOC_SKU_0011,10,13,"[50.0, 28.9]",A5029,50.0,28.9
1403,12/11/2018,3780539,SKU_0456,3,REF_SKU_0456,LOC_SKU_0456,7,3,"[35.0, 11.0]",A3511,35.0,11.0
1404,12/11/2018,3780160,SKU_0020,3,REF_SKU_0020,LOC_SKU_0020,2,10,"[10.0, 22.7]",A1023,10.0,22.7
1405,12/11/2018,3780149,SKU_0004,4,REF_SKU_0004,LOC_SKU_0004,7,1,"[35.0, 8.1]",A3508,35.0,8.1
1406,12/11/2018,3780776,SKU_0068,2,REF_SKU_0068,LOC_SKU_0068,1,7,"[5.0, 17.6]",A0518,5.0,17.6
1407,12/11/2018,3780230,SKU_0001,2,REF_SKU_0001,LOC_SKU_0001,7,20,"[35.0, 40.9]",A3541,35.0,40.9
1408,12/11/2018,3780712,SKU_0005,1,REF_SKU_0005,LOC_SKU_0005,8,8,"[40.0, 20.4]",A4020,40.0,20.4
1409,12/11/2018,3780562,SKU_0004,3,REF_SKU_0004,LOC_SKU_0004,7,1,"[35.0, 8.1]",A3508,35.0,8.1
1410,12/11/2018,3780067,SKU_0006,2,REF_SKU_0006,LOC_SKU_0006,8,18,"[40.0, 37.0]",A4037,40.0,37.0
1411,12/11/2018,3780812,SKU_0073,1,REF_SKU_0073,LOC_SKU_0073,1,3,"[5.0, 10.8]",A0511,5.0,10.8
1412,12/11/2018,3780381,SKU_0009,4,REF_SKU_0009,LOC_SKU_0009,6,0,"[30.0, 5.5]",A3006,30.0,5.5
1413,12/11/2018,3780058,SKU_0081,3,REF_SKU_0081,LOC_SKU_0081,8,1,"[40.0, 7.1]",A4007,40.0,7.1
1414,12/11/2018,3780259,SKU_0016,5,REF_SKU_0016,LOC_SKU_0016,3,22,"[15.0, 43.8]",A1544,15.0,43.8
1415,12/11/2018,3780342,SKU_0004,4,REF_SKU_0004,LOC_SKU_0004,7,1,"[35.0, 8.1]",A3508,35.0,8.1
1416,12/11/2018,3780838,SKU_0092,1,REF_SKU_0092,LOC_SKU_0092,1,4,"[5.0, 12.2]",A0512,5.0,12.2
1417,12/11/2018,3780130,SKU_0002,4,REF_SKU_0002,LOC_SKU_0002,8,15,"[40.0, 32.1]",A4032,40.0,32.1
1418,12/11/2018,3780727,SKU_0002,5,REF_SKU_0002,LOC_SKU_0002,8,15,"[40.0, 32.1]",A4032,40.0,32.1
1419,12/11/2018,3780172,SKU_0010,4,REF_SKU_0010,LOC_SKU_0010,5,15,"[25.0, 33.0]",A2533,25.0,33.0
1420,12/11/2018,3780770,SKU_0002,1,REF_SKU_0002,LOC_SKU_0002,8,15,"[40.0, 32.1]",A4032,40.0,32.1
1421,12/11/2018,3780614,SKU_0001,5,REF_SKU_0001,LOC_SKU_0001,7,20,"[35.0, 40.9]",A3541,35.0,40.9
1422,12/11/2018,3780209,SKU_0027,5,REF_SKU_0027,LOC_SKU_0027,6,5,"[30.0, 14.8]",A3015,30.0,14.8
1423,12/11/2018,3780803,SKU_0010,4,REF_SKU_0010,LOC_SKU_0010,5,15,"[25.0, 33.0]",A2533,25.0,33.0
1424,12/11/2018,3780354,SKU_0007,5,REF_SKU_0007,LOC_SKU_0007,6,1,"[30.0, 8.0]",A3008,30.0,8.0
1425,12/11/2018,3780471,SKU_0365,4,REF_SKU_0365,LOC_SKU_0365,10,20,"[50.0, 40.6]",A5041,50.0,40.6
1426,12/11/2018,3780798,SKU_0015,3,REF_SKU_0015,LOC_SKU_0015,4,15,"[20.0, 31.9]",A2032,20.0,31.9
1427,12/11/2018,3780116,SKU_0144,5,REF_SKU_0144,LOC_SKU_0144,8,2,"[40.0, 8.6]",A4009,40.0,8.6
1428,12/11/2018,3780264,SKU_0001,4,REF_SKU_0001,LOC_SKU_0001,7,20,"[35.0, 40.9]",A3541,35.0,40.9
1429,12/11/2018,3780662,SKU_0015,3,REF_SKU_0015,LOC_SKU_0015,4,15,"[20.0, 31.9]",A2032,20.0,31.9
1430,12/11/2018,3780812,SKU_0150,5,REF_SKU_0150,LOC_SKU_0150,7,7,"[35.0, 18.6]",A3519,35.0,18.6
1431,12/11/2018,3780442,SKU_0017,3,REF_SKU_0017,LOC_SKU_0017,7,4,"[35.0, 13.1]",A3513,35.0,13.1
1432,12/11/2018,3780548,SKU_0045,5,REF_SKU_0045,LOC_SKU_0045,7,21,"[35.0, 43.3]",A3543,35.0,43.3
1433,12/11/2018,3780453,SKU_0004,1,REF_SKU_0004,LOC_SKU_0004,7,1,"[35.0, 8.1]",A3508,35.0,8.1
1434,12/11/2018,3780845,SKU_0001,1,REF_SKU_0001,LOC_SKU_0001,7,20,"[35.0, 40.9]",A3541,35.0,40.9
1435,12/11/2018,3780477,SKU_0007,4,REF_SKU_0007,LOC_SKU_0007,6,1,"[30.0, 8.0]",A3008,30.0,8.0
1436,12/11/2018,3780287,SKU_0005,2,REF_SKU_0005,LOC_SKU_0005,8,8,"[40.0, 20.4]",A4020,40.0,20.4
1437,12/11/2018,3780303,SKU_0149,1,REF_SKU_0149,LOC_SKU_0149,9,18,"[45.0, 36.8]",A4537,45.0,36.8
1438,12/11/2018,3780311,SKU_0002,2,REF_SKU_0002,LOC_SKU_0002,8,15,"[40.0, 32.1]",A4032,40.0,32.1
1439,12/11/2018,3780208,SKU_0364,3,REF_SKU_0364,LOC_SKU_0364,4,12,"[20.0, 26.6]",A2027,20.0,26.6
1440,12/11/2018,3780618,SKU_0336,3,REF_SKU_0336,LOC_SKU_0336,3,13,"[15.0, 28.4]",A1528,15.0,28.4
1441,12/11/2018,3780446,SKU_0002,2,REF_SKU_0002,LOC_SKU_0002,8,15,"[40.0, 32.1]",A4032,40.0,32.1
1442,12/11/2018,3780670,SKU_0004,4,REF_SKU_0004,LOC_SKU_0004,7,1,"[35.0, 8.1]",A3508,35.0,8.1
1443,12/11/2018,3780633,SKU_0191,5,REF_SKU_0191,LOC_SKU_0191,5,12,"[25.0, 26.6]",A2527,25.0,26.6
1444,12/11/2018,3780055,SKU_0364,2,REF_SKU_0364,LOC_SKU_0364,4,12,"[20.0, 26.6]",A2027,20.0,26.6
1445,12/11/2018,3780912,SKU_0007,2,REF_SKU_0007,LOC_SKU_0007,6,1,"[30.0, 8.0]",A3008,30.0,8.0
1446,12/11/2018,3780012,SKU_0003,2,REF_SKU_0003,LOC_SKU_0003,7,11,"[35.0, 25.3]",A3525,35.0,25.3
1447,12/11/2018,3780657,SKU_0011,2,REF_SKU_0011,LOC_SKU_0011,10,13,"[50.0, 28.9]",A5029,50.0,28.9
1448,12/11/2018,3780400,SKU_0035,2,REF_SKU_0035,LOC_SKU_0035,2,13,"[10.0, 29.5]",A1030,10.0,29.5
1449,12/11/2018,3780908,SKU_0002,4,REF_SKU_0002,LOC_SKU_0002,8,15,"[40.0, 32.1]",A4032,40.0,32.1
1450,12/11/2018,3780648,SKU_0051,1,REF_SKU_0051,LOC_SKU_0051,5,24,"[25.0, 48.7]",A2549,25.0,48.7
1451,12/11/2018,3780980,SKU_0001,5,REF_SKU_0001,LOC_SKU_0001,7,20,"[35.0, 40.9]",A3541,35.0,40.9
1452,12/11/2018,3780515,SKU_0001,1,REF_SKU_0001,LOC_SKU_0001,7,20,"[35.0, 40.9]",A3541,35.0,40.9
1453,12/11/2018,3780656,SKU_0005,2,REF_SKU_0005,LOC_SKU_0005,8,8,"[40.0, 20.4]",A4020,40.0,20.4
1454,12/11/2018,3780542,SKU_0004,1,REF_SKU_0004,LOC_SKU_0004,7,1,"[35.0, 8.1]",A3508,35.0,8.1
1455,12/11/2018,3780237,SKU_0003,4,REF_SKU_0003,LOC_SKU_0003,7,11,"[35.0, 25.3]",A3525,35.0,25.3
1456,12/11/2018,3780279,SKU_0009,3,REF_SKU_0009,LOC_SKU_0009,6,0,"[30.0, 5.5]",A3006,30.0,5.5
1457,12/11/2018,3780348,SKU_0003,1,REF_SKU_0003,LOC_SKU_0003,7,11,"[35.0, 25.3]",A3525,35.0,25.3
1458,12/11/2018,3780627,SKU_0002,5,REF_SKU_0002,LOC_SKU_0002,8,15,"[40.0, 32.1]",A4032,40.0,32.1
1459,12/11/2018,3780104,SKU_0003,4,REF_SKU_0003,LOC_SKU_0003,7,11,"[35.0, 25.3]",A3525,35.0,25.3
1460,12/11/2018,3780630,SKU_0393,3,REF_SKU_0393,LOC_SKU_0393,4,8,"[20.0, 19.8]",A2020,20.0,19.8
1461,12/11/2018,3780517,SKU_0005,4,REF_SKU_0005,LOC_SKU_0005,8,8,"[40.0, 20.4]",A4020,40.0,20.4
1462,12/11/2018,3780980,SKU_0007,2,REF_SKU_0007,LOC_SKU_0007,6,1,"[30.0, 8.0]",A3008,30.0,8.0
1463,12/11/2018,3780872,SKU_0016,3,REF_SKU_0016,LOC_SKU_0016,3,22,"[15.0, 43.8]",A1544,15.0,43.8
1464,12/11/2018,3780248,SKU_0426,5,REF_SKU_0426,LOC_SKU_0426,4,20,"[20.0, 40.8]",A2041,20.0,40.8
1465,12/11/2018,3780364,SKU_0002,3,REF_SKU_0002,LOC_SKU_0002,8,15,"[40.0, 32.1]",A4032,40.0,32.1
1466,12/11/2018,3780321,SKU_0034,5,REF_SKU_0034,LOC_SKU_0034,5,10,"[25.0, 22.8]",A2523,25.0,22.8
1467,12/11/2018,3780633,SKU_0044,2,REF_SKU_0044,LOC_SKU_0044,10,3,"[50.0, 10.7]",A5011,50.0,10.7
1468,12/11/2018,3780286,SKU_0020,5,REF_SKU_0020,LOC_SKU_0020,2,10,"[10.0, 22.7]",A1023,10.0,22.7
1469,12/11/2018,3780149,SKU_0001,4,REF_SKU_0001,LOC_SKU_0001,7,20,"[35.0, 40.9]",A3541,35.0,40.9
1470,12/11/2018,3780084,SKU_0033,1,REF_SKU_0033,LOC_SKU_0033,9,24,"[45.0, 48.3]",A4548,45.0,48.3
1471,12/11/2018,3780966,SKU_0001,4,REF_SKU_0001,LOC_SKU_0001,7,20,"[35.0, 40.9]",A3541,35.0,40.9
1472,12/11/2018,3780406,SKU_0018,4,REF_SKU_0018,LOC_SKU_0018,7,0,"[35.0, 6.1]",A3506,35.0,6.1
1473,12/11/2018,3780978,SKU_0053,3,REF_SKU_0053,LOC_SKU_0053,10,6,"[50.0, 16.0]",A5016,50.0,16.0
1474,12/11/2018,3780456,SKU_0002,2,REF_SKU_0002,LOC_SKU_0002,8,15,"[40.0, 32.1]",A4032,40.0,32.1
1475,12/11/2018,3780743,SKU_0120,1,REF_SKU_0120,LOC_SKU_0120,9,4,"[45.0, 13.3]",A4513,45.0,13.3
1476,12/11/2018,3780800,SKU_0001,5,REF_SKU_0001,LOC_SKU_0001,7,20,"[35.0, 40.9]",A3541,35.0,40.9
1477,12/11/2018,3780161,SKU_0122,3,REF_SKU_0122,LOC_SKU_0122,5,4,"[25.0, 13.5]",A2514,25.0,13.5
1478,12/11/2018,3780784,SKU_0007,2,REF_SKU_0007,LOC_SKU_0007,6,1,"[30.0, 8.0]",A3008,30.0,8.0
1479,12/11/2018,3780460,SKU_0002,1,REF_SKU_0002,LOC_SKU_0002,8,15,"[40.0, 32.1]",A4032,40.0,32.1
1480,12/11/2018,3780550,SKU_0001,4,REF_SKU_0001,LOC_SKU_0001,7,20,"[35.0, 40.9]",A3541,35.0,40.9
1481,12/11/2018,3780500,SKU_0321,2,REF_SKU_0321,LOC_SKU_0321,3,23,"[15.0, 45.7]",A1546,15.0,45.7
1482,12/11/2018,3780738,SKU_0001,2,REF_SKU_0001,LOC_SKU_0001,7,20,"[35.0, 40.9]",A3541,35.0,40.9
1483,12/11/2018,3780509,SKU_0002,2,REF_SKU_0002,LOC_SKU_0002,8,15,"[40.0, 32.1]",A4032,40.0,32.1
1484,12/11/2018,3780654,SKU_0004,4,REF_SKU_0004,LOC_SKU_0004,7,1,"[35.0, 8.1]",A3508,35.0,8.1
1485,12/11/2018,3780804,SKU_0022,5,REF_SKU_0022,LOC_SKU_0022,4,6,"[20.0, 16.2]",A2016,20.0,16.2
1486,12/11/2018,3780481,SKU_0013,3,REF_SKU_0013,LOC_SKU_0013,10,1,"[50.0, 7.6]",A5008,50.0,7.6
1487,12/11/2018,3780663,SKU_0001,5,REF_SKU_0001,LOC_SKU_0001,7,20,"[35.0, 40.9]",A3541,35.0,40.9
1488,12/11/2018,3780114,SKU_0003,1,REF_SKU_0003,LOC_SKU_0003,7,11,"[35.0, 25.3]",A3525,35.0,25.3
1489,12/11/2018,3780749,SKU_0002,3,REF_SKU_0002,LOC_SKU_0002,8,15,"[40.0, 32.1]",A4032,40.0,32.1
1490,12/11/2018,3780578,SKU_0002,1,REF_SKU_0002,LOC_SKU_0002,8,15,"[40.0, 32.1]",A4032,40.0,32.1
1491,12/11/2018,3780361,SKU_0005,4,REF_SKU_0005,LOC_SKU_0005,8,8,"[40.0, 20.4]",A4020,40.0,20.4
1492,12/11/2018,3780341,SKU_0040,5,REF_SKU_0040,LOC_SKU_0040,8,0,"[40.0, 5.7]",A4006,40.0,5.7
1493,12/11/2018,3780770,SKU_0002,2,REF_SKU_0002,LOC_SKU_0002,8,15,"[40.0, 32.1]",A4032,40.0,32.1
1494,12/11/2018,3780987,SKU_0004,3,REF_SKU_0004,LOC_SKU_0004,7,1,"[35.0, 8.1]",A3508,35.0,8.1
1495,12/11/2018,3780761,SKU_0005,2,REF_SKU_0005,LOC_SKU_0005,8,8,"[40.0, 20.4]",A4020,40.0,20.4
1496,12/11/2018,3780969,SKU_0399,1,REF_SKU_0399,LOC_SKU_0399,5,0,"[25.0, 5.6]",A2506,25.0,5.6
1497,12/11/2018,3780449,SKU_0325,2,REF_SKU_0325,LOC_SKU_0325,1,24,"[5.0, 47.8]",A0548,5.0,47.8
1498,12/11/2018,3780843,SKU_0085,2,REF_SKU_0085,LOC_SKU_0085,2,13,"[10.0, 29.1]",A1029,10.0,29.1
1499,12/11/2018,3780835,SKU_0002,4,REF_SKU_0002,LOC_SKU_0002,8,15,"[40.0, 32.1]",A4032,40.0,32.1
1500,12/11/2018,3780180,SKU_0001,4,REF_SKU_0001,LOC_SKU_0001,7,20,"[35.0, 40.9]",A3541,35.0,40.9
1501,12/11/2018,3780702,SKU_0003,5,REF_SKU_0003,LOC_SKU_0003,7,11,"[35.0, 25.3]",A3525,35.0,25.3
1502,12/11/2018,3780407,SKU_0002,1,REF_SKU_0002,LOC_SKU_0002,8,15,"[40.0, 32.1]",A4032,40.0,32.1
1503,12/11/2018,3780666,SKU_0010,4,REF_SKU_0010,LOC_SKU_0010,5,15,"[25.0, 33.0]",A2533,25.0,33.0
1504,12/11/2018,3780196,SKU_0071,4,REF_SKU_0071,LOC_SKU_0071,6,13,"[30.0, 28.2]",A3028,30.0,28.2
1505,12/11/2018,3780466,SKU_0138,5,REF_SKU_0138,LOC_SKU_0138,3,24,"[15.0, 49.1]",A1549,15.0,49.1
1506,12/11/2018,3780311,SKU_0123,3,REF_SKU_0123,LOC_SKU_0123,8,16,"[40.0, 34.4]",A4034,40.0,34.4
1507,12/11/2018,3780262,SKU_0004,5,REF_SKU_0004,LOC_SKU_0004,7,1,"[35.0, 8.1]",A3508,35.0,8.1
1508,12/11/2018,3780419,SKU_0035,2,REF_SKU_0035,LOC_SKU_0035,2,13,"[10.0, 29.5]",A1030,10.0,29.5
1509,12/11/2018,3780406,SKU_0003,2,REF_SKU_0003,LOC_SKU_0003,7,11,"[35.0, 25.3]",A3525,35.0,25.3
1510,12/11/2018,3780939,SKU_0001,4,REF_SKU_0001,LOC_SKU_0001,7,20,"[35.0, 40.9]",A3541,35.0,40.9
1511,12/11/2018,3780143,SKU_0039,4,REF_SKU_0039,LOC_SKU_0039,9,19,"[45.0, 39.9]",A4540,45.0,39.9
1512,12/11/2018,3780342,SKU_0001,5,REF_SKU_0001,LOC_SKU_0001,7,20,"[35.0, 40.9]",A3541,35.0,40.9
1513,12/11/2018,3780316,SKU_0005,5,REF_SKU_0005,LOC_SKU_0005,8,8,"[40.0, 20.4]",A4020,40.0,20.4
1514,12/11/2018,3780101,SKU_0003,1,REF_SKU_0003,LOC_SKU_0003,7,11,"[35.0, 25.3]",A3525,35.0,25.3
1515,12/11/2018,3780244,SKU_0037,2,REF_SKU_0037,LOC_SKU_0037,9,7,"[45.0, 18.7]",A4519,45.0,18.7
1516,12/11/2018,3780490,SKU_0065,5,REF_SKU_0065,LOC_SKU_0065,4,22,"[20.0, 45.2]",A2045,20.0,45.2
1517,12/11/2018,3780012,SKU_0003,3,REF_SKU_0003,LOC_SKU_0003,7,11,"[35.0, 25.3]",A3525,35.0,25.3
1518,12/11/2018,3780239,SKU_0093,1,REF_SKU_0093,LOC_SKU_0093,6,17,"[30.0, 36.5]",A3036,30.0,36.5
1519,12/11/2018,3780561,SKU_0003,5,REF_SKU_0003,LOC_SKU_0003,7,11,"[35.0, 25.3]",A3525,35.0,25.3
1520,12/11/2018,3780042,SKU_0007,4,REF_SKU_0007,LOC_SKU_0007,6,1,"[30.0, 8.0]",A3008,30.0,8.0
1521,12/11/2018,3780678,SKU_0048,5,REF_SKU_0048,LOC_SKU_0048,8,17,"[40.0, 35.1]",A4035,40.0,35.1
1522,12/11/2018,3780594,SKU_0037,4,REF_SKU_0037,LOC_SKU_0037,9,7,"[45.0, 18.7]",A4519,45.0,18.7
1523,12/11/2018,3780429,SKU_0443,4,REF_SKU_0443,LOC_SKU_0443,10,9,"[50.0, 20.7]",A5021,50.0,20.7
1524,12/11/2018,3780803,SKU_0002,2,REF_SKU_0002,LOC_SKU_0002,8,15,"[40.0, 32.1]",A4032,40.0,32.1
1525,12/11/2018,3780158,SKU_0029,2,REF_SKU_0029,LOC_SKU_0029,2,19,"[10.0, 40.0]",A1040,10.0,40.0
1526,12/11/2018,3780216,SKU_0020,5,REF_SKU_0020,LOC_SKU_0020,2,10,"[10.0, 22.7]",A1023,10.0,22.7
1527,12/11/2018,3780670,SKU_0227,5,REF_SKU_0227,LOC_SKU_0227,6,7,"[30.0, 18.7]",A3019,30.0,18.7
1528,12/11/2018,3780462,SKU_0001,3,REF_SKU_0001,LOC_SKU_0001,7,20,"[35.0, 40.9]",A3541,35.0,40.9
1529,12/11/2018,3780134,SKU_0058,1,REF_SKU_0058,LOC_SKU_0058,4,23,"[20.0, 45.9]",A2046,20.0,45.9
1530,12/11/2018,3780067,SKU_0015,1,REF_SKU_0015,LOC_SKU_0015,4,15,"[20.0, 31.9]",A2032,20.0,31.9
1531,12/11/2018,3780848,SKU_0002,5,REF_SKU_0002,LOC_SKU_0002,8,15,"[40.0, 32.1]",A4032,40.0,32.1
1532,12/11/2018,3780007,SKU_0008,2,REF_SKU_0008,LOC_SKU_0008,8,21,"[40.0, 42.5]",A4042,40.0,42.5
1533,12/11/2018,3780948,SKU_0003,3,REF_SKU_0003,LOC_SKU_0003,7,11,"[35.0, 25.3]",A3525,35.0,25.3
1534,12/11/2018,3780526,SKU_0016,1,REF_SKU_0016,LOC_SKU_0016,3,22,"[15.0, 43.8]",A1544,15.0,43.8
1535,12/11/2018,3780073,SKU_0180,5,REF_SKU_0180,LOC_SKU_0180,6,18,"[30.0, 37.3]",A3037,30.0,37.3
1536,12/11/2018,3780399,SKU_0015,2,REF_SKU_0015,LOC_SKU_0015,4,15,"[20.0, 31.9]",A2032,20.0,31.9
1537,12/11/2018,3780405,SKU_0024,2,REF_SKU_0024,LOC_SKU_0024,8,1,"[40.0, 7.0]",A4007,40.0,7.0
1538,12/11/2018,3780675,SKU_0011,2,REF_SKU_0011,LOC_SKU_0011,10,13,"[50.0, 28.9]",A5029,50.0,28.9
1539,12/11/2018,3780578,SKU_0001,4,REF_SKU_0001,LOC_SKU_0001,7,20,"[35.0, 40.9]",A3541,35.0,40.9
1540,12/11/2018,3780859,SKU_0002,2,REF_SKU_0002,LOC_SKU_0002,8,15,"[40.0, 32.1]",A4032,40.0,32.1
1541,12/11/2018,3780130,SKU_0009,5,REF_SKU_0009,LOC_SKU_0009,6,0,"[30.0, 5.5]",A3006,30.0,5.5
1542,12/11/2018,3780931,SKU_0003,3,REF_SKU_0003,LOC_SKU_0003,7,11,"[35.0, 25.3]",A3525,35.0,25.3
1543,12/11/2018,3780466,SKU_0001,5,REF_SKU_0001,LOC_SKU_0001,7,20,"[35.0, 40.9]",A3541,35.0,40.9
1544,12/11/2018,3780206,SKU_0010,2,REF_SKU_0010,LOC_SKU_0010,5,15,"[25.0, 33.0]",A2533,25.0,33.0
1545,12/11/2018,3780788,SKU_0003,3,REF_SKU_0003,LOC_SKU_0003,7,11,"[35.0, 25.3]",A3525,35.0,25.3
1546,12/11/2018,3780978,SKU_0002,1,REF_SKU_0002,LOC_SKU_0002,8,15,"[40.0, 32.1]",A4032,40.0,32.1
1547,12/11/2018,3780768,SKU_0008,1,REF_SKU_0008,LOC_SKU_0008,8,21,"[40.0, 42.5]",A4042,40.0,42.5
1548,12/11/2018,3780266,SKU_0001,5,REF_SKU_0001,LOC_SKU_0001,7,20,"[35.0, 40.9]",A3541,35.0,40.9
1549,12/11/2018,3780537,SKU_0254,3,REF_SKU_0254,LOC_SKU_0254,6,18,"[30.0, 36.9]",A3037,30.0,36.9
1550,12/11/2018,3780962,SKU_0150,5,REF_SKU_0150,LOC_SKU_0150,7,7,"[35.0, 18.6]",A3519,35.0,18.6
1551,12/11/2018,3780793,SKU_0041,3,REF_SKU_0041,LOC_SKU_0041,3,18,"[15.0, 37.0]",A1537,15.0,37.0
1552,12/11/2018,3780253,SKU_0001,3,REF_SKU_0001,LOC_SKU_0001,7,20,"[35.0, 40.9]",A3541,35.0,40.9
1553,12/11/2018,3780822,SKU_0070,5,REF_SKU_0070,LOC_SKU_0070,9,8,"[45.0, 19.1]",A4519,45.0,19.1
1554,12/11/2018,3780289,SKU_0091,3,REF_SKU_0091,LOC_SKU_0091,6,13,"[30.0, 29.3]",A3029,30.0,29.3
1555,12/11/2018,3780164,SKU_0066,2,REF_SKU_0066,LOC_SKU_0066,10,3,"[50.0, 10.9]",A5011,50.0,10.9
1556,12/11/2018,3780095,SKU_0001,3,REF_SKU_0001,LOC_SKU_0001,7,20,"[35.0, 40.9]",A3541,35.0,40.9
1557,12/11/2018,3780782,SKU_0026,3,REF_SKU_0026,LOC_SKU_0026,8,19,"[40.0, 39.1]",A4039,40.0,39.1
1558,12/11/2018,3780833,SKU_0113,5,REF_SKU_0113,LOC_SKU_0113,1,4,"[5.0, 12.7]",A0513,5.0,12.7
1559,12/11/2018,3780110,SKU_0016,1,REF_SKU_0016,LOC_SKU_0016,3,22,"[15.0, 43.8]",A1544,15.0,43.8
1560,12/11/2018,3780336,SKU_0026,4,REF_SKU_0026,LOC_SKU_0026,8,19,"[40.0, 39.1]",A4039,40.0,39.1
1561,12/11/2018,3780822,SKU_0007,3,REF_SKU_0007,LOC_SKU_0007,6,1,"[30.0, 8.0]",A3008,30.0,8.0
1562,12/11/2018,3780238,SKU_0012,4,REF_SKU_0012,LOC_SKU_0012,9,7,"[45.0, 18.5]",A4518,45.0,18.5
1563,12/11/2018,3780381,SKU_0001,3,REF_SKU_0001,LOC_SKU_0001,7,20,"[35.0, 40.9]",A3541,35.0,40.9
1564,12/11/2018,3780436,SKU_0025,5,REF_SKU_0025,LOC_SKU_0025,1,6,"[5.0, 17.0]",A0517,5.0,17.0
1565,12/11/2018,3780899,SKU_0001,5,REF_SKU_0001,LOC_SKU_0001,7,20,"[35.0, 40.9]",A3541,35.0,40.9
1566,12/11/2018,3780483,SKU_0006,3,REF_SKU_0006,LOC_SKU_0006,8,18,"[40.0, 37.0]",A4037,40.0,37.0
1567,12/11/2018,3780937,SKU_0003,5,REF_SKU_0003,LOC_SKU_0003,7,11,"[35.0, 25.3]",A3525,35.0,25.3
1568,12/11/2018,3780902,SKU_0013,5,REF_SKU_0013,LOC_SKU_0013,10,1,"[50.0, 7.6]",A5008,50.0,7.6
1569,12/11/2018,3780025,SKU_0001,3,REF_SKU_0001,LOC_SKU_0001,7,20,"[35.0, 40.9]",A3541,35.0,40.9
1570,12/11/2018,3780653,SKU_0036,1,REF_SKU_0036,LOC_SKU_0036,8,9,"[40.0, 21.4]",A4021,40.0,21.4
1571,12/11/2018,3780117,SKU_0082,3,REF_SKU_0082,LOC_SKU_0082,1,24,"[5.0, 49.0]",A0549,5.0,49.0
1572,12/11/2018,3780482,SKU_0001,1,REF_SKU_0001,LOC_SKU_0001,7,20,"[35.0, 40.9]",A3541,35.0,40.9
1573,12/11/2018,3780392,SKU_0001,5,REF_SKU_0001,LOC_SKU_0001,7,20,"[35.0, 40.9]",A3541,35.0,40.9
1574,12/11/2018,3780917,SKU_0001,1,REF_SKU_0001,LOC_SKU_0001,7,20,"[35.0, 40.9]",A3541,35.0,40.9
1575,12/11/2018,3780994,SKU_0162,5,REF_SKU_0162,LOC_SKU_0162,10,21,"[50.0, 42.1]",A5042,50.0,42.1
1576,12/11/2018,3780964,SKU_0012,1,REF_SKU_0012,LOC_SKU_0012,9,7,"[45.0, 18.5]",A4518,45.0,18.5
1577,12/11/2018,3780537,SKU_0008,1,REF_SKU_0008,LOC_SKU_0008,8,21,"[40.0, 42.5]",A4042,40.0,42.5
1578,12/11/2018,3780079,SKU_0001,3,REF_SKU_0001,LOC_SKU_0001,7,20,"[35.0, 40.9]",A3541,35.0,40.9
1579,12/11/2018,3780580,SKU_0027,1,REF_SKU_0027,LOC_SKU_0027,6,5,"[30.0, 14.8]",A3015,30.0,14.8
1580,12/11/2018,3780173,SKU_0150,5,REF_SKU_0150,LOC_SKU_0150,7,7,"[35.0, 18.6]",A3519,35.0,18.6
1581,12/11/2018,3780956,SKU_0107,3,REF_SKU_0107,LOC_SKU_0107,5,23,"[25.0, 45.6]",A2546,25.0,45.6
1582,12/11/2018,3780012,SKU_0023,1,REF_SKU_0023,LOC_SKU_0023,7,15,"[35.0, 32.6]",A3533,35.0,32.6
1583,12/11/2018,3780800,SKU_0001,3,REF_SKU_0001,LOC_SKU_0001,7,20,"[35.0, 40.9]",A3541,35.0,40.9
1584,12/11/2018,3780128,SKU_0001,4,REF_SKU_0001,LOC_SKU_0001,7,20,"[35.0, 40.9]",A3541,35.0,40.9
1585,12/11/2018,3780608,SKU_0001,3,REF_SKU_0001,LOC_SKU_0001,7,20,"[35.0, 40.9]",A3541,35.0,40.9
1586,12/11/2018,3780092,SKU_0002,4,REF_SKU_0002,LOC_SKU_0002,8,15,"[40.0, 32.1]",A4032,40.0,32.1
1587,12/11/2018,3780653,SKU_0001,4,REF_SKU_0001,LOC_SKU_0001,7,20,"[35.0, 40.9]",A3541,35.0,40.9
1588,12/11/2018,3780543,SKU_0002,3,REF_SKU_0002,LOC_SKU_0002,8,15,"[40.0, 32.1]",A4032,40.0,32.1
1589,12/11/2018,3780846,SKU_0005,5,REF_SKU_0005,LOC_SKU_0005,8,8,"[40.0, 20.4]",A4020,40.0,20.4
1590,12/11/2018,3780532,SKU_0292,5,REF_SKU_0292,LOC_SKU_0292,2,25,"[10.0, 49.4]",A1049,10.0,49.4
1591,12/11/2018,3780658,SKU_0020,5,REF_SKU_0020,LOC_SKU_0020,2,10,"[10.0, 22.7]",A1023,10.0,22.7
1592,12/11/2018,3780989,SKU_0113,2,REF_SKU_0113,LOC_SKU_0113,1,4,"[5.0, 12.7]",A0513,5.0,12.7
1593,12/11/2018,3780828,SKU_0042,4,REF_SKU_0042,LOC_SKU_0042,3,20,"[15.0, 40.7]",A1541,15.0,40.7
1594,12/11/2018,3780447,SKU_0001,3,REF_SKU_0001,LOC_SKU_0001,7,20,"[35.0, 40.9]",A3541,35.0,40.9
1595,12/11/2018,3780390,SKU_0051,5,REF_SKU_0051,LOC_SKU_0051,5,24,"[25.0, 48.7]",A2549,25.0,48.7
1596,12/11/2018,3780672,SKU_0002,5,REF_SKU_0002,LOC_SKU_0002,8,15,"[40.0, 32.1]",A4032,40.0,32.1
1597,12/11/2018,3780861,SKU_0025,3,REF_SKU_0025,LOC_SKU_0025,1,6,"[5.0, 17.0]",A0517,5.0,17.0
1598,12/11/2018,3780043,SKU_0004,4,REF_SKU_0004,LOC_SKU_0004,7,1,"[35.0, 8.1]",A3508,35.0,8.1
1599,12/11/2018,3780254,SKU_0489,3,REF_SKU_0489,LOC_SKU_0489,4,5,"[20.0, 13.6]",A2014,20.0,13.6
1600,12/11/2018,3780130,SKU_0002,2,REF_SKU_0002,LOC_SKU_0002,8,15,"[40.0, 32.1]",A4032,40.0,32.1
1601,12/11/2018,3780060,SKU_0002,2,REF_SKU_0002,LOC_SKU_0002,8,15,"[40.0, 32.1]",A4032,40.0,32.1
1602,12/11/2018,3780663,SKU_0261,3,REF_SKU_0261,LOC_SKU_0261,3,15,"[15.0, 31.5]",A1532,15.0,31.5
1603,12/11/2018,3780467,SKU_0001,4,REF_SKU_0001,LOC_SKU_0001,7,20,"[35.0, 40.9]",A3541,35.0,40.9
1604,12/11/2018,3780287,SKU_0038,5,REF_SKU_0038,LOC_SKU_0038,1,0,"[5.0, 6.2]",A0506,5.0,6.2
1605,12/11/2018,3780517,SKU_0047,2,REF_SKU_0047,LOC_SKU_0047,7,8,"[35.0, 19.3]",A3519,35.0,19.3
1606,12/11/2018,3780467,SKU_0115,2,REF_SKU_0115,LOC_SKU_0115,3,9,"[15.0, 22.1]",A1522,15.0,22.1
1607,12/11/2018,3780930,SKU_0392,4,REF_SKU_0392,LOC_SKU_0392,6,15,"[30.0, 31.4]",A3031,30.0,31.4
1608,12/11/2018,3780778,SKU_0396,2,REF_SKU_0396,LOC_SKU_0396,5,2,"[25.0, 8.3]",A2508,25.0,8.3
1609,12/11/2018,3780345,SKU_0001,2,REF_SKU_0001,LOC_SKU_0001,7,20,"[35.0, 40.9]",A3541,35.0,40.9
1610,12/11/2018,3780642,SKU_0102,4,REF_SKU_0102,LOC_SKU_0102,7,14,"[35.0, 29.6]",A3530,35.0,29.6
1611,12/11/2018,3780382,SKU_0026,3,REF_SKU_0026,LOC_SKU_0026,8,19,"[40.0, 39.1]",A4039,40.0,39.1
1612,12/11/2018,3780779,SKU_0026,5,REF_SKU_0026,LOC_SKU_0026,8,19,"[40.0, 39.1]",A4039,40.0,39.1
1613,12/11/2018,3780690,SKU_0001,5,REF_SKU_0001,LOC_SKU_0001,7,20,"[35.0, 40.9]",A3541,35.0,40.9
1614,12/11/2018,3780253,SKU_0027,2,REF_SKU_0027,LOC_SKU_0027,6,5,"[30.0, 14.8]",A3015,30.0,14.8
1615,12/11/2018,3780927,SKU_0423,5,REF_SKU_0423,LOC_SKU_0423,7,3,"[35.0, 10.7]",A3511,35.0,10.7
1616,12/11/2018,3780056,SKU_0220,3,REF_SKU_0220,LOC_SKU_0220,7,14,"[35.0, 31.3]",A3531,35.0,31.3
1617,12/11/2018,3780463,SKU_0006,2,REF_SKU_0006,LOC_SKU_0006,8,18,"[40.0, 37.0]",A4037,40.0,37.0
1618,12/11/2018,3780457,SKU_0001,5,REF_SKU_0001,LOC_SKU_0001,7,20,"[35.0, 40.9]",A3541,35.0,40.9
1619,12/11/2018,3780983,SKU_0004,1,REF_SKU_0004,LOC_SKU_0004,7,1,"[35.0, 8.1]",A3508,35.0,8.1
1620,12/11/2018,3780083,SKU_0105,1,REF_SKU_0105,LOC_SKU_0105,4,13,"[20.0, 29.1]",A2029,20.0,29.1
1621,12/11/2018,3780905,SKU_0039,1,REF_SKU_0039,LOC_SKU_0039,9,19,"[45.0, 39.9]",A4540,45.0,39.9
1622,12/11/2018,3780099,SKU_0007,1,REF_SKU_0007,LOC_SKU_0007,6,1,"[30.0, 8.0]",A3008,30.0,8.0
1623,12/11/2018,3780149,SKU_0001,1,REF_SKU_0001,LOC_SKU_0001,7,20,"[35.0, 40.9]",A3541,35.0,40.9
1624,12/11/2018,3780329,SKU_0006,2,REF_SKU_0006,LOC_SKU_0006,8,18,"[40.0, 37.0]",A4037,40.0,37.0
1625,12/11/2018,3780156,SKU_0008,4,REF_SKU_0008,LOC_SKU_0008,8,21,"[40.0, 42.5]",A4042,40.0,42.5
1626,12/11/2018,3780190,SKU_0256,4,REF_SKU_0256,LOC_SKU_0256,7,11,"[35.0, 24.8]",A3525,35.0,24.8
1627,12/11/2018,3780494,SKU_0025,2,REF_SKU_0025,LOC_SKU_0025,1,6,"[5.0, 17.0]",A0517,5.0,17.0
1628,12/11/2018,3780883,SKU_0003,2,REF_SKU_0003,LOC_SKU_0003,7,11,"[35.0, 25.3]",A3525,35.0,25.3
1629,12/11/2018,3780263,SKU_0011,3,REF_SKU_0011,LOC_SKU_0011,10,13,"[50.0, 28.9]",A5029,50.0,28.9
1630,12/11/2018,3780080,SKU_0001,4,REF_SKU_0001,LOC_SKU_0001,7,20,"[35.0, 40.9]",A3541,35.0,40.9
1631,12/11/2018,3780400,SKU_0385,1,REF_SKU_0385,LOC_SKU_0385,9,18,"[45.0, 37.5]",A4538,45.0,37.5
1632,12/11/2018,3780764,SKU_0004,2,REF_SKU_0004,LOC_SKU_0004,7,1,"[35.0, 8.1]",A3508,35.0,8.1
1633,12/11/2018,3780609,SKU_0008,1,REF_SKU_0008,LOC_SKU_0008,8,21,"[40.0, 42.5]",A4042,40.0,42.5
1634,12/11/2018,3780260,SKU_0004,4,REF_SKU_0004,LOC_SKU_0004,7,1,"[35.0, 8.1]",A3508,35.0,8.1
1635,12/11/2018,3780772,SKU_0034,5,REF_SKU_0034,LOC_SKU_0034,5,10,"[25.0, 22.8]",A2523,25.0,22.8
1636,12/11/2018,3780615,SKU_0029,5,REF_SKU_0029,LOC_SKU_0029,2,19,"[10.0, 40.0]",A1040,10.0,40.0
1637,12/11/2018,3780552,SKU_0044,2,REF_SKU_0044,LOC_SKU_0044,10,3,"[50.0, 10.7]",A5011,50.0,10.7
1638,12/11/2018,3780785,SKU_0002,3,REF_SKU_0002,LOC_SKU_0002,8,15,"[40.0, 32.1]",A4032,40.0,32.1
1639,12/11/2018,3780101,SKU_0003,1,REF_SKU_0003,LOC_SKU_0003,7,11,"[35.0, 25.3]",A3525,35.0,25.3
1640,12/11/2018,3780359,SKU_0001,2,REF_SKU_0001,LOC_SKU_0001,7,20,"[35.0, 40.9]",A3541,35.0,40.9
1641,12/11/2018,3780380,SKU_0028,3,REF_SKU_0028,LOC_SKU_0028,4,5,"[20.0, 13.7]",A2014,20.0,13.7
1642,12/11/2018,3780820,SKU_0001,1,REF_SKU_0001,LOC_SKU_0001,7,20,"[35.0, 40.9]",A3541,35.0,40.9
1643,12/11/2018,3780221,SKU_0019,4,REF_SKU_0019,LOC_SKU_0019,9,24,"[45.0, 48.5]",A4548,45.0,48.5
1644,12/11/2018,3780820,SKU_0152,5,REF_SKU_0152,LOC_SKU_0152,2,22,"[10.0, 44.1]",A1044,10.0,44.1
1645,12/11/2018,3780420,SKU_0183,3,REF_SKU_0183,LOC_SKU_0183,7,16,"[35.0, 34.7]",A3535,35.0,34.7
1646,12/11/2018,3780124,SKU_0007,1,REF_SKU_0007,LOC_SKU_0007,6,1,"[30.0, 8.0]",A3008,30.0,8.0
1647,12/11/2018,3780422,SKU_0007,2,REF_SKU_0007,LOC_SKU_0007,6,1,"[30.0, 8.0]",A3008,30.0,8.0
1648,12/11/2018,3780231,SKU_0001,1,REF_SKU_0001,LOC_SKU_0001,7,20,"[35.0, 40.9]",A3541,35.0,40.9
1649,12/11/2018,3780690,SKU_0031,2,REF_SKU_0031,LOC_SKU_0031,4,15,"[20.0, 32.1]",A2032,20.0,32.1
1650,12/11/2018,3780063,SKU_0101,5,REF_SKU_0101,LOC_SKU_0101,9,3,"[45.0, 10.5]",A4510,45.0,10.5
1651,12/11/2018,3780485,SKU_0002,5,REF_SKU_0002,LOC_SKU_0002,8,15,"[40.0, 32.1]",A4032,40.0,32.1
1652,12/11/2018,3780628,SKU_0006,1,REF_SKU_0006,LOC_SKU_0006,8,18,"[40.0, 37.0]",A4037,40.0,37.0
1653,12/11/2018,3780703,SKU_0117,1,REF_SKU_0117,LOC_SKU_0117,2,4,"[10.0, 12.7]",A1013,10.0,12.7
1654,12/11/2018,3780574,SKU_0162,2,REF_SKU_0162,LOC_SKU_0162,10,21,"[50.0, 42.1]",A5042,50.0,42.1
1655,12/11/2018,3780768,SKU_0002,2,REF_SKU_0002,LOC_SKU_0002,8,15,"[40.0, 32.1]",A4032,40.0,32.1
1656,12/11/2018,3780483,SKU_0013,3,REF_SKU_0013,LOC_SKU_0013,10,1,"[50.0, 7.6]",A5008,50.0,7.6
1657,12/11/2018,3780519,SKU_0002,3,REF_SKU_0002,LOC_SKU_0002,8,15,"[40.0, 32.1]",A4032,40.0,32.1
1658,12/11/2018,3780155,SKU_0001,3,REF_SKU_0001,LOC_SKU_0001,7,20,"[35.0, 40.9]",A3541,35.0,40.9
1659,12/11/2018,3780092,SKU_0219,1,REF_SKU_0219,LOC_SKU_0219,4,9,"[20.0, 22.1]",A2022,20.0,22.1
1660,12/11/2018,3780982,SKU_0100,3,REF_SKU_0100,LOC_SKU_0100,2,21,"[10.0, 42.8]",A1043,10.0,42.8
1661,12/11/2018,3780526,SKU_0062,1,REF_SKU_0062,LOC_SKU_0062,6,22,"[30.0, 44.7]",A3045,30.0,44.7
1662,12/11/2018,3780455,SKU_0001,5,REF_SKU_0001,LOC_SKU_0001,7,20,"[35.0, 40.9]",A3541,35.0,40.9
1663,12/11/2018,3780741,SKU_0122,4,REF_SKU_0122,LOC_SKU_0122,5,4,"[25.0, 13.5]",A2514,25.0,13.5
1664,12/11/2018,3780598,SKU_0006,5,REF_SKU_0006,LOC_SKU_0006,8,18,"[40.0, 37.0]",A4037,40.0,37.0
1665,12/11/2018,3780645,SKU_0004,1,REF_SKU_0004,LOC_SKU_0004,7,1,"[35.0, 8.1]",A3508,35.0,8.1
1666,12/11/2018,3780510,SKU_0013,1,REF_SKU_0013,LOC_SKU_0013,10,1,"[50.0, 7.6]",A5008,50.0,7.6
1667,12/11/2018,3780183,SKU_0001,4,REF_SKU_0001,LOC_SKU_0001,7,20,"[35.0, 40.9]",A3541,35.0,40.9
1668,12/11/2018,3780386,SKU_0060,2,REF_SKU_0060,LOC_SKU_0060,4,24,"[20.0, 47.5]",A2048,20.0,47.5
1669,12/11/2018,3780574,SKU_0017,2,REF_SKU_0017,LOC_SKU_0017,7,4,"[35.0, 13.1]",A3513,35.0,13.1
1670,12/11/2018,3780731,SKU_0001,2,REF_SKU_0001,LOC_SKU_0001,7,20,"[35.0, 40.9]",A3541,35.0,40.9
1671,12/11/2018,3780405,SKU_0001,3,REF_SKU_0001,LOC_SKU_0001,7,20,"[35.0, 40.9]",A3541,35.0,40.9
1672,12/11/2018,3780246,SKU_0001,2,REF_SKU_0001,LOC_SKU_0001,7,20,"[35.0, 40.9]",A3541,35.0,40.9
1673,12/11/2018,3780742,SKU_0001,3,REF_SKU_0001,LOC_SKU_0001,7,20,"[35.0, 40.9]",A3541,35.0,40.9
1674,12/11/2018,3780591,SKU_0017,3,REF_SKU_0017,LOC_SKU_0017,7,4,"[35.0, 13.1]",A3513,35.0,13.1
1675,12/11/2018,3780661,SKU_0118,2,REF_SKU_0118,LOC_SKU_0118,2,12,"[10.0, 27.1]",A1027,10.0,27.1
1676,12/11/2018,3780650,SKU_0001,2,REF_SKU_0001,LOC_SKU_0001,7,20,"[35.0, 40.9]",A3541,35.0,40.9
1677,12/11/2018,3780471,SKU_0001,4,REF_SKU_0001,LOC_SKU_0001,7,20,"[35.0, 40.9]",A3541,35.0,40.9
1678,12/11/2018,3780826,SKU_0016,4,REF_SKU_0016,LOC_SKU_0016,3,22,"[15.0, 43.8]",A1544,15.0,43.8
1679,12/11/2018,3780888,SKU_0100,3,REF_SKU_0100,LOC_SKU_0100,2,21,"[10.0, 42.8]",A1043,10.0,42.8
1680,12/11/2018,3780423,SKU_0003,4,REF_SKU_0003,LOC_SKU_0003,7,11,"[35.0, 25.3]",A3525,35.0,25.3
1681,12/11/2018,3780901,SKU_0004,3,REF_SKU_0004,LOC_SKU_0004,7,1,"[35.0, 8.1]",A3508,35.0,8.1
1682,12/11/2018,3780065,SKU_0018,1,REF_SKU_0018,LOC_SKU_0018,7,0,"[35.0, 6.1]",A3506,35.0,6.1
1683,12/11/2018,3780013,SKU_0002,3,REF_SKU_0002,LOC_SKU_0002,8,15,"[40.0, 32.1]",A4032,40.0,32.1
1684,12/11/2018,3780213,SKU_0001,3,REF_SKU_0001,LOC_SKU_0001,7,20,"[35.0, 40.9]",A3541,35.0,40.9
1685,12/11/2018,3780986,SKU_0051,4,REF_SKU_0051,LOC_SKU_0051,5,24,"[25.0, 48.7]",A2549,25.0,48.7
1686,12/11/2018,3780242,SKU_0023,1,REF_SKU_0023,LOC_SKU_0023,7,15,"[35.0, 32.6]",A3533,35.0,32.6
1687,12/11/2018,3780493,SKU_0016,5,REF_SKU_0016,LOC_SKU_0016,3,22,"[15.0, 43.8]",A1544,15.0,43.8
1688,12/11/2018,3780213,SKU_0053,5,REF_SKU_0053,LOC_SKU_0053,10,6,"[50.0, 16.0]",A5016,50.0,16.0
1689,12/11/2018,3780693,SKU_0032,5,REF_SKU_0032,LOC_SKU_0032,8,14,"[40.0, 30.9]",A4031,40.0,30.9
1690,12/11/2018,3780338,SKU_0002,1,REF_SKU_0002,LOC_SKU_0002,8,15,"[40.0, 32.1]",A4032,40.0,32.1
1691,12/11/2018,3780997,SKU_0004,2,REF_SKU_0004,LOC_SKU_0004,7,1,"[35.0, 8.1]",A3508,35.0,8.1
1692,12/11/2018,3780173,SKU_0001,1,REF_SKU_0001,LOC_SKU_0001,7,20,"[35.0, 40.9]",A3541,35.0,40.9
1693,12/11/2018,3780672,SKU_0001,4,REF_SKU_0001,LOC_SKU_0001,7,20,"[35.0, 40.9]",A3541,35.0,40.9
1694,12/11/2018,3780164,SKU_0033,3,REF_SKU_0033,LOC_SKU_0033,9,24,"[45.0, 48.3]",A4548,45.0,48.3
1695,12/11/2018,3780465,SKU_0138,3,REF_SKU_0138,LOC_SKU_0138,3,24,"[15.0, 49.1]",A1549,15.0,49.1
1696,12/11/2018,3780995,SKU_0351,4,REF_SKU_0351,LOC_SKU_0351,8,12,"[40.0, 27.1]",A4027,40.0,27.1
1697,12/11/2018,3780497,SKU_0023,4,REF_SKU_0023,LOC_SKU_0023,7,15,"[35.0, 32.6]",A3533,35.0,32.6
1698,12/11/2018,3780700,SKU_0001,3,REF_SKU_0001,LOC_SKU_0001,7,20,"[35.0, 40.9]",A3541,35.0,40.9
1699,12/11/2018,3780395,SKU_0001,2,REF_SKU_0001,LOC_SKU_0001,7,20,"[35.0, 40.9]",A3541,35.0,40.9
1700,12/11/2018,3780703,SKU_0094,2,REF_SKU_0094,LOC_SKU_0094,3,15,"[15.0, 31.8]",A1532,15.0,31.8
1701,12/11/2018,3780917,SKU_0016,2,REF_SKU_0016,LOC_SKU_0016,3,22,"[15.0, 43.8]",A1544,15.0,43.8
1702,12/11/2018,3780308,SKU_0021,4,REF_SKU_0021,LOC_SKU_0021,10,2,"[50.0, 9.8]",A5010,50.0,9.8
1703,12/11/2018,3780768,SKU_0073,3,REF_SKU_0073,LOC_SKU_0073,1,3,"[5.0, 10.8]",A0511,5.0,10.8
1704,12/11/2018,3780183,SKU_0040,3,REF_SKU_0040,LOC_SKU_0040,8,0,"[40.0, 5.7]",A4006,40.0,5.7
1705,12/11/2018,3780629,SKU_0113,3,REF_SKU_0113,LOC_SKU_0113,1,4,"[5.0, 12.7]",A0513,5.0,12.7
1706,12/11/2018,3780794,SKU_0001,1,REF_SKU_0001,LOC_SKU_0001,7,20,"[35.0, 40.9]",A3541,35.0,40.9
1707,12/11/2018,3780510,SKU_0056,1,REF_SKU_0056,LOC_SKU_0056,3,1,"[15.0, 6.9]",A1507,15.0,6.9
1708,12/11/2018,3780708,SKU_0129,5,REF_SKU_0129,LOC_SKU_0129,3,22,"[15.0, 45.2]",A1545,15.0,45.2
1709,12/11/2018,3780546,SKU_0003,1,REF_SKU_0003,LOC_SKU_0003,7,11,"[35.0, 25.3]",A3525,35.0,25.3
1710,12/11/2018,3780564,SKU_0025,2,REF_SKU_0025,LOC_SKU_0025,1,6,"[5.0, 17.0]",A0517,5.0,17.0
1711,12/11/2018,3780624,SKU_0003,2,REF_SKU_0003,LOC_SKU_0003,7,11,"[35.0, 25.3]",A3525,35.0,25.3
1712,12/11/2018,3780764,SKU_0336,2,REF_SKU_0336,LOC_SKU_0336,3,13,"[15.0, 28.4]",A1528,15.0,28.4
1713,12/11/2018,3780594,SKU_0001,2,REF_SKU_0001,LOC_SKU_0001,7,20,"[35.0, 40.9]",A3541,35.0,40.9
1714,12/11/2018,3780744,SKU_0016,5,REF_SKU_0016,LOC_SKU_0016,3,22,"[15.0, 43.8]",A1544,15.0,43.8
1715,12/11/2018,3780227,SKU_0001,2,REF_SKU_0001,LOC_SKU_0001,7,20,"[35.0, 40.9]",A3541,35.0,40.9
1716,12/11/2018,3780745,SKU_0043,4,REF_SKU_0043,LOC_SKU_0043,5,23,"[25.0, 46.7]",A2547,25.0,46.7
1717,12/11/2018,3780733,SKU_0001,4,REF_SKU_0001,LOC_SKU_0001,7,20,"[35.0, 40.9]",A3541,35.0,40.9
1718,12/11/2018,3780436,SKU_0002,4,REF_SKU_0002,LOC_SKU_0002,8,15,"[40.0, 32.1]",A4032,40.0,32.1
1719,12/11/2018,3780925,SKU_0009,1,REF_SKU_0009,LOC_SKU_0009,6,0,"[30.0, 5.5]",A3006,30.0,5.5
1720,12/11/2018,3780422,SKU_0226,3,REF_SKU_0226,LOC_SKU_0226,4,21,"[20.0, 42.3]",A2042,20.0,42.3
1721,12/11/2018,3780554,SKU_0002,5,REF_SKU_0002,LOC_SKU_0002,8,15,"[40.0, 32.1]",A4032,40.0,32.1
1722,12/11/2018,3780021,SKU_0001,4,REF_SKU_0001,LOC_SKU_0001,7,20,"[35.0, 40.9]",A3541,35.0,40.9
1723,12/11/2018,3780554,SKU_0061,4,REF_SKU_0061,LOC_SKU_0061,7,7,"[35.0, 18.4]",A3518,35.0,18.4
1724,12/11/2018,3780397,SKU_0010,2,REF_SKU_0010,LOC_SKU_0010,5,15,"[25.0, 33.0]",A2533,25.0,33.0
1725,12/11/2018,3780625,SKU_0220,4,REF_SKU_0220,LOC_SKU_0220,7,14,"[35.0, 31.3]",A3531,35.0,31.3
1726,12/11/2018,3780105,SKU_0001,2,REF_SKU_0001,LOC_SKU_0001,7,20,"[35.0, 40.9]",A3541,35.0,40.9
1727,12/11/2018,3780192,SKU_0026,2,REF_SKU_0026,LOC_SKU_0026,8,19,"[40.0, 39.1]",A4039,40.0,39.1
1728,12/11/2018,3780017,SKU_0002,3,REF_SKU_0002,LOC_SKU_0002,8,15,"[40.0, 32.1]",A4032,40.0,32.1
1729,12/11/2018,3780120,SKU_0001,1,REF_SKU_0001,LOC_SKU_0001,7,20,"[35.0, 40.9]",A3541,35.0,40.9
1730,12/11/2018,3780393,SKU_0034,2,REF_SKU_0034,LOC_SKU_0034,5,10,"[25.0, 22.8]",A2523,25.0,22.8
1731,12/11/2018,3780425,SKU_0018,2,REF_SKU_0018,LOC_SKU_0018,7,0,"[35.0, 6.1]",A3506,35.0,6.1
1732,12/11/2018,3780129,SKU_0059,3,REF_SKU_0059,LOC_SKU_0059,7,15,"[35.0, 32.4]",A3532,35.0,32.4
1733,12/11/2018,3780130,SKU_0003,2,REF_SKU_0003,LOC_SKU_0003,7,11,"[35.0, 25.3]",A3525,35.0,25.3
1734,12/11/2018,3780572,SKU_0007,5,REF_SKU_0007,LOC_SKU_0007,6,1,"[30.0, 8.0]",A3008,30.0,8.0
1735,12/11/2018,3780560,SKU_0005,1,REF_SKU_0005,LOC_SKU_0005,8,8,"[40.0, 20.4]",A4020,40.0,20.4
1736,12/11/2018,3780029,SKU_0429,5,REF_SKU_0429,LOC_SKU_0429,6,19,"[30.0, 39.0]",A3039,30.0,39.0
1737,12/11/2018,3780097,SKU_0003,4,REF_SKU_0003,LOC_SKU_0003,7,11,"[35.0, 25.3]",A3525,35.0,25.3
1738,12/11/2018,3780010,SKU_0003,1,REF_SKU_0003,LOC_SKU_0003,7,11,"[35.0, 25.3]",A3525,35.0,25.3
1739,12/11/2018,3780242,SKU_0004,4,REF_SKU_0004,LOC_SKU_0004,7,1,"[35.0, 8.1]",A3508,35.0,8.1
1740,12/11/2018,3780826,SKU_0015,2,REF_SKU_0015,LOC_SKU_0015,4,15,"[20.0, 31.9]",A2032,20.0,31.9
1741,12/11/2018,3780956,SKU_0002,3,REF_SKU_0002,LOC_SKU_0002,8,15,"[40.0, 32.1]",A4032,40.0,32.1
1742,12/11/2018,3780232,SKU_0227,5,REF_SKU_0227,LOC_SKU_0227,6,7,"[30.0, 18.7]",A3019,30.0,18.7
1743,12/11/2018,3780789,SKU_0002,4,REF_SKU_0002,LOC_SKU_0002,8,15,"[40.0, 32.1]",A4032,40.0,32.1
1744,12/11/2018,3780284,SKU_0191,2,REF_SKU_0191,LOC_SKU_0191,5,12,"[25.0, 26.6]",A2527,25.0,26.6
1745,12/11/2018,3780715,SKU_0001,5,REF_SKU_0001,LOC_SKU_0001,7,20,"[35.0, 40.9]",A3541,35.0,40.9
1746,12/11/2018,3780759,SKU_0028,5,REF_SKU_0028,LOC_SKU_0028,4,5,"[20.0, 13.7]",A2014,20.0,13.7
1747,12/11/2018,3780802,SKU_0211,4,REF_SKU_0211,LOC_SKU_0211,2,7,"[10.0, 17.1]",A1017,10.0,17.1
1748,12/11/2018,3780776,SKU_0001,2,REF_SKU_0001,LOC_SKU_0001,7,20,"[35.0, 40.9]",A3541,35.0,40.9
1749,12/11/2018,3780955,SKU_0370,3,REF_SKU_0370,LOC_SKU_0370,5,9,"[25.0, 21.7]",A2522,25.0,21.7
1750,12/11/2018,3780726,SKU_0007,4,REF_SKU_0007,LOC_SKU_0007,6,1,"[30.0, 8.0]",A3008,30.0,8.0
1751,12/11/2018,3780200,SKU_0299,5,REF_SKU_0299,LOC_SKU_0299,7,22,"[35.0, 44.0]",A3544,35.0,44.0
1752,12/11/2018,3780945,SKU_0033,5,REF_SKU_0033,LOC_SKU_0033,9,24,"[45.0, 48.3]",A4548,45.0,48.3
1753,12/11/2018,3780079,SKU_0003,1,REF_SKU_0003,LOC_SKU_0003,7,11,"[35.0, 25.3]",A3525,35.0,25.3
1754,12/11/2018,3780913,SKU_0001,2,REF_SKU_0001,LOC_SKU_0001,7,20,"[35.0, 40.9]",A3541,35.0,40.9
1755,12/11/2018,3780956,SKU_0003,1,REF_SKU_0003,LOC_SKU_0003,7,11,"[35.0, 25.3]",A3525,35.0,25.3
1756,12/11/2018,3780855,SKU_0001,3,REF_SKU_0001,LOC_SKU_0001,7,20,"[35.0, 40.9]",A3541,35.0,40.9
1757,12/11/2018,3780856,SKU_0001,4,REF_SKU_0001,LOC_SKU_0001,7,20,"[35.0, 40.9]",A3541,35.0,40.9
1758,12/11/2018,3780173,SKU_0001,5,REF_SKU_0001,LOC_SKU_0001,7,20,"[35.0, 40.9]",A3541,35.0,40.9
1759,12/11/2018,3780467,SKU_0006,2,REF_SKU_0006,LOC_SKU_0006,8,18,"[40.0, 37.0]",A4037,40.0,37.0
1760,12/11/2018,3780581,SKU_0082,5,REF_SKU_0082,LOC_SKU_0082,1,24,"[5.0, 49.0]",A0549,5.0,49.0
1761,12/11/2018,3780416,SKU_0001,1,REF_SKU_0001,LOC_SKU_0001,7,20,"[35.0, 40.9]",A3541,35.0,40.9
1762,12/11/2018,3780940,SKU_0001,1,REF_SKU_0001,LOC_SKU_0001,7,20,"[35.0, 40.9]",A3541,35.0,40.9
1763,12/11/2018,3780449,SKU_0026,4,REF_SKU_0026,LOC_SKU_0026,8,19,"[40.0, 39.1]",A4039,40.0,39.1
1764,12/11/2018,3780087,SKU_0002,2,REF_SKU_0002,LOC_SKU_0002,8,15,"[40.0, 32.1]",A4032,40.0,32.1
1765,12/11/2018,3780101,SKU_0001,2,REF_SKU_0001,LOC_SKU_0001,7,20,"[35.0, 40.9]",A3541,35.0,40.9
1766,12/11/2018,3780008,SKU_0001,4,REF_SKU_0001,LOC_SKU_0001,7,20,"[35.0, 40.9]",A3541,35.0,40.9
1767,12/11/2018,3780845,SKU_0245,1,REF_SKU_0245,LOC_SKU_0245,2,22,"[10.0, 45.2]",A1045,10.0,45.2
1768,12/11/2018,3780200,SKU_0101,1,REF_SKU_0101,LOC_SKU_0101,9,3,"[45.0, 10.5]",A4510,45.0,10.5
1769,12/11/2018,3780505,SKU_0004,1,REF_SKU_0004,LOC_SKU_0004,7,1,"[35.0, 8.1]",A3508,35.0,8.1
1770,12/11/2018,3780087,SKU_0028,5,REF_SKU_0028,LOC_SKU_0028,4,5,"[20.0, 13.7]",A2014,20.0,13.7
1771,12/11/2018,3780043,SKU_0012,3,REF_SKU_0012,LOC_SKU_0012,9,7,"[45.0, 18.5]",A4518,45.0,18.5
1772,12/11/2018,3780385,SKU_0033,1,REF_SKU_0033,LOC_SKU_0033,9,24,"[45.0, 48.3]",A4548,45.0,48.3
1773,12/11/2018,3780621,SKU_0034,3,REF_SKU_0034,LOC_SKU_0034,5,10,"[25.0, 22.8]",A2523,25.0,22.8
1774,12/11/2018,3780435,SKU_0023,3,REF_SKU_0023,LOC_SKU_0023,7,15,"[35.0, 32.6]",A3533,35.0,32.6
1775,12/11/2018,3780408,SKU_0002,2,REF_SKU_0002,LOC_SKU_0002,8,15,"[40.0, 32.1]",A4032,40.0,32.1
1776,12/11/2018,3780483,SKU_0001,4,REF_SKU_0001,LOC_SKU_0001,7,20,"[35.0, 40.9]",A3541,35.0,40.9
1777,12/11/2018,3780664,SKU_0007,5,REF_SKU_0007,LOC_SKU_0007,6,1,"[30.0, 8.0]",A3008,30.0,8.0
1778,12/11/2018,3780017,SKU_0183,3,REF_SKU_0183,LOC_SKU_0183,7,16,"[35.0, 34.7]",A3535,35.0,34.7
1779,12/11/2018,3780645,SKU_0015,5,REF_SKU_0015,LOC_SKU_0015,4,15,"[20.0, 31.9]",A2032,20.0,31.9
1780,12/11/2018,3780148,SKU_0111,2,REF_SKU_0111,LOC_SKU_0111,6,19,"[30.0, 40.2]",A3040,30.0,40.2
1781,12/11/2018,3780277,SKU_0462,1,REF_SKU_0462,LOC_SKU_0462,9,19,"[45.0, 38.6]",A4539,45.0,38.6
1782,12/11/2018,3780232,SKU_0001,3,REF_SKU_0001,LOC_SKU_0001,7,20,"[35.0, 40.9]",A3541,35.0,40.9
1783,12/11/2018,3780826,SKU_0037,4,REF_SKU_0037,LOC_SKU_0037,9,7,"[45.0, 18.7]",A4519,45.0,18.7
1784,12/11/2018,3780927,SKU_0032,2,REF_SKU_0032,LOC_SKU_0032,8,14,"[40.0, 30.9]",A4031,40.0,30.9
1785,12/11/2018,3780366,SKU_0413,5,REF_SKU_0413,LOC_SKU_0413,10,23,"[50.0, 45.9]",A5046,50.0,45.9
1786,12/11/2018,3780228,SKU_0436,1,REF_SKU_0436,LOC_SKU_0436,4,10,"[20.0, 23.2]",A2023,20.0,23.2
1787,12/11/2018,3780651,SKU_0035,5,REF_SKU_0035,LOC_SKU_0035,2,13,"[10.0, 29.5]",A1030,10.0,29.5
1788,12/11/2018,3780436,SKU_0002,4,REF_SKU_0002,LOC_SKU_0002,8,15,"[40.0, 32.1]",A4032,40.0,32.1
1789,12/11/2018,3780399,SKU_0084,3,REF_SKU_0084,LOC_SKU_0084,1,16,"[5.0, 33.7]",A0534,5.0,33.7
1790,12/11/2018,3780211,SKU_0001,4,REF_SKU_0001,LOC_SKU_0001,7,20,"[35.0, 40.9]",A3541,35.0,40.9
1791,12/11/2018,3780391,SKU_0073,5,REF_SKU_0073,LOC_SKU_0073,1,3,"[5.0, 10.8]",A0511,5.0,10.8
1792,12/11/2018,3780499,SKU_0217,5,REF_SKU_0217,LOC_SKU_0217,9,14,"[45.0, 30.8]",A4531,45.0,30.8
1793,12/11/2018,3780540,SKU_0005,4,REF_SKU_0005,LOC_SKU_0005,8,8,"[40.0, 20.4]",A4020,40.0,20.4
1794,12/11/2018,3780563,SKU_0023,4,REF_SKU_0023,LOC_SKU_0023,7,15,"[35.0, 32.6]",A3533,35.0,32.6
1795,12/11/2018,3780491,SKU_0006,4,REF_SKU_0006,LOC_SKU_0006,8,18,"[40.0, 37.0]",A4037,40.0,37.0
1796,12/11/2018,3780442,SKU_0006,1,REF_SKU_0006,LOC_SKU_0006,8,18,"[40.0, 37.0]",A4037,40.0,37.0
1797,12/11/2018,3780261,SKU_0003,5,REF_SKU_0003,LOC_SKU_0003,7,11,"[35.0, 25.3]",A3525,35.0,25.3
1798,12/11/2018,3780773,SKU_0063,2,REF_SKU_0063,LOC_SKU_0063,10,20,"[50.0, 41.5]",A5042,50.0,41.5
1799,12/11/2018,3780350,SKU_0274,1,REF_SKU_0274,LOC_SKU_0274,7,1,"[35.0, 7.5]",A3508,35.0,7.5
1800,12/11/2018,3780352,SKU_0286,1,REF_SKU_0286,LOC_SKU_0286,2,10,"[10.0, 24.0]",A1024,10.0,24.0
1801,12/11/2018,3780520,SKU_0001,1,REF_SKU_0001,LOC_SKU_0001,7,20,"[35.0, 40.9]",A3541,35.0,40.9
1802,12/11/2018,3780320,SKU_0159,2,REF_SKU_0159,LOC_SKU_0159,3,12,"[15.0, 26.2]",A1526,15.0,26.2
1803,12/11/2018,3780138,SKU_0052,4,REF_SKU_0052,LOC_SKU_0052,3,19,"[15.0, 39.4]",A1539,15.0,39.4
1804,12/11/2018,3780550,SKU_0002,5,REF_SKU_0002,LOC_SKU_0002,8,15,"[40.0, 32.1]",A4032,40.0,32.1
1805,12/11/2018,3780623,SKU_0001,3,REF_SKU_0001,LOC_SKU_0001,7,20,"[35.0, 40.9]",A3541,35.0,40.9
1806,12/11/2018,3780992,SKU_0002,3,REF_SKU_0002,LOC_SKU_0002,8,15,"[40.0, 32.1]",A4032,40.0,32.1
1807,12/11/2018,3780368,SKU_0221,5,REF_SKU_0221,LOC_SKU_0221,7,23,"[35.0, 46.9]",A3547,35.0,46.9
1808,12/11/2018,3780220,SKU_0024,2,REF_SKU_0024,LOC_SKU_0024,8,1,"[40.0, 7.0]",A4007,40.0,7.0
1809,12/11/2018,3780337,SKU_0046,3,REF_SKU_0046,LOC_SKU_0046,2,2,"[10.0, 9.7]",A1010,10.0,9.7
1810,12/11/2018,3780223,SKU_0002,1,REF_SKU_0002,LOC_SKU_0002,8,15,"[40.0, 32.1]",A4032,40.0,32.1
1811,12/11/2018,3780648,SKU_0045,3,REF_SKU_0045,LOC_SKU_0045,7,21,"[35.0, 43.3]",A3543,35.0,43.3
1812,12/11/2018,3780768,SKU_0001,5,REF_SKU_0001,LOC_SKU_0001,7,20,"[35.0, 40.9]",A3541,35.0,40.9
1813,12/11/2018,3780360,SKU_0004,1,REF_SKU_0004,LOC_SKU_0004,7,1,"[35.0, 8.1]",A3508,35.0,8.1
1814,12/11/2018,3780921,SKU_0023,3,REF_SKU_0023,LOC_SKU_0023,7,15,"[35.0, 32.6]",A3533,35.0,32.6
1815,12/11/2018,3780329,SKU_0001,5,REF_SKU_0001,LOC_SKU_0001,7,20,"[35.0, 40.9]",A3541,35.0,40.9
1816,12/11/2018,3780962,SKU_0103,2,REF_SKU_0103,LOC_SKU_0103,10,6,"[50.0, 17.0]",A5017,50.0,17.0
1817,12/11/2018,3780463,SKU_0002,5,REF_SKU_0002,LOC_SKU_0002,8,15,"[40.0, 32.1]",A4032,40.0,32.1
1818,12/11/2018,3780946,SKU_0027,2,REF_SKU_0027,LOC_SKU_0027,6,5,"[30.0, 14.8]",A3015,30.0,14.8
1819,12/11/2018,3780963,SKU_0005,1,REF_SKU_0005,LOC_SKU_0005,8,8,"[40.0, 20.4]",A4020,40.0,20.4
1820,12/11/2018,3780561,SKU_0018,5,REF_SKU_0018,LOC_SKU_0018,7,0,"[35.0, 6.1]",A3506,35.0,6.1
1821,12/11/2018,3780804,SKU_0001,4,REF_SKU_0001,LOC_SKU_0001,7,20,"[35.0, 40.9]",A3541,35.0,40.9
1822,12/11/2018,3780382,SKU_0001,4,REF_SKU_0001,LOC_SKU_0001,7,20,"[35.0, 40.9]",A3541,35.0,40.9
1823,12/11/2018,3780836,SKU_0216,4,REF_SKU_0216,LOC_SKU_0216,4,4,"[20.0, 13.4]",A2013,20.0,13.4
1824,12/11/2018,3780590,SKU_0002,4,REF_SKU_0002,LOC_SKU_0002,8,15,"[40.0, 32.1]",A4032,40.0,32.1
1825,12/11/2018,3780617,SKU_0100,4,REF_SKU_0100,LOC_SKU_0100,2,21,"[10.0, 42.8]",A1043,10.0,42.8
1826,12/11/2018,3780169,SKU_0497,2,REF_SKU_0497,LOC_SKU_0497,7,17,"[35.0, 35.4]",A3535,35.0,35.4
1827,12/11/2018,3780217,SKU_0002,5,REF_SKU_0002,LOC_SKU_0002,8,15,"[40.0, 32.1]",A4032,40.0,32.1
1828,12/11/2018,3780378,SKU_0002,1,REF_SKU_0002,LOC_SKU_0002,8,15,"[40.0, 32.1]",A4032,40.0,32.1
1829,12/11/2018,3780119,SKU_0030,4,REF_SKU_0030,LOC_SKU_0030,2,10,"[10.0, 23.1]",A1023,10.0,23.1
1830,12/11/2018,3780190,SKU_0360,4,REF_SKU_0360,LOC_SKU_0360,10,14,"[50.0, 30.6]",A5031,50.0,30.6
1831,12/11/2018,3780767,SKU_0228,1,REF_SKU_0228,LOC_SKU_0228,3,10,"[15.0, 22.8]",A1523,15.0,22.8
1832,12/11/2018,3780370,SKU_0010,1,REF_SKU_0010,LOC_SKU_0010,5,15,"[25.0, 33.0]",A2533,25.0,33.0
1833,12/11/2018,3780778,SKU_0082,4,REF_SKU_0082,LOC_SKU_0082,1,24,"[5.0, 49.0]",A0549,5.0,49.0
1834,12/11/2018,3780149,SKU_0001,2,REF_SKU_0001,LOC_SKU_0001,7,20,"[35.0, 40.9]",A3541,35.0,40.9
1835,12/11/2018,3780676,SKU_0403,1,REF_SKU_0403,LOC_SKU_0403,1,21,"[5.0, 43.4]",A0543,5.0,43.4
1836,12/11/2018,3780652,SKU_0356,5,REF_SKU_0356,LOC_SKU_0356,3,22,"[15.0, 45.3]",A1545,15.0,45.3
1837,12/11/2018,3780859,SKU_0001,5,REF_SKU_0001,LOC_SKU_0001,7,20,"[35.0, 40.9]",A3541,35.0,40.9
1838,12/11/2018,3780488,SKU_0003,2,REF_SKU_0003,LOC_SKU_0003,7,11,"[35.0, 25.3]",A3525,35.0,25.3
1839,12/11/2018,3780770,SKU_0001,3,REF_SKU_0001,LOC_SKU_0001,7,20,"[35.0, 40.9]",A3541,35.0,40.9
1840,12/11/2018,3780374,SKU_0002,2,REF_SKU_0002,LOC_SKU_0002,8,15,"[40.0, 32.1]",A4032,40.0,32.1
1841,12/11/2018,3780781,SKU_0097,4,REF_SKU_0097,LOC_SKU_0097,4,16,"[20.0, 34.2]",A2034,20.0,34.2
1842,12/11/2018,3780693,SKU_0004,3,REF_SKU_0004,LOC_SKU_0004,7,1,"[35.0, 8.1]",A3508,35.0,8.1
1843,12/11/2018,3780160,SKU_0001,4,REF_SKU_0001,LOC_SKU_0001,7,20,"[35.0, 40.9]",A3541,35.0,40.9
1844,12/11/2018,3780351,SKU_0004,5,REF_SKU_0004,LOC_SKU_0004,7,1,"[35.0, 8.1]",A3508,35.0,8.1
1845,12/11/2018,3780912,SKU_0418,1,REF_SKU_0418,LOC_SKU_0418,1,19,"[5.0, 38.8]",A0539,5.0,38.8
1846,12/11/2018,3780288,SKU_0023,4,REF_SKU_0023,LOC_SKU_0023,7,15,"[35.0, 32.6]",A3533,35.0,32.6
1847,12/11/2018,3780288,SKU_0006,5,REF_SKU_0006,LOC_SKU_0006,8,18,"[40.0, 37.0]",A4037,40.0,37.0
1848,12/11/2018,3780892,SKU_0001,2,REF_SKU_0001,LOC_SKU_0001,7,20,"[35.0, 40.9]",A3541,35.0,40.9
1849,12/11/2018,3780226,SKU_0438,4,REF_SKU_0438,LOC_SKU_0438,4,18,"[20.0, 37.6]",A2038,20.0,37.6
1850,12/11/2018,3780523,SKU_0101,5,REF_SKU_0101,LOC_SKU_0101,9,3,"[45.0, 10.5]",A4510,45.0,10.5
1851,12/11/2018,3780522,SKU_0003,1,REF_SKU_0003,LOC_SKU_0003,7,11,"[35.0, 25.3]",A3525,35.0,25.3
1852,12/11/2018,3780783,SKU_0001,4,REF_SKU_0001,LOC_SKU_0001,7,20,"[35.0, 40.9]",A3541,35.0,40.9
1853,12/11/2018,3780273,SKU_0001,5,REF_SKU_0001,LOC_SKU_0001,7,20,"[35.0, 40.9]",A3541,35.0,40.9
1854,12/11/2018,3780936,SKU_0001,4,REF_SKU_0001,LOC_SKU_0001,7,20,"[35.0, 40.9]",A3541,35.0,40.9
1855,12/11/2018,3780402,SKU_0016,1,REF_SKU_0016,LOC_SKU_0016,3,22,"[15.0, 43.8]",A1544,15.0,43.8
1856,12/11/2018,3780183,SKU_0256,4,REF_SKU_0256,LOC_SKU_0256,7,11,"[35.0, 24.8]",A3525,35.0,24.8
1857,12/11/2018,3780969,SKU_0009,4,REF_SKU_0009,LOC_SKU_0009,6,0,"[30.0, 5.5]",A3006,30.0,5.5
1858,12/11/2018,3780665,SKU_0121,5,REF_SKU_0121,LOC_SKU_0121,4,6,"[20.0, 16.1]",A2016,20.0,16.1
1859,12/11/2018,3780488,SKU_0007,3,REF_SKU_0007,LOC_SKU_0007,6,1,"[30.0, 8.0]",A3008,30.0,8.0
1860,12/11/2018,3780827,SKU_0041,4,REF_SKU_0041,LOC_SKU_0041,3,18,"[15.0, 37.0]",A1537,15.0,37.0
1861,12/11/2018,3780846,SKU_0050,3,REF_SKU_0050,LOC_SKU_0050,3,12,"[15.0, 26.5]",A1526,15.0,26.5
1862,12/11/2018,3780124,SKU_0001,2,REF_SKU_0001,LOC_SKU_0001,7,20,"[35.0, 40.9]",A3541,35.0,40.9
1863,12/11/2018,3780985,SKU_0004,4,REF_SKU_0004,LOC_SKU_0004,7,1,"[35.0, 8.1]",A3508,35.0,8.1
1864,12/11/2018,3780626,SKU_0025,3,REF_SKU_0025,LOC_SKU_0025,1,6,"[5.0, 17.0]",A0517,5.0,17.0
1865,12/11/2018,3780790,SKU_0001,2,REF_SKU_0001,LOC_SKU_0001,7,20,"[35.0, 40.9]",A3541,35.0,40.9
1866,12/11/2018,3780414,SKU_0004,5,REF_SKU_0004,LOC_SKU_0004,7,1,"[35.0, 8.1]",A3508,35.0,8.1
1867,12/11/2018,3780980,SKU_0012,4,REF_SKU_0012,LOC_SKU_0012,9,7,"[45.0, 18.5]",A4518,45.0,18.5
1868,12/11/2018,3780725,SKU_0483,5,REF_SKU_0483,LOC_SKU_0483,1,1,"[5.0, 7.1]",A0507,5.0,7.1
1869,12/11/2018,3780172,SKU_0008,2,REF_SKU_0008,LOC_SKU_0008,8,21,"[40.0, 42.5]",A4042,40.0,42.5
1870,12/11/2018,3780288,SKU_0097,5,REF_SKU_0097,LOC_SKU_0097,4,16,"[20.0, 34.2]",A2034,20.0,34.2
1871,12/11/2018,3780435,SKU_0006,5,REF_SKU_0006,LOC_SKU_0006,8,18,"[40.0, 37.0]",A4037,40.0,37.0
1872,12/11/2018,3780686,SKU_0082,1,REF_SKU_0082,LOC_SKU_0082,1,24,"[5.0, 49.0]",A0549,5.0,49.0
1873,12/11/2018,3780113,SKU_0018,2,REF_SKU_0018,LOC_SKU_0018,7,0,"[35.0, 6.1]",A3506,35.0,6.1
1874,12/11/2018,3780888,SKU_0176,5,REF_SKU_0176,LOC_SKU_0176,7,11,"[35.0, 24.6]",A3525,35.0,24.6
1875,12/11/2018,3780917,SKU_0005,3,REF_SKU_0005,LOC_SKU_0005,8,8,"[40.0, 20.4]",A4020,40.0,20.4
1876,12/11/2018,3780995,SKU_0019,2,REF_SKU_0019,LOC_SKU_0019,9,24,"[45.0, 48.5]",A4548,45.0,48.5
1877,12/11/2018,3780122,SKU_0023,1,REF_SKU_0023,LOC_SKU_0023,7,15,"[35.0, 32.6]",A3533,35.0,32.6
1878,12/11/2018,3780544,SKU_0006,4,REF_SKU_0006,LOC_SKU_0006,8,18,"[40.0, 37.0]",A4037,40.0,37.0
1879,12/11/2018,3780222,SKU_0001,5,REF_SKU_0001,LOC_SKU_0001,7,20,"[35.0, 40.9]",A3541,35.0,40.9
1880,12/11/2018,3780631,SKU_0001,3,REF_SKU_0001,LOC_SKU_0001,7,20,"[35.0, 40.9]",A3541,35.0,40.9
1881,12/11/2018,3780039,SKU_0001,1,REF_SKU_0001,LOC_SKU_0001,7,20,"[35.0, 40.9]",A3541,35.0,40.9
1882,12/11/2018,3780497,SKU_0157,2,REF_SKU_0157,LOC_SKU_0157,2,2,"[10.0, 9.7]",A1010,10.0,9.7
1883,12/11/2018,3780780,SKU_0002,5,REF_SKU_0002,LOC_SKU_0002,8,15,"[40.0, 32.1]",A4032,40.0,32.1
1884,12/11/2018,3780233,SKU_0002,1,REF_SKU_0002,LOC_SKU_0002,8,15,"[40.0, 32.1]",A4032,40.0,32.1
1885,12/11/2018,3780943,SKU_0051,1,REF_SKU_0051,LOC_SKU_0051,5,24,"[25.0, 48.7]",A2549,25.0,48.7
1886,12/11/2018,3780530,SKU_0003,3,REF_SKU_0003,LOC_SKU_0003,7,11,"[35.0, 25.3]",A3525,35.0,25.3
1887,12/11/2018,3780149,SKU_0010,4,REF_SKU_0010,LOC_SKU_0010,5,15,"[25.0, 33.0]",A2533,25.0,33.0
1888,12/11/2018,3780397,SKU_0001,4,REF_SKU_0001,LOC_SKU_0001,7,20,"[35.0, 40.9]",A3541,35.0,40.9
1889,12/11/2018,3780661,SKU_0341,4,REF_SKU_0341,LOC_SKU_0341,5,14,"[25.0, 29.9]",A2530,25.0,29.9
1890,12/11/2018,3780638,SKU_0130,2,REF_SKU_0130,LOC_SKU_0130,2,9,"[10.0, 21.1]",A1021,10.0,21.1
1891,12/11/2018,3780904,SKU_0145,1,REF_SKU_0145,LOC_SKU_0145,2,15,"[10.0, 32.9]",A1033,10.0,32.9
1892,12/11/2018,3780302,SKU_0005,2,REF_SKU_0005,LOC_SKU_0005,8,8,"[40.0, 20.4]",A4020,40.0,20.4
1893,12/11/2018,3780360,SKU_0063,1,REF_SKU_0063,LOC_SKU_0063,10,20,"[50.0, 41.5]",A5042,50.0,41.5
1894,12/11/2018,3780238,SKU_0001,3,REF_SKU_0001,LOC_SKU_0001,7,20,"[35.0, 40.9]",A3541,35.0,40.9
1895,12/11/2018,3780647,SKU_0001,3,REF_SKU_0001,LOC_SKU_0001,7,20,"[35.0, 40.9]",A3541,35.0,40.9
1896,12/11/2018,3780663,SKU_0001,2,REF_SKU_0001,LOC_SKU_0001,7,20,"[35.0, 40.9]",A3541,35.0,40.9
1897,12/11/2018,3780236,SKU_0017,2,REF_SKU_0017,LOC_SKU_0017,7,4,"[35.0, 13.1]",A3513,35.0,13.1
1898,12/11/2018,3780736,SKU_0007,3,REF_SKU_0007,LOC_SKU_0007,6,1,"[30.0, 8.0]",A3008,30.0,8.0
1899,12/11/2018,3780203,SKU_0011,5,REF_SKU_0011,LOC_SKU_0011,10,13,"[50.0, 28.9]",A5029,50.0,28.9
1900,12/11/2018,3780256,SKU_0001,4,REF_SKU_0001,LOC_SKU_0001,7,20,"[35.0, 40.9]",A3541,35.0,40.9
1901,12/11/2018,3780598,SKU_0006,4,REF_SKU_0006,LOC_SKU_0006,8,18,"[40.0, 37.0]",A4037,40.0,37.0
1902,12/11/2018,3780662,SKU_0045,3,REF_SKU_0045,LOC_SKU_0045,7,21,"[35.0, 43.3]",A3543,35.0,43.3
1903,12/11/2018,3780235,SKU_0007,4,REF_SKU_0007,LOC_SKU_0007,6,1,"[30.0, 8.0]",A3008,30.0,8.0
1904,12/11/2018,3780345,SKU_0050,5,REF_SKU_0050,LOC_SKU_0050,3,12,"[15.0, 26.5]",A1526,15.0,26.5
1905,12/11/2018,3780534,SKU_0002,5,REF_SKU_0002,LOC_SKU_0002,8,15,"[40.0, 32.1]",A4032,40.0,32.1
1906,12/11/2018,3780860,SKU_0095,1,REF_SKU_0095,LOC_SKU_0095,4,0,"[20.0, 6.2]",A2006,20.0,6.2
1907,12/11/2018,3780797,SKU_0017,2,REF_SKU_0017,LOC_SKU_0017,7,4,"[35.0, 13.1]",A3513,35.0,13.1
1908,12/11/2018,3780781,SKU_0002,4,REF_SKU_0002,LOC_SKU_0002,8,15,"[40.0, 32.1]",A4032,40.0,32.1
1909,12/11/2018,3780466,SKU_0002,5,REF_SKU_0002,LOC_SKU_0002,8,15,"[40.0, 32.1]",A4032,40.0,32.1
1910,12/11/2018,3780770,SKU_0023,2,REF_SKU_0023,LOC_SKU_0023,7,15,"[35.0, 32.6]",A3533,35.0,32.6
1911,12/11/2018,3780541,SKU_0109,2,REF_SKU_0109,LOC_SKU_0109,3,18,"[15.0, 36.7]",A1537,15.0,36.7
1912,12/11/2018,3780213,SKU_0006,1,REF_SKU_0006,LOC_SKU_0006,8,18,"[40.0, 37.0]",A4037,40.0,37.0
1913,12/11/2018,3780463,SKU_0002,2,REF_SKU_0002,LOC_SKU_0002,8,15,"[40.0, 32.1]",A4032,40.0,32.1
1914,12/11/2018,3780436,SKU_0149,2,REF_SKU_0149,LOC_SKU_0149,9,18,"[45.0, 36.8]",A4537,45.0,36.8
1915,12/11/2018,3780283,SKU_0031,3,REF_SKU_0031,LOC_SKU_0031,4,15,"[20.0, 32.1]",A2032,20.0,32.1
1916,12/11/2018,3780562,SKU_0007,1,REF_SKU_0007,LOC_SKU_0007,6,1,"[30.0, 8.0]",A3008,30.0,8.0
1917,12/11/2018,3780607,SKU_0009,1,REF_SKU_0009,LOC_SKU_0009,6,0,"[30.0, 5.5]",A3006,30.0,5.5
1918,12/11/2018,3780463,SKU_0002,4,REF_SKU_0002,LOC_SKU_0002,8,15,"[40.0, 32.1]",A4032,40.0,32.1
1919,12/11/2018,3780407,SKU_0023,2,REF_SKU_0023,LOC_SKU_0023,7,15,"[35.0, 32.6]",A3533,35.0,32.6
1920,12/11/2018,3780088,SKU_0004,4,REF_SKU_0004,LOC_SKU_0004,7,1,"[35.0, 8.1]",A3508,35.0,8.1
1921,12/11/2018,3780044,SKU_0480,5,REF_SKU_0480,LOC_SKU_0480,1,8,"[5.0, 19.3]",A0519,5.0,19.3
1922,12/11/2018,3780461,SKU_0008,2,REF_SKU_0008,LOC_SKU_0008,8,21,"[40.0, 42.5]",A4042,40.0,42.5
1923,12/11/2018,3780278,SKU_0009,5,REF_SKU_0009,LOC_SKU_0009,6,0,"[30.0, 5.5]",A3006,30.0,5.5
1924,12/11/2018,3780683,SKU_0015,3,REF_SKU_0015,LOC_SKU_0015,4,15,"[20.0, 31.9]",A2032,20.0,31.9
1925,12/11/2018,3780421,SKU_0230,2,REF_SKU_0230,LOC_SKU_0230,9,8,"[45.0, 19.7]",A4520,45.0,19.7
1926,12/11/2018,3780701,SKU_0085,4,REF_SKU_0085,LOC_SKU_0085,2,13,"[10.0, 29.1]",A1029,10.0,29.1
1927,12/11/2018,3780353,SKU_0007,4,REF_SKU_0007,LOC_SKU_0007,6,1,"[30.0, 8.0]",A3008,30.0,8.0
1928,12/11/2018,3780696,SKU_0045,2,REF_SKU_0045,LOC_SKU_0045,7,21,"[35.0, 43.3]",A3543,35.0,43.3
1929,12/11/2018,3780515,SKU_0017,4,REF_SKU_0017,LOC_SKU_0017,7,4,"[35.0, 13.1]",A3513,35.0,13.1
1930,12/11/2018,3780703,SKU_0009,2,REF_SKU_0009,LOC_SKU_0009,6,0,"[30.0, 5.5]",A3006,30.0,5.5
1931,12/11/2018,3780630,SKU_0002,1,REF_SKU_0002,LOC_SKU_0002,8,15,"[40.0, 32.1]",A4032,40.0,32.1
1932,12/11/2018,3780019,SKU_0008,4,REF_SKU_0008,LOC_SKU_0008,8,21,"[40.0, 42.5]",A4042,40.0,42.5
1933,12/11/2018,3780023,SKU_0002,2,REF_SKU_0002,LOC_SKU_0002,8,15,"[40.0, 32.1]",A4032,40.0,32.1
1934,12/11/2018,3780413,SKU_0226,2,REF_SKU_0226,LOC_SKU_0226,4,21,"[20.0, 42.3]",A2042,20.0,42.3
1935,12/11/2018,3780030,SKU_0003,4,REF_SKU_0003,LOC_SKU_0003,7,11,"[35.0, 25.3]",A3525,35.0,25.3
1936,12/11/2018,3780807,SKU_0318,1,REF_SKU_0318,LOC_SKU_0318,3,23,"[15.0, 45.7]",A1546,15.0,45.7
1937,12/11/2018,3780108,SKU_0012,4,REF_SKU_0012,LOC_SKU_0012,9,7,"[45.0, 18.5]",A4518,45.0,18.5
1938,12/11/2018,3780367,SKU_0024,2,REF_SKU_0024,LOC_SKU_0024,8,1,"[40.0, 7.0]",A4007,40.0,7.0
1939,12/11/2018,3780281,SKU_0013,1,REF_SKU_0013,LOC_SKU_0013,10,1,"[50.0, 7.6]",A5008,50.0,7.6
1940,12/11/2018,3780128,SKU_0001,5,REF_SKU_0001,LOC_SKU_0001,7,20,"[35.0, 40.9]",A3541,35.0,40.9
1941,12/11/2018,3780229,SKU_0004,3,REF_SKU_0004,LOC_SKU_0004,7,1,"[35.0, 8.1]",A3508,35.0,8.1
1942,12/11/2018,3780111,SKU_0001,4,REF_SKU_0001,LOC_SKU_0001,7,20,"[35.0, 40.9]",A3541,35.0,40.9
1943,12/11/2018,3780136,SKU_0022,2,REF_SKU_0022,LOC_SKU_0022,4,6,"[20.0, 16.2]",A2016,20.0,16.2
1944,12/11/2018,3780362,SKU_0007,1,REF_SKU_0007,LOC_SKU_0007,6,1,"[30.0, 8.0]",A3008,30.0,8.0
1945,12/11/2018,3780186,SKU_0071,1,REF_SKU_0071,LOC_SKU_0071,6,13,"[30.0, 28.2]",A3028,30.0,28.2
1946,12/11/2018,3780656,SKU_0002,5,REF_SKU_0002,LOC_SKU_0002,8,15,"[40.0, 32.1]",A4032,40.0,32.1
1947,12/11/2018,3780584,SKU_0001,4,REF_SKU_0001,LOC_SKU_0001,7,20,"[35.0, 40.9]",A3541,35.0,40.9
1948,12/11/2018,3780129,SKU_0005,1,REF_SKU_0005,LOC_SKU_0005,8,8,"[40.0, 20.4]",A4020,40.0,20.4
1949,12/11/2018,3780876,SKU_0251,5,REF_SKU_0251,LOC_SKU_0251,9,15,"[45.0, 31.8]",A4532,45.0,31.8
1950,12/11/2018,3780261,SKU_0042,2,REF_SKU_0042,LOC_SKU_0042,3,20,"[15.0, 40.7]",A1541,15.0,40.7
1951,12/11/2018,3780515,SKU_0006,5,REF_SKU_0006,LOC_SKU_0006,8,18,"[40.0, 37.0]",A4037,40.0,37.0
1952,12/11/2018,3780449,SKU_0011,4,REF_SKU_0011,LOC_SKU_0011,10,13,"[50.0, 28.9]",A5029,50.0,28.9
1953,12/11/2018,3780900,SKU_0001,5,REF_SKU_0001,LOC_SKU_0001,7,20,"[35.0, 40.9]",A3541,35.0,40.9
1954,12/11/2018,3780104,SKU_0431,1,REF_SKU_0431,LOC_SKU_0431,1,1,"[5.0, 7.0]",A0507,5.0,7.0
1955,12/11/2018,3780483,SKU_0030,1,REF_SKU_0030,LOC_SKU_0030,2,10,"[10.0, 23.1]",A1023,10.0,23.1
1956,12/11/2018,3780224,SKU_0003,3,REF_SKU_0003,LOC_SKU_0003,7,11,"[35.0, 25.3]",A3525,35.0,25.3
1957,12/11/2018,3780832,SKU_0017,5,REF_SKU_0017,LOC_SKU_0017,7,4,"[35.0, 13.1]",A3513,35.0,13.1
1958,12/11/2018,3780874,SKU_0001,2,REF_SKU_0001,LOC_SKU_0001,7,20,"[35.0, 40.9]",A3541,35.0,40.9
1959,12/11/2018,3780866,SKU_0361,4,REF_SKU_0361,LOC_SKU_0361,1,5,"[5.0, 14.9]",A0515,5.0,14.9
1960,12/11/2018,3780491,SKU_0001,3,REF_SKU_0001,LOC_SKU_0001,7,20,"[35.0, 40.9]",A3541,35.0,40.9
1961,12/11/2018,3780473,SKU_0026,5,REF_SKU_0026,LOC_SKU_0026,8,19,"[40.0, 39.1]",A4039,40.0,39.1
1962,12/11/2018,3780010,SKU_0002,2,REF_SKU_0002,LOC_SKU_0002,8,15,"[40.0, 32.1]",A4032,40.0,32.1
1963,12/11/2018,3780405,SKU_0044,3,REF_SKU_0044,LOC_SKU_0044,10,3,"[50.0, 10.7]",A5011,50.0,10.7
1964,12/11/2018,3780896,SKU_0070,1,REF_SKU_0070,LOC_SKU_0070,9,8,"[45.0, 19.1]",A4519,45.0,19.1
1965,12/11/2018,3780302,SKU_0032,4,REF_SKU_0032,LOC_SKU_0032,8,14,"[40.0, 30.9]",A4031,40.0,30.9
1966,12/11/2018,3780231,SKU_0021,5,REF_SKU_0021,LOC_SKU_0021,10,2,"[50.0, 9.8]",A5010,50.0,9.8
1967,12/11/2018,3780731,SKU_0185,2,REF_SKU_0185,LOC_SKU_0185,7,1,"[35.0, 7.6]",A3508,35.0,7.6
1968,12/11/2018,3780923,SKU_0001,1,REF_SKU_0001,LOC_SKU_0001,7,20,"[35.0, 40.9]",A3541,35.0,40.9
1969,12/11/2018,3780066,SKU_0003,3,REF_SKU_0003,LOC_SKU_0003,7,11,"[35.0, 25.3]",A3525,35.0,25.3
1970,12/11/2018,3780937,SKU_0002,4,REF_SKU_0002,LOC_SKU_0002,8,15,"[40.0, 32.1]",A4032,40.0,32.1
1971,12/11/2018,3780112,SKU_0446,3,REF_SKU_0446,LOC_SKU_0446,10,15,"[50.0, 31.6]",A5032,50.0,31.6
1972,12/11/2018,3780013,SKU_0005,3,REF_SKU_0005,LOC_SKU_0005,8,8,"[40.0, 20.4]",A4020,40.0,20.4
1973,12/11/2018,3780393,SKU_0050,2,REF_SKU_0050,LOC_SKU_0050,3,12,"[15.0, 26.5]",A1526,15.0,26.5
1974,12/11/2018,3780500,SKU_0035,1,REF_SKU_0035,LOC_SKU_0035,2,13,"[10.0, 29.5]",A1030,10.0,29.5
1975,12/11/2018,3780932,SKU_0002,5,REF_SKU_0002,LOC_SKU_0002,8,15,"[40.0, 32.1]",A4032,40.0,32.1
1976,12/11/2018,3780598,SKU_0002,2,REF_SKU_0002,LOC_SKU_0002,8,15,"[40.0, 32.1]",A4032,40.0,32.1
1977,12/11/2018,3780234,SKU_0002,4,REF_SKU_0002,LOC_SKU_0002,8,15,"[40.0, 32.1]",A4032,40.0,32.1
1978,12/11/2018,3780602,SKU_0005,3,REF_SKU_0005,LOC_SKU_0005,8,8,"[40.0, 20.4]",A4020,40.0,20.4
1979,12/11/2018,3780314,SKU_0002,4,REF_SKU_0002,LOC_SKU_0002,8,15,"[40.0, 32.1]",A4032,40.0,32.1
1980,12/11/2018,3780566,SKU_0001,2,REF_SKU_0001,LOC_SKU_0001,7,20,"[35.0, 40.9]",A3541,35.0,40.9
1981,12/11/2018,3780012,SKU_0165,2,REF_SKU_0165,LOC_SKU_0165,5,7,"[25.0, 17.6]",A2518,25.0,17.6
1982,12/11/2018,3780209,SKU_0360,5,REF_SKU_0360,LOC_SKU_0360,10,14,"[50.0, 30.6]",A5031,50.0,30.6
1983,12/11/2018,3780974,SKU_0004,3,REF_SKU_0004,LOC_SKU_0004,7,1,"[35.0, 8.1]",A3508,35.0,8.1
1984,12/11/2018,3780014,SKU_0003,2,REF_SKU_0003,LOC_SKU_0003,7,11,"[35.0, 25.3]",A3525,35.0,25.3
1985,12/11/2018,3780633,SKU_0001,4,REF_SKU_0001,LOC_SKU_0001,7,20,"[35.0, 40.9]",A3541,35.0,40.9
1986,12/11/2018,3780418,SKU_0034,5,REF_SKU_0034,LOC_SKU_0034,5,10,"[25.0, 22.8]",A2523,25.0,22.8
1987,12/11/2018,3780437,SKU_0105,4,REF_SKU_0105,LOC_SKU_0105,4,13,"[20.0, 29.1]",A2029,20.0,29.1
1988,12/11/2018,3780377,SKU_0001,3,REF_SKU_0001,LOC_SKU_0001,7,20,"[35.0, 40.9]",A3541,35.0,40.9
1989,12/11/2018,3780020,SKU_0001,5,REF_SKU_0001,LOC_SKU_0001,7,20,"[35.0, 40.9]",A3541,35.0,40.9
1990,12/11/2018,3780587,SKU_0078,5,REF_SKU_0078,LOC_SKU_0078,10,24,"[50.0, 48.3]",A5048,50.0,48.3
1991,12/11/2018,3780912,SKU_0021,5,REF_SKU_0021,LOC_SKU_0021,10,2,"[50.0, 9.8]",A5010,50.0,9.8
1992,12/11/2018,3780755,SKU_0001,1,REF_SKU_0001,LOC_SKU_0001,7,20,"[35.0, 40.9]",A3541,35.0,40.9
1993,12/11/2018,3780735,SKU_0022,5,REF_SKU_0022,LOC_SKU_0022,4,6,"[20.0, 16.2]",A2016,20.0,16.2
1994,12/11/2018,3780070,SKU_0003,4,REF_SKU_0003,LOC_SKU_0003,7,11,"[35.0, 25.3]",A3525,35.0,25.3
1995,12/11/2018,3780824,SKU_0004,4,REF_SKU_0004,LOC_SKU_0004,7,1,"[35.0, 8.1]",A3508,35.0,8.1
1996,12/11/2018,3780211,SKU_0067,3,REF_SKU_0067,LOC_SKU_0067,9,8,"[45.0, 19.7]",A4520,45.0,19.7
1997,12/11/2018,3780101,SKU_0093,2,REF_SKU_0093,LOC_SKU_0093,6,17,"[30.0, 36.5]",A3036,30.0,36.5
1998,12/11/2018,3780698,SKU_0005,2,REF_SKU_0005,LOC_SKU_0005,8,8,"[40.0, 20.4]",A4020,40.0,20.4
1999,12/11/2018,3780132,SKU_0303,1,REF_SKU_0303,LOC_SKU_0303,5,24,"[25.0, 47.5]",A2548,25.0,47.5
2000,12/11/2018,3780623,SKU_0005,5,REF_SKU_0005,LOC_SKU_0005,8,8,"[40.0, 20.4]",A4020,40.0,20.4
2001,12/11/2018,3780381,SKU_0068,1,REF_SKU_0068,LOC_SKU_0068,1,7,"[5.0, 17.6]",A0518,5.0,17.6
2002,12/11/2018,3780132,SKU_0009,3,REF_SKU_0009,LOC_SKU_0009,6,0,"[30.0, 5.5]",A3006,30.0,5.5
2003,12/11/2018,3780020,SKU_0194,3,REF_SKU_0194,LOC_SKU_0194,10,24,"[50.0, 47.7]",A5048,50.0,47.7
2004,12/11/2018,3780906,SKU_0212,2,REF_SKU_0212,LOC_SKU_0212,7,3,"[35.0, 10.8]",A3511,35.0,10.8
2005,12/11/2018,3780536,SKU_0001,3,REF_SKU_0001,LOC_SKU_0001,7,20,"[35.0, 40.9]",A3541,35.0,40.9
2006,12/11/2018,3780227,SKU_0275,5,REF_SKU_0275,LOC_SKU_0275,10,24,"[50.0, 47.8]",A5048,50.0,47.8
2007,12/11/2018,3780154,SKU_0105,4,REF_SKU_0105,LOC_SKU_0105,4,13,"[20.0, 29.1]",A2029,20.0,29.1
2008,12/11/2018,3780805,SKU_0079,3,REF_SKU_0079,LOC_SKU_0079,7,12,"[35.0, 27.6]",A3528,35.0,27.6
2009,12/11/2018,3780742,SKU_0002,1,REF_SKU_0002,LOC_SKU_0002,8,15,"[40.0, 32.1]",A4032,40.0,32.1
2010,12/11/2018,3780469,SKU_0089,5,REF_SKU_0089,LOC_SKU_0089,6,9,"[30.0, 21.9]",A3022,30.0,21.9
2011,12/11/2018,3780822,SKU_0129,3,REF_SKU_0129,LOC_SKU_0129,3,22,"[15.0, 45.2]",A1545,15.0,45.2
2012,12/11/2018,3781000,SKU_0003,3,REF_SKU_0003,LOC_SKU_0003,7,11,"[35.0, 25.3]",A3525,35.0,25.3
2013,12/11/2018,3780871,SKU_0318,5,REF_SKU_0318,LOC_SKU_0318,3,23,"[15.0, 45.7]",A1546,15.0,45.7
2014,12/11/2018,3780405,SKU_0001,3,REF_SKU_0001,LOC_SKU_0001,7,20,"[35.0, 40.9]",A3541,35.0,40.9
2015,12/11/2018,3780202,SKU_0001,4,REF_SKU_0001,LOC_SKU_0001,7,20,"[35.0, 40.9]",A3541,35.0,40.9
2016,12/11/2018,3780038,SKU_0012,2,REF_SKU_0012,LOC_SKU_0012,9,7,"[45.0, 18.5]",A4518,45.0,18.5
2017,12/11/2018,3780942,SKU_0016,5,REF_SKU_0016,LOC_SKU_0016,3,22,"[15.0, 43.8]",A1544,15.0,43.8
2018,12/11/2018,3780772,SKU_0026,1,REF_SKU_0026,LOC_SKU_0026,8,19,"[40.0, 39.1]",A4039,40.0,39.1
2019,12/11/2018,3780188,SKU_0001,3,REF_SKU_0001,LOC_SKU_0001,7,20,"[35.0, 40.9]",A3541,35.0,40.9
2020,12/11/2018,3780057,SKU_0343,2,REF_SKU_0343,LOC_SKU_0343,10,22,"[50.0, 45.3]",A5045,50.0,45.3
2021,12/11/2018,3780941,SKU_0001,1,REF_SKU_0001,LOC_SKU_0001,7,20,"[35.0, 40.9]",A3541,35.0,40.9
2022,12/11/2018,3780020,SKU_0001,1,REF_SKU_0001,LOC_SKU_0001,7,20,"[35.0, 40.9]",A3541,35.0,40.9
2023,12/11/2018,3780273,SKU_0001,4,REF_SKU_0001,LOC_SKU_0001,7,20,"[35.0, 40.9]",A3541,35.0,40.9
2024,12/11/2018,3780119,SKU_0015,2,REF_SKU_0015,LOC_SKU_0015,4,15,"[20.0, 31.9]",A2032,20.0,31.9
2025,12/11/2018,3780583,SKU_0265,5,REF_SKU_0265,LOC_SKU_0265,6,20,"[30.0, 41.2]",A3041,30.0,41.2
2026,12/11/2018,3780516,SKU_0030,2,REF_SKU_0030,LOC_SKU_0030,2,10,"[10.0, 23.1]",A1023,10.0,23.1
2027,12/11/2018,3780221,SKU_0102,2,REF_SKU_0102,LOC_SKU_0102,7,14,"[35.0, 29.6]",A3530,35.0,29.6
2028,12/11/2018,3780526,SKU_0001,1,REF_SKU_0001,LOC_SKU_0001,7,20,"[35.0, 40.9]",A3541,35.0,40.9
2029,12/11/2018,3780515,SKU_0013,4,REF_SKU_0013,LOC_SKU_0013,10,1,"[50.0, 7.6]",A5008,50.0,7.6
2030,12/11/2018,3780728,SKU_0007,4,REF_SKU_0007,LOC_SKU_0007,6,1,"[30.0, 8.0]",A3008,30.0,8.0
2031,12/11/2018,3780741,SKU_0010,2,REF_SKU_0010,LOC_SKU_0010,5,15,"[25.0, 33.0]",A2533,25.0,33.0
2032,12/11/2018,3780336,SKU_0001,2,REF_SKU_0001,LOC_SKU_0001,7,20,"[35.0, 40.9]",A3541,35.0,40.9
2033,12/11/2018,3780698,SKU_0035,3,REF_SKU_0035,LOC_SKU_0035,2,13,"[10.0, 29.5]",A1030,10.0,29.5
2034,12/11/2018,3780055,SKU_0010,1,REF_SKU_0010,LOC_SKU_0010,5,15,"[25.0, 33.0]",A2533,25.0,33.0
2035,12/11/2018,3780500,SKU_0064,5,REF_SKU_0064,LOC_SKU_0064,9,3,"[45.0, 10.2]",A4510,45.0,10.2
2036,12/11/2018,3780900,SKU_0009,5,REF_SKU_0009,LOC_SKU_0009,6,0,"[30.0, 5.5]",A3006,30.0,5.5
2037,12/11/2018,3780888,SKU_0001,4,REF_SKU_0001,LOC_SKU_0001,7,20,"[35.0, 40.9]",A3541,35.0,40.9
2038,12/11/2018,3780766,SKU_0027,1,REF_SKU_0027,LOC_SKU_0027,6,5,"[30.0, 14.8]",A3015,30.0,14.8
2039,12/11/2018,3780536,SKU_0001,4,REF_SKU_0001,LOC_SKU_0001,7,20,"[35.0, 40.9]",A3541,35.0,40.9
2040,12/11/2018,3780162,SKU_0156,5,REF_SKU_0156,LOC_SKU_0156,3,8,"[15.0, 20.5]",A1520,15.0,20.5
2041,12/11/2018,3780670,SKU_0021,2,REF_SKU_0021,LOC_SKU_0021,10,2,"[50.0, 9.8]",A5010,50.0,9.8
2042,12/11/2018,3780594,SKU_0001,1,REF_SKU_0001,LOC_SKU_0001,7,20,"[35.0, 40.9]",A3541,35.0,40.9
2043,12/11/2018,3780915,SKU_0350,1,REF_SKU_0350,LOC_SKU_0350,3,5,"[15.0, 13.7]",A1514,15.0,13.7
2044,12/11/2018,3780159,SKU_0011,3,REF_SKU_0011,LOC_SKU_0011,10,13,"[50.0, 28.9]",A5029,50.0,28.9
2045,12/11/2018,3780188,SKU_0001,2,REF_SKU_0001,LOC_SKU_0001,7,20,"[35.0, 40.9]",A3541,35.0,40.9
2046,12/11/2018,3780060,SKU_0023,2,REF_SKU_0023,LOC_SKU_0023,7,15,"[35.0, 32.6]",A3533,35.0,32.6
2047,12/11/2018,3780915,SKU_0002,4,REF_SKU_0002,LOC_SKU_0002,8,15,"[40.0, 32.1]",A4032,40.0,32.1
2048,12/11/2018,3780817,SKU_0087,1,REF_SKU_0087,LOC_SKU_0087,7,17,"[35.0, 35.4]",A3535,35.0,35.4
2049,12/11/2018,3780319,SKU_0098,4,REF_SKU_0098,LOC_SKU_0098,4,24,"[20.0, 47.4]",A2047,20.0,47.4
2050,12/11/2018,3780878,SKU_0409,2,REF_SKU_0409,LOC_SKU_0409,8,21,"[40.0, 42.3]",A4042,40.0,42.3
2051,12/11/2018,3780211,SKU_0010,3,REF_SKU_0010,LOC_SKU_0010,5,15,"[25.0, 33.0]",A2533,25.0,33.0
2052,12/11/2018,3780406,SKU_0007,1,REF_SKU_0007,LOC_SKU_0007,6,1,"[30.0, 8.0]",A3008,30.0,8.0
2053,12/11/2018,3780664,SKU_0059,2,REF_SKU_0059,LOC_SKU_0059,7,15,"[35.0, 32.4]",A3532,35.0,32.4
2054,12/11/2018,3780109,SKU_0001,3,REF_SKU_0001,LOC_SKU_0001,7,20,"[35.0, 40.9]",A3541,35.0,40.9
2055,12/11/2018,3780076,SKU_0013,5,REF_SKU_0013,LOC_SKU_0013,10,1,"[50.0, 7.6]",A5008,50.0,7.6
2056,12/11/2018,3780542,SKU_0013,2,REF_SKU_0013,LOC_SKU_0013,10,1,"[50.0, 7.6]",A5008,50.0,7.6
2057,12/11/2018,3780314,SKU_0001,5,REF_SKU_0001,LOC_SKU_0001,7,20,"[35.0, 40.9]",A3541,35.0,40.9
2058,12/11/2018,3780998,SKU_0006,4,REF_SKU_0006,LOC_SKU_0006,8,18,"[40.0, 37.0]",A4037,40.0,37.0
2059,12/11/2018,3780117,SKU_0132,5,REF_SKU_0132,LOC_SKU_0132,1,5,"[5.0, 14.2]",A0514,5.0,14.2
2060,12/11/2018,3780927,SKU_0135,2,REF_SKU_0135,LOC_SKU_0135,5,22,"[25.0, 44.8]",A2545,25.0,44.8
2061,12/11/2018,3780868,SKU_0001,5,REF_SKU_0001,LOC_SKU_0001,7,20,"[35.0, 40.9]",A3541,35.0,40.9
2062,12/11/2018,3780704,SKU_0001,1,REF_SKU_0001,LOC_SKU_0001,7,20,"[35.0, 40.9]",A3541,35.0,40.9
2063,12/11/2018,3780019,SKU_0002,2,REF_SKU_0002,LOC_SKU_0002,8,15,"[40.0, 32.1]",A4032,40.0,32.1
2064,12/11/2018,3780432,SKU_0159,3,REF_SKU_0159,LOC_SKU_0159,3,12,"[15.0, 26.2]",A1526,15.0,26.2
2065,12/11/2018,3780685,SKU_0001,5,REF_SKU_0001,LOC_SKU_0001,7,20,"[35.0, 40.9]",A3541,35.0,40.9
2066,12/11/2018,3780740,SKU_0045,1,REF_SKU_0045,LOC_SKU_0045,7,21,"[35.0, 43.3]",A3543,35.0,43.3
2067,12/11/2018,3780350,SKU_0001,4,REF_SKU_0001,LOC_SKU_0001,7,20,"[35.0, 40.9]",A3541,35.0,40.9
2068,12/11/2018,3780183,SKU_0022,4,REF_SKU_0022,LOC_SKU_0022,4,6,"[20.0, 16.2]",A2016,20.0,16.2
2069,12/11/2018,3780113,SKU_0004,5,REF_SKU_0004,LOC_SKU_0004,7,1,"[35.0, 8.1]",A3508,35.0,8.1
2070,12/11/2018,3780183,SKU_0078,4,REF_SKU_0078,LOC_SKU_0078,10,24,"[50.0, 48.3]",A5048,50.0,48.3
2071,12/11/2018,3780481,SKU_0002,3,REF_SKU_0002,LOC_SKU_0002,8,15,"[40.0, 32.1]",A4032,40.0,32.1
2072,12/11/2018,3780146,SKU_0025,2,REF_SKU_0025,LOC_SKU_0025,1,6,"[5.0, 17.0]",A0517,5.0,17.0
2073,12/11/2018,3780831,SKU_0002,1,REF_SKU_0002,LOC_SKU_0002,8,15,"[40.0, 32.1]",A4032,40.0,32.1
2074,12/11/2018,3780628,SKU_0043,5,REF_SKU_0043,LOC_SKU_0043,5,23,"[25.0, 46.7]",A2547,25.0,46.7
2075,12/11/2018,3780113,SKU_0157,4,REF_SKU_0157,LOC_SKU_0157,2,2,"[10.0, 9.7]",A1010,10.0,9.7
2076,12/11/2018,3780763,SKU_0001,2,REF_SKU_0001,LOC_SKU_0001,7,20,"[35.0, 40.9]",A3541,35.0,40.9
2077,12/11/2018,3780476,SKU_0148,3,REF_SKU_0148,LOC_SKU_0148,1,21,"[5.0, 43.3]",A0543,5.0,43.3
2078,12/11/2018,3780763,SKU_0018,4,REF_SKU_0018,LOC_SKU_0018,7,0,"[35.0, 6.1]",A3506,35.0,6.1
2079,12/11/2018,3780303,SKU_0001,4,REF_SKU_0001,LOC_SKU_0001,7,20,"[35.0, 40.9]",A3541,35.0,40.9
2080,12/11/2018,3780971,SKU_0006,1,REF_SKU_0006,LOC_SKU_0006,8,18,"[40.0, 37.0]",A4037,40.0,37.0
2081,12/11/2018,3780825,SKU_0001,3,REF_SKU_0001,LOC_SKU_0001,7,20,"[35.0, 40.9]",A3541,35.0,40.9
2082,12/11/2018,3780118,SKU_0039,3,REF_SKU_0039,LOC_SKU_0039,9,19,"[45.0, 39.9]",A4540,45.0,39.9
2083,12/11/2018,3780813,SKU_0061,5,REF_SKU_0061,LOC_SKU_0061,7,7,"[35.0, 18.4]",A3518,35.0,18.4
2084,12/11/2018,3780161,SKU_0001,1,REF_SKU_0001,LOC_SKU_0001,7,20,"[35.0, 40.9]",A3541,35.0,40.9
2085,12/11/2018,3780401,SKU_0010,5,REF_SKU_0010,LOC_SKU_0010,5,15,"[25.0, 33.0]",A2533,25.0,33.0
2086,12/11/2018,3780198,SKU_0096,1,REF_SKU_0096,LOC_SKU_0096,3,20,"[15.0, 41.5]",A1542,15.0,41.5
2087,12/11/2018,3780260,SKU_0274,3,REF_SKU_0274,LOC_SKU_0274,7,1,"[35.0, 7.5]",A3508,35.0,7.5
2088,12/11/2018,3780660,SKU_0010,1,REF_SKU_0010,LOC_SKU_0010,5,15,"[25.0, 33.0]",A2533,25.0,33.0
2089,12/11/2018,3780752,SKU_0312,1,REF_SKU_0312,LOC_SKU_0312,6,21,"[30.0, 42.5]",A3042,30.0,42.5
2090,12/11/2018,3780047,SKU_0012,1,REF_SKU_0012,LOC_SKU_0012,9,7,"[45.0, 18.5]",A4518,45.0,18.5
2091,12/11/2018,3780987,SKU_0005,2,REF_SKU_0005,LOC_SKU_0005,8,8,"[40.0, 20.4]",A4020,40.0,20.4
2092,12/11/2018,3780399,SKU_0127,2,REF_SKU_0127,LOC_SKU_0127,6,6,"[30.0, 16.4]",A3016,30.0,16.4
2093,12/11/2018,3780710,SKU_0009,3,REF_SKU_0009,LOC_SKU_0009,6,0,"[30.0, 5.5]",A3006,30.0,5.5
2094,12/11/2018,3780559,SKU_0008,1,REF_SKU_0008,LOC_SKU_0008,8,21,"[40.0, 42.5]",A4042,40.0,42.5
2095,12/11/2018,3780078,SKU_0009,3,REF_SKU_0009,LOC_SKU_0009,6,0,"[30.0, 5.5]",A3006,30.0,5.5
2096,12/11/2018,3780124,SKU_0125,2,REF_SKU_0125,LOC_SKU_0125,1,14,"[5.0, 29.6]",A0530,5.0,29.6
2097,12/11/2018,3780075,SKU_0110,1,REF_SKU_0110,LOC_SKU_0110,3,21,"[15.0, 43.6]",A1544,15.0,43.6
2098,12/11/2018,3780871,SKU_0005,5,REF_SKU_0005,LOC_SKU_0005,8,8,"[40.0, 20.4]",A4020,40.0,20.4
2099,12/11/2018,3780137,SKU_0003,2,REF_SKU_0003,LOC_SKU_0003,7,11,"[35.0, 25.3]",A3525,35.0,25.3
2100,12/11/2018,3780602,SKU_0009,2,REF_SKU_0009,LOC_SKU_0009,6,0,"[30.0, 5.5]",A3006,30.0,5.5
2101,12/11/2018,3780400,SKU_0016,2,REF_SKU_0016,LOC_SKU_0016,3,22,"[15.0, 43.8]",A1544,15.0,43.8
2102,12/11/2018,3780837,SKU_0002,1,REF_SKU_0002,LOC_SKU_0002,8,15,"[40.0, 32.1]",A4032,40.0,32.1
2103,12/11/2018,3780505,SKU_0081,4,REF_SKU_0081,LOC_SKU_0081,8,1,"[40.0, 7.1]",A4007,40.0,7.1
2104,12/11/2018,3780500,SKU_0009,5,REF_SKU_0009,LOC_SKU_0009,6,0,"[30.0, 5.5]",A3006,30.0,5.5
2105,12/11/2018,3780573,SKU_0003,5,REF_SKU_0003,LOC_SKU_0003,7,11,"[35.0, 25.3]",A3525,35.0,25.3
2106,12/11/2018,3780138,SKU_0001,3,REF_SKU_0001,LOC_SKU_0001,7,20,"[35.0, 40.9]",A3541,35.0,40.9
2107,12/11/2018,3780050,SKU_0002,1,REF_SKU_0002,LOC_SKU_0002,8,15,"[40.0, 32.1]",A4032,40.0,32.1
2108,12/11/2018,3780771,SKU_0310,2,REF_SKU_0310,LOC_SKU_0310,8,1,"[40.0, 6.5]",A4006,40.0,6.5
2109,12/11/2018,3780973,SKU_0003,4,REF_SKU_0003,LOC_SKU_0003,7,11,"[35.0, 25.3]",A3525,35.0,25.3
2110,12/11/2018,3780619,SKU_0001,1,REF_SKU_0001,LOC_SKU_0001,7,20,"[35.0, 40.9]",A3541,35.0,40.9
2111,12/11/2018,3780625,SKU_0007,1,REF_SKU_0007,LOC_SKU_0007,6,1,"[30.0, 8.0]",A3008,30.0,8.0
2112,12/11/2018,3780862,SKU_0003,4,REF_SKU_0003,LOC_SKU_0003,7,11,"[35.0, 25.3]",A3525,35.0,25.3
2113,12/11/2018,3780254,SKU_0001,2,REF_SKU_0001,LOC_SKU_0001,7,20,"[35.0, 40.9]",A3541,35.0,40.9
2114,12/11/2018,3780630,SKU_0003,1,REF_SKU_0003,LOC_SKU_0003,7,11,"[35.0, 25.3]",A3525,35.0,25.3
2115,12/11/2018,3780710,SKU_0013,5,REF_SKU_0013,LOC_SKU_0013,10,1,"[50.0, 7.6]",A5008,50.0,7.6
2116,12/11/2018,3780849,SKU_0014,5,REF_SKU_0014,LOC_SKU_0014,3,10,"[15.0, 22.5]",A1522,15.0,22.5
2117,12/11/2018,3780877,SKU_0004,4,REF_SKU_0004,LOC_SKU_0004,7,1,"[35.0, 8.1]",A3508,35.0,8.1
2118,12/11/2018,3780563,SKU_0007,2,REF_SKU_0007,LOC_SKU_0007,6,1,"[30.0, 8.0]",A3008,30.0,8.0
2119,12/11/2018,3780757,SKU_0360,4,REF_SKU_0360,LOC_SKU_0360,10,14,"[50.0, 30.6]",A5031,50.0,30.6
2120,12/11/2018,3780915,SKU_0004,1,REF_SKU_0004,LOC_SKU_0004,7,1,"[35.0, 8.1]",A3508,35.0,8.1
2121,12/11/2018,3780426,SKU_0002,5,REF_SKU_0002,LOC_SKU_0002,8,15,"[40.0, 32.1]",A4032,40.0,32.1
2122,12/11/2018,3780547,SKU_0002,3,REF_SKU_0002,LOC_SKU_0002,8,15,"[40.0, 32.1]",A4032,40.0,32.1
2123,12/11/2018,3780302,SKU_0007,4,REF_SKU_0007,LOC_SKU_0007,6,1,"[30.0, 8.0]",A3008,30.0,8.0
2124,12/11/2018,3780922,SKU_0061,3,REF_SKU_0061,LOC_SKU_0061,7,7,"[35.0, 18.4]",A3518,35.0,18.4
2125,12/11/2018,3780581,SKU_0002,3,REF_SKU_0002,LOC_SKU_0002,8,15,"[40.0, 32.1]",A4032,40.0,32.1
2126,12/11/2018,3780349,SKU_0042,5,REF_SKU_0042,LOC_SKU_0042,3,20,"[15.0, 40.7]",A1541,15.0,40.7
2127,12/11/2018,3780832,SKU_0001,4,REF_SKU_0001,LOC_SKU_0001,7,20,"[35.0, 40.9]",A3541,35.0,40.9
2128,12/11/2018,3780933,SKU_0006,3,REF_SKU_0006,LOC_SKU_0006,8,18,"[40.0, 37.0]",A4037,40.0,37.0
2129,12/11/2018,3780980,SKU_0070,1,REF_SKU_0070,LOC_SKU_0070,9,8,"[45.0, 19.1]",A4519,45.0,19.1
2130,12/11/2018,3780049,SKU_0004,2,REF_SKU_0004,LOC_SKU_0004,7,1,"[35.0, 8.1]",A3508,35.0,8.1
2131,12/11/2018,3780917,SKU_0015,2,REF_SKU_0015,LOC_SKU_0015,4,15,"[20.0, 31.9]",A2032,20.0,31.9
2132,12/11/2018,3780074,SKU_0002,5,REF_SKU_0002,LOC_SKU_0002,8,15,"[40.0, 32.1]",A4032,40.0,32.1
2133,12/11/2018,3780704,SKU_0054,4,REF_SKU_0054,LOC_SKU_0054,7,1,"[35.0, 7.3]",A3507,35.0,7.3
2134,12/11/2018,3780261,SKU_0001,4,REF_SKU_0001,LOC_SKU_0001,7,20,"[35.0, 40.9]",A3541,35.0,40.9
2135,12/11/2018,3780356,SKU_0131,2,REF_SKU_0131,LOC_SKU_0131,1,14,"[5.0, 31.2]",A0531,5.0,31.2
2136,12/11/2018,3780582,SKU_0002,1,REF_SKU_0002,LOC_SKU_0002,8,15,"[40.0, 32.1]",A4032,40.0,32.1
2137,12/11/2018,3780602,SKU_0158,2,REF_SKU_0158,LOC_SKU_0158,7,17,"[35.0, 35.4]",A3535,35.0,35.4
2138,12/11/2018,3780260,SKU_0004,2,REF_SKU_0004,LOC_SKU_0004,7,1,"[35.0, 8.1]",A3508,35.0,8.1
2139,12/11/2018,3780638,SKU_0046,4,REF_SKU_0046,LOC_SKU_0046,2,2,"[10.0, 9.7]",A1010,10.0,9.7
2140,12/11/2018,3780743,SKU_0003,3,REF_SKU_0003,LOC_SKU_0003,7,11,"[35.0, 25.3]",A3525,35.0,25.3
2141,12/11/2018,3780295,SKU_0209,1,REF_SKU_0209,LOC_SKU_0209,1,16,"[5.0, 34.7]",A0535,5.0,34.7
2142,12/11/2018,3780931,SKU_0001,4,REF_SKU_0001,LOC_SKU_0001,7,20,"[35.0, 40.9]",A3541,35.0,40.9
2143,12/11/2018,3780641,SKU_0001,2,REF_SKU_0001,LOC_SKU_0001,7,20,"[35.0, 40.9]",A3541,35.0,40.9
2144,12/11/2018,3780792,SKU_0009,3,REF_SKU_0009,LOC_SKU_0009,6,0,"[30.0, 5.5]",A3006,30.0,5.5
2145,12/11/2018,3780313,SKU_0001,1,REF_SKU_0001,LOC_SKU_0001,7,20,"[35.0, 40.9]",A3541,35.0,40.9
2146,12/11/2018,3780612,SKU_0002,5,REF_SKU_0002,LOC_SKU_0002,8,15,"[40.0, 32.1]",A4032,40.0,32.1
2147,12/11/2018,3780838,SKU_0294,1,REF_SKU_0294,LOC_SKU_0294,10,9,"[50.0, 22.4]",A5022,50.0,22.4
2148,12/11/2018,3780809,SKU_0399,1,REF_SKU_0399,LOC_SKU_0399,5,0,"[25.0, 5.6]",A2506,25.0,5.6
2149,12/11/2018,3780182,SKU_0004,2,REF_SKU_0004,LOC_SKU_0004,7,1,"[35.0, 8.1]",A3508,35.0,8.1
2150,12/11/2018,3780686,SKU_0244,2,REF_SKU_0244,LOC_SKU_0244,8,2,"[40.0, 8.7]",A4009,40.0,8.7
2151,12/11/2018,3780828,SKU_0013,5,REF_SKU_0013,LOC_SKU_0013,10,1,"[50.0, 7.6]",A5008,50.0,7.6
2152,12/11/2018,3780364,SKU_0002,5,REF_SKU_0002,LOC_SKU_0002,8,15,"[40.0, 32.1]",A4032,40.0,32.1
2153,12/11/2018,3780188,SKU_0040,5,REF_SKU_0040,LOC_SKU_0040,8,0,"[40.0, 5.7]",A4006,40.0,5.7
2154,12/11/2018,3780569,SKU_0029,4,REF_SKU_0029,LOC_SKU_0029,2,19,"[10.0, 40.0]",A1040,10.0,40.0
2155,12/11/2018,3780543,SKU_0451,4,REF_SKU_0451,LOC_SKU_0451,8,16,"[40.0, 34.5]",A4034,40.0,34.5
2156,12/11/2018,3780596,SKU_0002,2,REF_SKU_0002,LOC_SKU_0002,8,15,"[40.0, 32.1]",A4032,40.0,32.1
2157,12/11/2018,3780664,SKU_0032,2,REF_SKU_0032,LOC_SKU_0032,8,14,"[40.0, 30.9]",A4031,40.0,30.9
2158,12/11/2018,3780985,SKU_0001,5,REF_SKU_0001,LOC_SKU_0001,7,20,"[35.0, 40.9]",A3541,35.0,40.9
2159,12/11/2018,3780548,SKU_0001,4,REF_SKU_0001,LOC_SKU_0001,7,20,"[35.0, 40.9]",A3541,35.0,40.9
2160,12/11/2018,3780725,SKU_0001,3,REF_SKU_0001,LOC_SKU_0001,7,20,"[35.0, 40.9]",A3541,35.0,40.9
2161,12/11/2018,3780926,SKU_0498,4,REF_SKU_0498,LOC_SKU_0498,8,3,"[40.0, 10.1]",A4010,40.0,10.1
2162,12/11/2018,3780408,SKU_0086,2,REF_SKU_0086,LOC_SKU_0086,10,25,"[50.0, 49.4]",A5049,50.0,49.4
2163,12/11/2018,3780876,SKU_0076,4,REF_SKU_0076,LOC_SKU_0076,8,18,"[40.0, 36.8]",A4037,40.0,36.8
2164,12/11/2018,3780618,SKU_0010,2,REF_SKU_0010,LOC_SKU_0010,5,15,"[25.0, 33.0]",A2533,25.0,33.0
2165,12/11/2018,3780414,SKU_0003,5,REF_SKU_0003,LOC_SKU_0003,7,11,"[35.0, 25.3]",A3525,35.0,25.3
2166,12/11/2018,3780342,SKU_0001,5,REF_SKU_0001,LOC_SKU_0001,7,20,"[35.0, 40.9]",A3541,35.0,40.9
2167,12/11/2018,3780220,SKU_0003,5,REF_SKU_0003,LOC_SKU_0003,7,11,"[35.0, 25.3]",A3525,35.0,25.3
2168,12/11/2018,3780903,SKU_0004,3,REF_SKU_0004,LOC_SKU_0004,7,1,"[35.0, 8.1]",A3508,35.0,8.1
2169,12/11/2018,3780163,SKU_0060,3,REF_SKU_0060,LOC_SKU_0060,4,24,"[20.0, 47.5]",A2048,20.0,47.5
2170,12/11/2018,3780951,SKU_0012,2,REF_SKU_0012,LOC_SKU_0012,9,7,"[45.0, 18.5]",A4518,45.0,18.5
2171,12/11/2018,3780220,SKU_0001,1,REF_SKU_0001,LOC_SKU_0001,7,20,"[35.0, 40.9]",A3541,35.0,40.9
2172,12/11/2018,3780270,SKU_0001,3,REF_SKU_0001,LOC_SKU_0001,7,20,"[35.0, 40.9]",A3541,35.0,40.9
2173,12/11/2018,3780632,SKU_0001,2,REF_SKU_0001,LOC_SKU_0001,7,20,"[35.0, 40.9]",A3541,35.0,40.9
2174,12/11/2018,3780906,SKU_0005,4,REF_SKU_0005,LOC_SKU_0005,8,8,"[40.0, 20.4]",A4020,40.0,20.4
2175,12/11/2018,3780848,SKU_0267,5,REF_SKU_0267,LOC_SKU_0267,5,25,"[25.0, 49.7]",A2550,25.0,49.7
2176,12/11/2018,3780400,SKU_0025,5,REF_SKU_0025,LOC_SKU_0025,1,6,"[5.0, 17.0]",A0517,5.0,17.0
2177,12/11/2018,3780182,SKU_0086,5,REF_SKU_0086,LOC_SKU_0086,10,25,"[50.0, 49.4]",A5049,50.0,49.4
2178,12/11/2018,3780991,SKU_0008,2,REF_SKU_0008,LOC_SKU_0008,8,21,"[40.0, 42.5]",A4042,40.0,42.5
2179,12/11/2018,3780618,SKU_0004,5,REF_SKU_0004,LOC_SKU_0004,7,1,"[35.0, 8.1]",A3508,35.0,8.1
2180,12/11/2018,3780729,SKU_0001,3,REF_SKU_0001,LOC_SKU_0001,7,20,"[35.0, 40.9]",A3541,35.0,40.9
2181,12/11/2018,3780205,SKU_0161,4,REF_SKU_0161,LOC_SKU_0161,6,6,"[30.0, 16.6]",A3017,30.0,16.6
2182,12/11/2018,3780582,SKU_0074,5,REF_SKU_0074,LOC_SKU_0074,8,24,"[40.0, 47.5]",A4048,40.0,47.5
2183,12/11/2018,3780556,SKU_0001,2,REF_SKU_0001,LOC_SKU_0001,7,20,"[35.0, 40.9]",A3541,35.0,40.9
2184,12/11/2018,3780841,SKU_0010,4,REF_SKU_0010,LOC_SKU_0010,5,15,"[25.0, 33.0]",A2533,25.0,33.0
2185,12/11/2018,3780813,SKU_0009,5,REF_SKU_0009,LOC_SKU_0009,6,0,"[30.0, 5.5]",A3006,30.0,5.5
2186,12/11/2018,3780228,SKU_0022,1,REF_SKU_0022,LOC_SKU_0022,4,6,"[20.0, 16.2]",A2016,20.0,16.2
2187,12/11/2018,3780696,SKU_0301,5,REF_SKU_0301,LOC_SKU_0301,5,25,"[25.0, 49.9]",A2550,25.0,49.9
2188,12/11/2018,3780619,SKU_0016,3,REF_SKU_0016,LOC_SKU_0016,3,22,"[15.0, 43.8]",A1544,15.0,43.8
2189,12/11/2018,3780596,SKU_0012,4,REF_SKU_0012,LOC_SKU_0012,9,7,"[45.0, 18.5]",A4518,45.0,18.5
2190,12/11/2018,3780850,SKU_0001,3,REF_SKU_0001,LOC_SKU_0001,7,20,"[35.0, 40.9]",A3541,35.0,40.9
2191,12/11/2018,3780250,SKU_0001,1,REF_SKU_0001,LOC_SKU_0001,7,20,"[35.0, 40.9]",A3541,35.0,40.9
2192,12/11/2018,3780875,SKU_0001,1,REF_SKU_0001,LOC_SKU_0001,7,20,"[35.0, 40.9]",A3541,35.0,40.9
2193,12/11/2018,3780441,SKU_0001,3,REF_SKU_0001,LOC_SKU_0001,7,20,"[35.0, 40.9]",A3541,35.0,40.9
2194,12/11/2018,3780533,SKU_0054,4,REF_SKU_0054,LOC_SKU_0054,7,1,"[35.0, 7.3]",A3507,35.0,7.3
2195,12/11/2018,3780196,SKU_0046,1,REF_SKU_0046,LOC_SKU_0046,2,2,"[10.0, 9.7]",A1010,10.0,9.7
2196,12/11/2018,3780690,SKU_0001,1,REF_SKU_0001,LOC_SKU_0001,7,20,"[35.0, 40.9]",A3541,35.0,40.9
2197,12/11/2018,3780929,SKU_0114,5,REF_SKU_0114,LOC_SKU_0114,6,17,"[30.0, 35.3]",A3035,30.0,35.3
2198,12/11/2018,3780987,SKU_0001,2,REF_SKU_0001,LOC_SKU_0001,7,20,"[35.0, 40.9]",A3541,35.0,40.9
2199,12/11/2018,3780519,SKU_0003,1,REF_SKU_0003,LOC_SKU_0003,7,11,"[35.0, 25.3]",A3525,35.0,25.3
2200,12/11/2018,3780070,SKU_0002,4,REF_SKU_0002,LOC_SKU_0002,8,15,"[40.0, 32.1]",A4032,40.0,32.1
2201,12/11/2018,3780639,SKU_0004,4,REF_SKU_0004,LOC_SKU_0004,7,1,"[35.0, 8.1]",A3508,35.0,8.1
2202,12/11/2018,3780399,SKU_0002,5,REF_SKU_0002,LOC_SKU_0002,8,15,"[40.0, 32.1]",A4032,40.0,32.1
2203,12/11/2018,3780978,SKU_0009,4,REF_SKU_0009,LOC_SKU_0009,6,0,"[30.0, 5.5]",A3006,30.0,5.5
2204,12/11/2018,3780672,SKU_0005,5,REF_SKU_0005,LOC_SKU_0005,8,8,"[40.0, 20.4]",A4020,40.0,20.4
2205,12/11/2018,3780760,SKU_0440,1,REF_SKU_0440,LOC_SKU_0440,3,17,"[15.0, 36.4]",A1536,15.0,36.4
2206,12/11/2018,3780203,SKU_0001,1,REF_SKU_0001,LOC_SKU_0001,7,20,"[35.0, 40.9]",A3541,35.0,40.9
2207,12/11/2018,3780148,SKU_0001,1,REF_SKU_0001,LOC_SKU_0001,7,20,"[35.0, 40.9]",A3541,35.0,40.9
2208,12/11/2018,3780472,SKU_0001,1,REF_SKU_0001,LOC_SKU_0001,7,20,"[35.0, 40.9]",A3541,35.0,40.9
2209,12/11/2018,3780655,SKU_0023,2,REF_SKU_0023,LOC_SKU_0023,7,15,"[35.0, 32.6]",A3533,35.0,32.6
2210,12/11/2018,3780944,SKU_0001,2,REF_SKU_0001,LOC_SKU_0001,7,20,"[35.0, 40.9]",A3541,35.0,40.9
2211,12/11/2018,3780199,SKU_0115,1,REF_SKU_0115,LOC_SKU_0115,3,9,"[15.0, 22.1]",A1522,15.0,22.1
2212,12/11/2018,3780917,SKU_0010,4,REF_SKU_0010,LOC_SKU_0010,5,15,"[25.0, 33.0]",A2533,25.0,33.0
2213,12/11/2018,3780426,SKU_0011,5,REF_SKU_0011,LOC_SKU_0011,10,13,"[50.0, 28.9]",A5029,50.0,28.9
2214,12/11/2018,3780666,SKU_0014,3,REF_SKU_0014,LOC_SKU_0014,3,10,"[15.0, 22.5]",A1522,15.0,22.5
2215,12/11/2018,3780492,SKU_0001,5,REF_SKU_0001,LOC_SKU_0001,7,20,"[35.0, 40.9]",A3541,35.0,40.9
2216,12/11/2018,3780888,SKU_0002,3,REF_SKU_0002,LOC_SKU_0002,8,15,"[40.0, 32.1]",A4032,40.0,32.1
2217,12/11/2018,3780896,SKU_0003,3,REF_SKU_0003,LOC_SKU_0003,7,11,"[35.0, 25.3]",A3525,35.0,25.3
2218,12/11/2018,3780142,SKU_0018,1,REF_SKU_0018,LOC_SKU_0018,7,0,"[35.0, 6.1]",A3506,35.0,6.1
2219,12/11/2018,3780313,SKU_0002,3,REF_SKU_0002,LOC_SKU_0002,8,15,"[40.0, 32.1]",A4032,40.0,32.1
2220,12/11/2018,3780165,SKU_0001,1,REF_SKU_0001,LOC_SKU_0001,7,20,"[35.0, 40.9]",A3541,35.0,40.9
2221,12/11/2018,3780314,SKU_0376,2,REF_SKU_0376,LOC_SKU_0376,7,12,"[35.0, 27.2]",A3527,35.0,27.2
2222,12/11/2018,3780021,SKU_0001,4,REF_SKU_0001,LOC_SKU_0001,7,20,"[35.0, 40.9]",A3541,35.0,40.9
2223,12/11/2018,3780082,SKU_0087,3,REF_SKU_0087,LOC_SKU_0087,7,17,"[35.0, 35.4]",A3535,35.0,35.4
2224,12/11/2018,3780581,SKU_0077,4,REF_SKU_0077,LOC_SKU_0077,1,2,"[5.0, 8.4]",A0508,5.0,8.4
2225,12/11/2018,3780131,SKU_0003,1,REF_SKU_0003,LOC_SKU_0003,7,11,"[35.0, 25.3]",A3525,35.0,25.3
2226,12/11/2018,3780599,SKU_0001,3,REF_SKU_0001,LOC_SKU_0001,7,20,"[35.0, 40.9]",A3541,35.0,40.9
2227,12/11/2018,3780730,SKU_0001,5,REF_SKU_0001,LOC_SKU_0001,7,20,"[35.0, 40.9]",A3541,35.0,40.9
2228,12/11/2018,3780933,SKU_0038,2,REF_SKU_0038,LOC_SKU_0038,1,0,"[5.0, 6.2]",A0506,5.0,6.2
2229,12/11/2018,3780984,SKU_0026,2,REF_SKU_0026,LOC_SKU_0026,8,19,"[40.0, 39.1]",A4039,40.0,39.1
2230,12/11/2018,3780305,SKU_0074,3,REF_SKU_0074,LOC_SKU_0074,8,24,"[40.0, 47.5]",A4048,40.0,47.5
2231,12/11/2018,3780915,SKU_0278,2,REF_SKU_0278,LOC_SKU_0278,8,4,"[40.0, 13.1]",A4013,40.0,13.1
2232,12/11/2018,3780371,SKU_0037,5,REF_SKU_0037,LOC_SKU_0037,9,7,"[45.0, 18.7]",A4519,45.0,18.7
2233,12/11/2018,3780857,SKU_0001,4,REF_SKU_0001,LOC_SKU_0001,7,20,"[35.0, 40.9]",A3541,35.0,40.9
2234,12/11/2018,3780853,SKU_0002,5,REF_SKU_0002,LOC_SKU_0002,8,15,"[40.0, 32.1]",A4032,40.0,32.1
2235,12/11/2018,3780384,SKU_0120,2,REF_SKU_0120,LOC_SKU_0120,9,4,"[45.0, 13.3]",A4513,45.0,13.3
2236,12/11/2018,3780908,SKU_0002,4,REF_SKU_0002,LOC_SKU_0002,8,15,"[40.0, 32.1]",A4032,40.0,32.1
2237,12/11/2018,3780445,SKU_0001,5,REF_SKU_0001,LOC_SKU_0001,7,20,"[35.0, 40.9]",A3541,35.0,40.9
2238,12/11/2018,3780425,SKU_0040,1,REF_SKU_0040,LOC_SKU_0040,8,0,"[40.0, 5.7]",A4006,40.0,5.7
2239,12/11/2018,3780161,SKU_0005,1,REF_SKU_0005,LOC_SKU_0005,8,8,"[40.0, 20.4]",A4020,40.0,20.4
2240,12/11/2018,3780178,SKU_0237,4,REF_SKU_0237,LOC_SKU_0237,10,24,"[50.0, 48.9]",A5049,50.0,48.9
2241,12/11/2018,3780629,SKU_0027,4,REF_SKU_0027,LOC_SKU_0027,6,5,"[30.0, 14.8]",A3015,30.0,14.8
2242,12/11/2018,3780708,SKU_0001,4,REF_SKU_0001,LOC_SKU_0001,7,20,"[35.0, 40.9]",A3541,35.0,40.9
2243,12/11/2018,3780895,SKU_0305,1,REF_SKU_0305,LOC_SKU_0305,5,11,"[25.0, 25.5]",A2526,25.0,25.5
2244,12/11/2018,3780490,SKU_0002,5,REF_SKU_0002,LOC_SKU_0002,8,15,"[40.0, 32.1]",A4032,40.0,32.1
2245,12/11/2018,3780327,SKU_0003,4,REF_SKU_0003,LOC_SKU_0003,7,11,"[35.0, 25.3]",A3525,35.0,25.3
2246,12/11/2018,3780598,SKU_0005,1,REF_SKU_0005,LOC_SKU_0005,8,8,"[40.0, 20.4]",A4020,40.0,20.4
2247,12/11/2018,3780289,SKU_0001,4,REF_SKU_0001,LOC_SKU_0001,7,20,"[35.0, 40.9]",A3541,35.0,40.9
2248,12/11/2018,3780593,SKU_0009,4,REF_SKU_0009,LOC_SKU_0009,6,0,"[30.0, 5.5]",A3006,30.0,5.5
2249,12/11/2018,3780664,SKU_0001,4,REF_SKU_0001,LOC_SKU_0001,7,20,"[35.0, 40.9]",A3541,35.0,40.9
2250,12/11/2018,3780573,SKU_0005,1,REF_SKU_0005,LOC_SKU_0005,8,8,"[40.0, 20.4]",A4020,40.0,20.4
2251,12/11/2018,3780573,SKU_0004,5,REF_SKU_0004,LOC_SKU_0004,7,1,"[35.0, 8.1]",A3508,35.0,8.1
2252,12/11/2018,3780354,SKU_0068,1,REF_SKU_0068,LOC_SKU_0068,1,7,"[5.0, 17.6]",A0518,5.0,17.6
2253,12/11/2018,3780028,SKU_0087,1,REF_SKU_0087,LOC_SKU_0087,7,17,"[35.0, 35.4]",A3535,35.0,35.4
2254,12/11/2018,3780954,SKU_0001,4,REF_SKU_0001,LOC_SKU_0001,7,20,"[35.0, 40.9]",A3541,35.0,40.9
2255,12/11/2018,3780043,SKU_0004,3,REF_SKU_0004,LOC_SKU_0004,7,1,"[35.0, 8.1]",A3508,35.0,8.1
2256,12/11/2018,3780681,SKU_0004,3,REF_SKU_0004,LOC_SKU_0004,7,1,"[35.0, 8.1]",A3508,35.0,8.1
2257,12/11/2018,3780423,SKU_0001,3,REF_SKU_0001,LOC_SKU_0001,7,20,"[35.0, 40.9]",A3541,35.0,40.9
2258,12/11/2018,3780598,SKU_0084,1,REF_SKU_0084,LOC_SKU_0084,1,16,"[5.0, 33.7]",A0534,5.0,33.7
2259,12/11/2018,3780177,SKU_0041,4,REF_SKU_0041,LOC_SKU_0041,3,18,"[15.0, 37.0]",A1537,15.0,37.0
2260,12/11/2018,3780529,SKU_0001,3,REF_SKU_0001,LOC_SKU_0001,7,20,"[35.0, 40.9]",A3541,35.0,40.9
2261,12/11/2018,3780610,SKU_0004,2,REF_SKU_0004,LOC_SKU_0004,7,1,"[35.0, 8.1]",A3508,35.0,8.1
2262,12/11/2018,3780966,SKU_0001,2,REF_SKU_0001,LOC_SKU_0001,7,20,"[35.0, 40.9]",A3541,35.0,40.9
2263,12/11/2018,3780494,SKU_0023,2,REF_SKU_0023,LOC_SKU_0023,7,15,"[35.0, 32.6]",A3533,35.0,32.6
2264,12/11/2018,3780198,SKU_0001,5,REF_SKU_0001,LOC_SKU_0001,7,20,"[35.0, 40.9]",A3541,35.0,40.9
2265,12/11/2018,3780610,SKU_0437,4,REF_SKU_0437,LOC_SKU_0437,8,4,"[40.0, 12.2]",A4012,40.0,12.2
2266,12/11/2018,3780577,SKU_0073,1,REF_SKU_0073,LOC_SKU_0073,1,3,"[5.0, 10.8]",A0511,5.0,10.8
2267,12/11/2018,3780842,SKU_0005,1,REF_SKU_0005,LOC_SKU_0005,8,8,"[40.0, 20.4]",A4020,40.0,20.4
2268,12/11/2018,3780853,SKU_0016,4,REF_SKU_0016,LOC_SKU_0016,3,22,"[15.0, 43.8]",A1544,15.0,43.8
2269,12/11/2018,3780517,SKU_0219,5,REF_SKU_0219,LOC_SKU_0219,4,9,"[20.0, 22.1]",A2022,20.0,22.1
2270,12/11/2018,3780514,SKU_0014,4,REF_SKU_0014,LOC_SKU_0014,3,10,"[15.0, 22.5]",A1522,15.0,22.5
2271,12/11/2018,3780022,SKU_0001,5,REF_SKU_0001,LOC_SKU_0001,7,20,"[35.0, 40.9]",A3541,35.0,40.9
2272,12/11/2018,3780112,SKU_0004,3,REF_SKU_0004,LOC_SKU_0004,7,1,"[35.0, 8.1]",A3508,35.0,8.1
2273,12/11/2018,3780057,SKU_0121,3,REF_SKU_0121,LOC_SKU_0121,4,6,"[20.0, 16.1]",A2016,20.0,16.1
2274,12/11/2018,3780066,SKU_0026,5,REF_SKU_0026,LOC_SKU_0026,8,19,"[40.0, 39.1]",A4039,40.0,39.1
2275,12/11/2018,3780842,SKU_0027,4,REF_SKU_0027,LOC_SKU_0027,6,5,"[30.0, 14.8]",A3015,30.0,14.8
2276,12/11/2018,3780098,SKU_0148,3,REF_SKU_0148,LOC_SKU_0148,1,21,"[5.0, 43.3]",A0543,5.0,43.3
2277,12/11/2018,3780144,SKU_0188,4,REF_SKU_0188,LOC_SKU_0188,5,2,"[25.0, 9.7]",A2510,25.0,9.7
2278,12/11/2018,3780880,SKU_0236,3,REF_SKU_0236,LOC_SKU_0236,7,2,"[35.0, 9.6]",A3510,35.0,9.6
2279,12/11/2018,3780435,SKU_0001,4,REF_SKU_0001,LOC_SKU_0001,7,20,"[35.0, 40.9]",A3541,35.0,40.9
2280,12/11/2018,3780637,SKU_0013,4,REF_SKU_0013,LOC_SKU_0013,10,1,"[50.0, 7.6]",A5008,50.0,7.6
2281,12/11/2018,3780679,SKU_0053,2,REF_SKU_0053,LOC_SKU_0053,10,6,"[50.0, 16.0]",A5016,50.0,16.0
2282,12/11/2018,3780086,SKU_0060,5,REF_SKU_0060,LOC_SKU_0060,4,24,"[20.0, 47.5]",A2048,20.0,47.5
2283,12/11/2018,3780588,SKU_0020,1,REF_SKU_0020,LOC_SKU_0020,2,10,"[10.0, 22.7]",A1023,10.0,22.7
2284,12/11/2018,3780344,SKU_0001,5,REF_SKU_0001,LOC_SKU_0001,7,20,"[35.0, 40.9]",A3541,35.0,40.9
2285,12/11/2018,3780936,SKU_0083,4,REF_SKU_0083,LOC_SKU_0083,6,1,"[30.0, 7.0]",A3007,30.0,7.0
2286,12/11/2018,3780294,SKU_0045,4,REF_SKU_0045,LOC_SKU_0045,7,21,"[35.0, 43.3]",A3543,35.0,43.3
2287,12/11/2018,3780956,SKU_0001,5,REF_SKU_0001,LOC_SKU_0001,7,20,"[35.0, 40.9]",A3541,35.0,40.9
2288,12/11/2018,3780571,SKU_0008,4,REF_SKU_0008,LOC_SKU_0008,8,21,"[40.0, 42.5]",A4042,40.0,42.5
2289,12/11/2018,3780650,SKU_0001,3,REF_SKU_0001,LOC_SKU_0001,7,20,"[35.0, 40.9]",A3541,35.0,40.9
2290,12/11/2018,3780611,SKU_0003,4,REF_SKU_0003,LOC_SKU_0003,7,11,"[35.0, 25.3]",A3525,35.0,25.3
2291,12/11/2018,3780704,SKU_0001,5,REF_SKU_0001,LOC_SKU_0001,7,20,"[35.0, 40.9]",A3541,35.0,40.9
2292,12/11/2018,3780243,SKU_0005,5,REF_SKU_0005,LOC_SKU_0005,8,8,"[40.0, 20.4]",A4020,40.0,20.4
2293,12/11/2018,3780831,SKU_0013,5,REF_SKU_0013,LOC_SKU_0013,10,1,"[50.0, 7.6]",A5008,50.0,7.6
2294,12/11/2018,3780561,SKU_0022,2,REF_SKU_0022,LOC_SKU_0022,4,6,"[20.0, 16.2]",A2016,20.0,16.2
2295,12/11/2018,3780960,SKU_0030,2,REF_SKU_0030,LOC_SKU_0030,2,10,"[10.0, 23.1]",A1023,10.0,23.1
2296,12/11/2018,3780032,SKU_0115,2,REF_SKU_0115,LOC_SKU_0115,3,9,"[15.0, 22.1]",A1522,15.0,22.1
2297,12/11/2018,3780391,SKU_0002,2,REF_SKU_0002,LOC_SKU_0002,8,15,"[40.0, 32.1]",A4032,40.0,32.1
2298,12/11/2018,3780277,SKU_0001,2,REF_SKU_0001,LOC_SKU_0001,7,20,"[35.0, 40.9]",A3541,35.0,40.9
2299,12/11/2018,3780532,SKU_0130,2,REF_SKU_0130,LOC_SKU_0130,2,9,"[10.0, 21.1]",A1021,10.0,21.1
2300,12/11/2018,3780154,SKU_0001,2,REF_SKU_0001,LOC_SKU_0001,7,20,"[35.0, 40.9]",A3541,35.0,40.9
2301,12/11/2018,3780383,SKU_0393,5,REF_SKU_0393,LOC_SKU_0393,4,8,"[20.0, 19.8]",A2020,20.0,19.8
2302,12/11/2018,3780068,SKU_0121,1,REF_SKU_0121,LOC_SKU_0121,4,6,"[20.0, 16.1]",A2016,20.0,16.1
2303,12/11/2018,3780878,SKU_0010,2,REF_SKU_0010,LOC_SKU_0010,5,15,"[25.0, 33.0]",A2533,25.0,33.0
2304,12/11/2018,3780884,SKU_0419,5,REF_SKU_0419,LOC_SKU_0419,1,6,"[5.0, 15.8]",A0516,5.0,15.8
2305,12/11/2018,3780214,SKU_0001,1,REF_SKU_0001,LOC_SKU_0001,7,20,"[35.0, 40.9]",A3541,35.0,40.9
2306,12/11/2018,3780655,SKU_0003,2,REF_SKU_0003,LOC_SKU_0003,7,11,"[35.0, 25.3]",A3525,35.0,25.3
2307,12/11/2018,3780376,SKU_0025,1,REF_SKU_0025,LOC_SKU_0025,1,6,"[5.0, 17.0]",A0517,5.0,17.0
2308,12/11/2018,3780744,SKU_0004,1,REF_SKU_0004,LOC_SKU_0004,7,1,"[35.0, 8.1]",A3508,35.0,8.1
2309,12/11/2018,3780213,SKU_0256,3,REF_SKU_0256,LOC_SKU_0256,7,11,"[35.0, 24.8]",A3525,35.0,24.8
2310,12/11/2018,3780079,SKU_0001,4,REF_SKU_0001,LOC_SKU_0001,7,20,"[35.0, 40.9]",A3541,35.0,40.9
2311,12/11/2018,3780726,SKU_0013,3,REF_SKU_0013,LOC_SKU_0013,10,1,"[50.0, 7.6]",A5008,50.0,7.6
2312,12/11/2018,3780628,SKU_0018,1,REF_SKU_0018,LOC_SKU_0018,7,0,"[35.0, 6.1]",A3506,35.0,6.1
2313,12/11/2018,3780604,SKU_0027,5,REF_SKU_0027,LOC_SKU_0027,6,5,"[30.0, 14.8]",A3015,30.0,14.8
2314,12/11/2018,3780782,SKU_0002,2,REF_SKU_0002,LOC_SKU_0002,8,15,"[40.0, 32.1]",A4032,40.0,32.1
2315,12/11/2018,3780923,SKU_0004,4,REF_SKU_0004,LOC_SKU_0004,7,1,"[35.0, 8.1]",A3508,35.0,8.1
2316,12/11/2018,3780381,SKU_0122,2,REF_SKU_0122,LOC_SKU_0122,5,4,"[25.0, 13.5]",A2514,25.0,13.5
2317,12/11/2018,3780680,SKU_0002,5,REF_SKU_0002,LOC_SKU_0002,8,15,"[40.0, 32.1]",A4032,40.0,32.1
2318,12/11/2018,3780058,SKU_0106,4,REF_SKU_0106,LOC_SKU_0106,2,25,"[10.0, 49.8]",A1050,10.0,49.8
2319,12/11/2018,3780796,SKU_0015,3,REF_SKU_0015,LOC_SKU_0015,4,15,"[20.0, 31.9]",A2032,20.0,31.9
2320,12/11/2018,3780026,SKU_0063,1,REF_SKU_0063,LOC_SKU_0063,10,20,"[50.0, 41.5]",A5042,50.0,41.5
2321,12/11/2018,3780881,SKU_0043,5,REF_SKU_0043,LOC_SKU_0043,5,23,"[25.0, 46.7]",A2547,25.0,46.7
2322,12/11/2018,3780447,SKU_0002,1,REF_SKU_0002,LOC_SKU_0002,8,15,"[40.0, 32.1]",A4032,40.0,32.1
2323,12/11/2018,3780066,SKU_0015,1,REF_SKU_0015,LOC_SKU_0015,4,15,"[20.0, 31.9]",A2032,20.0,31.9
2324,12/11/2018,3780921,SKU_0150,2,REF_SKU_0150,LOC_SKU_0150,7,7,"[35.0, 18.6]",A3519,35.0,18.6
2325,12/11/2018,3780760,SKU_0006,5,REF_SKU_0006,LOC_SKU_0006,8,18,"[40.0, 37.0]",A4037,40.0,37.0
2326,12/11/2018,3780254,SKU_0364,1,REF_SKU_0364,LOC_SKU_0364,4,12,"[20.0, 26.6]",A2027,20.0,26.6
2327,12/11/2018,3780899,SKU_0007,3,REF_SKU_0007,LOC_SKU_0007,6,1,"[30.0, 8.0]",A3008,30.0,8.0
2328,12/11/2018,3780968,SKU_0001,4,REF_SKU_0001,LOC_SKU_0001,7,20,"[35.0, 40.9]",A3541,35.0,40.9
2329,12/11/2018,3780044,SKU_0005,5,REF_SKU_0005,LOC_SKU_0005,8,8,"[40.0, 20.4]",A4020,40.0,20.4
2330,12/11/2018,3780097,SKU_0317,2,REF_SKU_0317,LOC_SKU_0317,5,16,"[25.0, 34.0]",A2534,25.0,34.0
2331,12/11/2018,3780554,SKU_0003,5,REF_SKU_0003,LOC_SKU_0003,7,11,"[35.0, 25.3]",A3525,35.0,25.3
2332,12/11/2018,3780227,SKU_0150,2,REF_SKU_0150,LOC_SKU_0150,7,7,"[35.0, 18.6]",A3519,35.0,18.6
2333,12/11/2018,3780774,SKU_0168,4,REF_SKU_0168,LOC_SKU_0168,4,10,"[20.0, 23.8]",A2024,20.0,23.8
2334,12/11/2018,3780679,SKU_0004,3,REF_SKU_0004,LOC_SKU_0004,7,1,"[35.0, 8.1]",A3508,35.0,8.1
2335,12/11/2018,3780436,SKU_0001,1,REF_SKU_0001,LOC_SKU_0001,7,20,"[35.0, 40.9]",A3541,35.0,40.9
2336,12/11/2018,3780791,SKU_0047,5,REF_SKU_0047,LOC_SKU_0047,7,8,"[35.0, 19.3]",A3519,35.0,19.3
2337,12/11/2018,3780601,SKU_0003,2,REF_SKU_0003,LOC_SKU_0003,7,11,"[35.0, 25.3]",A3525,35.0,25.3
2338,12/11/2018,3780379,SKU_0074,4,REF_SKU_0074,LOC_SKU_0074,8,24,"[40.0, 47.5]",A4048,40.0,47.5
2339,12/11/2018,3780178,SKU_0007,1,REF_SKU_0007,LOC_SKU_0007,6,1,"[30.0, 8.0]",A3008,30.0,8.0
2340,12/11/2018,3780427,SKU_0009,4,REF_SKU_0009,LOC_SKU_0009,6,0,"[30.0, 5.5]",A3006,30.0,5.5
2341,12/11/2018,3780915,SKU_0071,3,REF_SKU_0071,LOC_SKU_0071,6,13,"[30.0, 28.2]",A3028,30.0,28.2
2342,12/11/2018,3780709,SKU_0005,1,REF_SKU_0005,LOC_SKU_0005,8,8,"[40.0, 20.4]",A4020,40.0,20.4
2343,12/11/2018,3780307,SKU_0007,1,REF_SKU_0007,LOC_SKU_0007,6,1,"[30.0, 8.0]",A3008,30.0,8.0
2344,12/11/2018,3780779,SKU_0004,1,REF_SKU_0004,LOC_SKU_0004,7,1,"[35.0, 8.1]",A3508,35.0,8.1
2345,12/11/2018,3780504,SKU_0004,2,REF_SKU_0004,LOC_SKU_0004,7,1,"[35.0, 8.1]",A3508,35.0,8.1
2346,12/11/2018,3780268,SKU_0011,1,REF_SKU_0011,LOC_SKU_0011,10,13,"[50.0, 28.9]",A5029,50.0,28.9
2347,12/11/2018,3780586,SKU_0091,4,REF_SKU_0091,LOC_SKU_0091,6,13,"[30.0, 29.3]",A3029,30.0,29.3
2348,12/11/2018,3780008,SKU_0004,2,REF_SKU_0004,LOC_SKU_0004,7,1,"[35.0, 8.1]",A3508,35.0,8.1
2349,12/11/2018,3780920,SKU_0011,1,REF_SKU_0011,LOC_SKU_0011,10,13,"[50.0, 28.9]",A5029,50.0,28.9
2350,12/11/2018,3780508,SKU_0031,4,REF_SKU_0031,LOC_SKU_0031,4,15,"[20.0, 32.1]",A2032,20.0,32.1
2351,12/11/2018,3780476,SKU_0002,4,REF_SKU_0002,LOC_SKU_0002,8,15,"[40.0, 32.1]",A4032,40.0,32.1
2352,12/11/2018,3780297,SKU_0002,5,REF_SKU_0002,LOC_SKU_0002,8,15,"[40.0, 32.1]",A4032,40.0,32.1
2353,12/11/2018,3780164,SKU_0268,4,REF_SKU_0268,LOC_SKU_0268,5,6,"[25.0, 16.8]",A2517,25.0,16.8
2354,12/11/2018,3780485,SKU_0046,3,REF_SKU_0046,LOC_SKU_0046,2,2,"[10.0, 9.7]",A1010,10.0,9.7
2355,12/11/2018,3780597,SKU_0016,1,REF_SKU_0016,LOC_SKU_0016,3,22,"[15.0, 43.8]",A1544,15.0,43.8
2356,12/11/2018,3780072,SKU_0026,1,REF_SKU_0026,LOC_SKU_0026,8,19,"[40.0, 39.1]",A4039,40.0,39.1
2357,12/11/2018,3780567,SKU_0001,1,REF_SKU_0001,LOC_SKU_0001,7,20,"[35.0, 40.9]",A3541,35.0,40.9
2358,12/11/2018,3780905,SKU_0021,4,REF_SKU_0021,LOC_SKU_0021,10,2,"[50.0, 9.8]",A5010,50.0,9.8
2359,12/11/2018,3780559,SKU_0010,4,REF_SKU_0010,LOC_SKU_0010,5,15,"[25.0, 33.0]",A2533,25.0,33.0
2360,12/11/2018,3780911,SKU_0013,1,REF_SKU_0013,LOC_SKU_0013,10,1,"[50.0, 7.6]",A5008,50.0,7.6
2361,12/11/2018,3780944,SKU_0004,2,REF_SKU_0004,LOC_SKU_0004,7,1,"[35.0, 8.1]",A3508,35.0,8.1
2362,12/11/2018,3780238,SKU_0001,2,REF_SKU_0001,LOC_SKU_0001,7,20,"[35.0, 40.9]",A3541,35.0,40.9
2363,12/11/2018,3780104,SKU_0002,3,REF_SKU_0002,LOC_SKU_0002,8,15,"[40.0, 32.1]",A4032,40.0,32.1
2364,12/11/2018,3780210,SKU_0314,5,REF_SKU_0314,LOC_SKU_0314,6,24,"[30.0, 48.6]",A3049,30.0,48.6
2365,12/11/2018,3780554,SKU_0005,3,REF_SKU_0005,LOC_SKU_0005,8,8,"[40.0, 20.4]",A4020,40.0,20.4
2366,12/11/2018,3780828,SKU_0008,1,REF_SKU_0008,LOC_SKU_0008,8,21,"[40.0, 42.5]",A4042,40.0,42.5
2367,12/11/2018,3780468,SKU_0001,1,REF_SKU_0001,LOC_SKU_0001,7,20,"[35.0, 40.9]",A3541,35.0,40.9
2368,12/11/2018,3780454,SKU_0001,1,REF_SKU_0001,LOC_SKU_0001,7,20,"[35.0, 40.9]",A3541,35.0,40.9
2369,12/11/2018,3780268,SKU_0044,5,REF_SKU_0044,LOC_SKU_0044,10,3,"[50.0, 10.7]",A5011,50.0,10.7
2370,12/11/2018,3780386,SKU_0012,4,REF_SKU_0012,LOC_SKU_0012,9,7,"[45.0, 18.5]",A4518,45.0,18.5
2371,12/11/2018,3780775,SKU_0010,5,REF_SKU_0010,LOC_SKU_0010,5,15,"[25.0, 33.0]",A2533,25.0,33.0
2372,12/11/2018,3780848,SKU_0002,3,REF_SKU_0002,LOC_SKU_0002,8,15,"[40.0, 32.1]",A4032,40.0,32.1
2373,12/11/2018,3780387,SKU_0055,4,REF_SKU_0055,LOC_SKU_0055,10,1,"[50.0, 6.6]",A5007,50.0,6.6
2374,12/11/2018,3780877,SKU_0001,4,REF_SKU_0001,LOC_SKU_0001,7,20,"[35.0, 40.9]",A3541,35.0,40.9
2375,12/11/2018,3780259,SKU_0001,3,REF_SKU_0001,LOC_SKU_0001,7,20,"[35.0, 40.9]",A3541,35.0,40.9
2376,12/11/2018,3780283,SKU_0007,4,REF_SKU_0007,LOC_SKU_0007,6,1,"[30.0, 8.0]",A3008,30.0,8.0
2377,12/11/2018,3780626,SKU_0003,2,REF_SKU_0003,LOC_SKU_0003,7,11,"[35.0, 25.3]",A3525,35.0,25.3
2378,12/11/2018,3780875,SKU_0002,3,REF_SKU_0002,LOC_SKU_0002,8,15,"[40.0, 32.1]",A4032,40.0,32.1
2379,12/11/2018,3780040,SKU_0026,3,REF_SKU_0026,LOC_SKU_0026,8,19,"[40.0, 39.1]",A4039,40.0,39.1
2380,12/11/2018,3780486,SKU_0027,2,REF_SKU_0027,LOC_SKU_0027,6,5,"[30.0, 14.8]",A3015,30.0,14.8
2381,12/11/2018,3780929,SKU_0104,5,REF_SKU_0104,LOC_SKU_0104,10,25,"[50.0, 49.2]",A5049,50.0,49.2
2382,12/11/2018,3780220,SKU_0006,5,REF_SKU_0006,LOC_SKU_0006,8,18,"[40.0, 37.0]",A4037,40.0,37.0
2383,12/11/2018,3780129,SKU_0001,5,REF_SKU_0001,LOC_SKU_0001,7,20,"[35.0, 40.9]",A3541,35.0,40.9
2384,12/11/2018,3780520,SKU_0002,4,REF_SKU_0002,LOC_SKU_0002,8,15,"[40.0, 32.1]",A4032,40.0,32.1
2385,12/11/2018,3780613,SKU_0413,2,REF_SKU_0413,LOC_SKU_0413,10,23,"[50.0, 45.9]",A5046,50.0,45.9
2386,12/11/2018,3780928,SKU_0018,3,REF_SKU_0018,LOC_SKU_0018,7,0,"[35.0, 6.1]",A3506,35.0,6.1
2387,12/11/2018,3780892,SKU_0042,3,REF_SKU_0042,LOC_SKU_0042,3,20,"[15.0, 40.7]",A1541,15.0,40.7
2388,12/11/2018,3780688,SKU_0001,3,REF_SKU_0001,LOC_SKU_0001,7,20,"[35.0, 40.9]",A3541,35.0,40.9
2389,12/11/2018,3780619,SKU_0011,4,REF_SKU_0011,LOC_SKU_0011,10,13,"[50.0, 28.9]",A5029,50.0,28.9
2390,12/11/2018,3780613,SKU_0001,4,REF_SKU_0001,LOC_SKU_0001,7,20,"[35.0, 40.9]",A3541,35.0,40.9
2391,12/11/2018,3780260,SKU_0015,5,REF_SKU_0015,LOC_SKU_0015,4,15,"[20.0, 31.9]",A2032,20.0,31.9
2392,12/11/2018,3780990,SKU_0239,4,REF_SKU_0239,LOC_SKU_0239,7,14,"[35.0, 29.8]",A3530,35.0,29.8
2393,12/11/2018,3780966,SKU_0370,5,REF_SKU_0370,LOC_SKU_0370,5,9,"[25.0, 21.7]",A2522,25.0,21.7
2394,12/11/2018,3780366,SKU_0013,5,REF_SKU_0013,LOC_SKU_0013,10,1,"[50.0, 7.6]",A5008,50.0,7.6
2395,12/11/2018,3780758,SKU_0007,3,REF_SKU_0007,LOC_SKU_0007,6,1,"[30.0, 8.0]",A3008,30.0,8.0
2396,12/11/2018,3780787,SKU_0298,4,REF_SKU_0298,LOC_SKU_0298,1,0,"[5.0, 6.1]",A0506,5.0,6.1
2397,12/11/2018,3780544,SKU_0032,5,REF_SKU_0032,LOC_SKU_0032,8,14,"[40.0, 30.9]",A4031,40.0,30.9
2398,12/11/2018,3780649,SKU_0001,2,REF_SKU_0001,LOC_SKU_0001,7,20,"[35.0, 40.9]",A3541,35.0,40.9
2399,12/11/2018,3780524,SKU_0008,2,REF_SKU_0008,LOC_SKU_0008,8,21,"[40.0, 42.5]",A4042,40.0,42.5
2400,12/11/2018,3780907,SKU_0002,4,REF_SKU_0002,LOC_SKU_0002,8,15,"[40.0, 32.1]",A4032,40.0,32.1
2401,12/11/2018,3780814,SKU_0008,3,REF_SKU_0008,LOC_SKU_0008,8,21,"[40.0, 42.5]",A4042,40.0,42.5
2402,12/11/2018,3780887,SKU_0007,3,REF_SKU_0007,LOC_SKU_0007,6,1,"[30.0, 8.0]",A3008,30.0,8.0
2403,12/11/2018,3780016,SKU_0017,5,REF_SKU_0017,LOC_SKU_0017,7,4,"[35.0, 13.1]",A3513,35.0,13.1
2404,12/11/2018,3780129,SKU_0004,4,REF_SKU_0004,LOC_SKU_0004,7,1,"[35.0, 8.1]",A3508,35.0,8.1
2405,12/11/2018,3780575,SKU_0001,2,REF_SKU_0001,LOC_SKU_0001,7,20,"[35.0, 40.9]",A3541,35.0,40.9
2406,12/11/2018,3780109,SKU_0010,5,REF_SKU_0010,LOC_SKU_0010,5,15,"[25.0, 33.0]",A2533,25.0,33.0
2407,12/11/2018,3780887,SKU_0109,5,REF_SKU_0109,LOC_SKU_0109,3,18,"[15.0, 36.7]",A1537,15.0,36.7
2408,12/11/2018,3780533,SKU_0030,1,REF_SKU_0030,LOC_SKU_0030,2,10,"[10.0, 23.1]",A1023,10.0,23.1
2409,12/11/2018,3780670,SKU_0003,4,REF_SKU_0003,LOC_SKU_0003,7,11,"[35.0, 25.3]",A3525,35.0,25.3
2410,12/11/2018,3780269,SKU_0273,5,REF_SKU_0273,LOC_SKU_0273,6,10,"[30.0, 22.6]",A3023,30.0,22.6
2411,12/11/2018,3780162,SKU_0221,2,REF_SKU_0221,LOC_SKU_0221,7,23,"[35.0, 46.9]",A3547,35.0,46.9
2412,12/11/2018,3780260,SKU_0002,1,REF_SKU_0002,LOC_SKU_0002,8,15,"[40.0, 32.1]",A4032,40.0,32.1
2413,12/11/2018,3780924,SKU_0001,2,REF_SKU_0001,LOC_SKU_0001,7,20,"[35.0, 40.9]",A3541,35.0,40.9
2414,12/11/2018,3780102,SKU_0053,3,REF_SKU_0053,LOC_SKU_0053,10,6,"[50.0, 16.0]",A5016,50.0,16.0
2415,12/11/2018,3780506,SKU_0107,1,REF_SKU_0107,LOC_SKU_0107,5,23,"[25.0, 45.6]",A2546,25.0,45.6
2416,12/11/2018,3780735,SKU_0368,1,REF_SKU_0368,LOC_SKU_0368,8,15,"[40.0, 31.6]",A4032,40.0,31.6
2417,12/11/2018,3780571,SKU_0181,5,REF_SKU_0181,LOC_SKU_0181,8,23,"[40.0, 47.1]",A4047,40.0,47.1
2418,12/11/2018,3780247,SKU_0019,3,REF_SKU_0019,LOC_SKU_0019,9,24,"[45.0, 48.5]",A4548,45.0,48.5
2419,12/11/2018,3780640,SKU_0012,5,REF_SKU_0012,LOC_SKU_0012,9,7,"[45.0, 18.5]",A4518,45.0,18.5
2420,12/11/2018,3780795,SKU_0001,4,REF_SKU_0001,LOC_SKU_0001,7,20,"[35.0, 40.9]",A3541,35.0,40.9
2421,12/11/2018,3780837,SKU_0002,2,REF_SKU_0002,LOC_SKU_0002,8,15,"[40.0, 32.1]",A4032,40.0,32.1
2422,12/11/2018,3780537,SKU_0007,2,REF_SKU_0007,LOC_SKU_0007,6,1,"[30.0, 8.0]",A3008,30.0,8.0
2423,12/11/2018,3780131,SKU_0023,5,REF_SKU_0023,LOC_SKU_0023,7,15,"[35.0, 32.6]",A3533,35.0,32.6
2424,12/11/2018,3780353,SKU_0014,2,REF_SKU_0014,LOC_SKU_0014,3,10,"[15.0, 22.5]",A1522,15.0,22.5
2425,12/11/2018,3780196,SKU_0054,2,REF_SKU_0054,LOC_SKU_0054,7,1,"[35.0, 7.3]",A3507,35.0,7.3
2426,12/11/2018,3780793,SKU_0002,4,REF_SKU_0002,LOC_SKU_0002,8,15,"[40.0, 32.1]",A4032,40.0,32.1
2427,12/11/2018,3780916,SKU_0015,3,REF_SKU_0015,LOC_SKU_0015,4,15,"[20.0, 31.9]",A2032,20.0,31.9
2428,12/11/2018,3780930,SKU_0001,1,REF_SKU_0001,LOC_SKU_0001,7,20,"[35.0, 40.9]",A3541,35.0,40.9
2429,12/11/2018,3780666,SKU_0006,5,REF_SKU_0006,LOC_SKU_0006,8,18,"[40.0, 37.0]",A4037,40.0,37.0
2430,12/11/2018,3780382,SKU_0057,5,REF_SKU_0057,LOC_SKU_0057,7,12,"[35.0, 26.7]",A3527,35.0,26.7
2431,12/11/2018,3780645,SKU_0037,4,REF_SKU_0037,LOC_SKU_0037,9,7,"[45.0, 18.7]",A4519,45.0,18.7
2432,12/11/2018,3780227,SKU_0457,4,REF_SKU_0457,LOC_SKU_0457,5,25,"[25.0, 49.3]",A2549,25.0,49.3
2433,12/11/2018,3780701,SKU_0002,1,REF_SKU_0002,LOC_SKU_0002,8,15,"[40.0, 32.1]",A4032,40.0,32.1
2434,12/11/2018,3780476,SKU_0009,3,REF_SKU_0009,LOC_SKU_0009,6,0,"[30.0, 5.5]",A3006,30.0,5.5
2435,12/11/2018,3780477,SKU_0003,5,REF_SKU_0003,LOC_SKU_0003,7,11,"[35.0, 25.3]",A3525,35.0,25.3
2436,12/11/2018,3780265,SKU_0007,4,REF_SKU_0007,LOC_SKU_0007,6,1,"[30.0, 8.0]",A3008,30.0,8.0
2437,12/11/2018,3780372,SKU_0136,5,REF_SKU_0136,LOC_SKU_0136,9,24,"[45.0, 47.9]",A4548,45.0,47.9
2438,12/11/2018,3780486,SKU_0035,2,REF_SKU_0035,LOC_SKU_0035,2,13,"[10.0, 29.5]",A1030,10.0,29.5
2439,12/11/2018,3780434,SKU_0170,5,REF_SKU_0170,LOC_SKU_0170,4,3,"[20.0, 11.4]",A2011,20.0,11.4
2440,12/11/2018,3780646,SKU_0002,3,REF_SKU_0002,LOC_SKU_0002,8,15,"[40.0, 32.1]",A4032,40.0,32.1
2441,12/11/2018,3780211,SKU_0157,3,REF_SKU_0157,LOC_SKU_0157,2,2,"[10.0, 9.7]",A1010,10.0,9.7
2442,12/11/2018,3780572,SKU_0001,5,REF_SKU_0001,LOC_SKU_0001,7,20,"[35.0, 40.9]",A3541,35.0,40.9
2443,12/11/2018,3780940,SKU_0179,2,REF_SKU_0179,LOC_SKU_0179,2,6,"[10.0, 16.2]",A1016,10.0,16.2
2444,12/11/2018,3780377,SKU_0003,3,REF_SKU_0003,LOC_SKU_0003,7,11,"[35.0, 25.3]",A3525,35.0,25.3
2445,12/11/2018,3780395,SKU_0003,4,REF_SKU_0003,LOC_SKU_0003,7,11,"[35.0, 25.3]",A3525,35.0,25.3
2446,12/11/2018,3780450,SKU_0010,5,REF_SKU_0010,LOC_SKU_0010,5,15,"[25.0, 33.0]",A2533,25.0,33.0
2447,12/11/2018,3780943,SKU_0286,2,REF_SKU_0286,LOC_SKU_0286,2,10,"[10.0, 24.0]",A1024,10.0,24.0
2448,12/11/2018,3780364,SKU_0001,4,REF_SKU_0001,LOC_SKU_0001,7,20,"[35.0, 40.9]",A3541,35.0,40.9
2449,12/11/2018,3780876,SKU_0004,5,REF_SKU_0004,LOC_SKU_0004,7,1,"[35.0, 8.1]",A3508,35.0,8.1
2450,12/11/2018,3780457,SKU_0136,2,REF_SKU_0136,LOC_SKU_0136,9,24,"[45.0, 47.9]",A4548,45.0,47.9
2451,12/11/2018,3780725,SKU_0005,4,REF_SKU_0005,LOC_SKU_0005,8,8,"[40.0, 20.4]",A4020,40.0,20.4
2452,12/11/2018,3780728,SKU_0002,3,REF_SKU_0002,LOC_SKU_0002,8,15,"[40.0, 32.1]",A4032,40.0,32.1
2453,12/11/2018,3780226,SKU_0006,5,REF_SKU_0006,LOC_SKU_0006,8,18,"[40.0, 37.0]",A4037,40.0,37.0
2454,12/11/2018,3780982,SKU_0005,5,REF_SKU_0005,LOC_SKU_0005,8,8,"[40.0, 20.4]",A4020,40.0,20.4
2455,12/11/2018,3780131,SKU_0227,3,REF_SKU_0227,LOC_SKU_0227,6,7,"[30.0, 18.7]",A3019,30.0,18.7
2456,12/11/2018,3780588,SKU_0063,1,REF_SKU_0063,LOC_SKU_0063,10,20,"[50.0, 41.5]",A5042,50.0,41.5
2457,12/11/2018,3780476,SKU_0010,4,REF_SKU_0010,LOC_SKU_0010,5,15,"[25.0, 33.0]",A2533,25.0,33.0
2458,12/11/2018,3780798,SKU_0447,3,REF_SKU_0447,LOC_SKU_0447,2,15,"[10.0, 32.7]",A1033,10.0,32.7
2459,12/11/2018,3780986,SKU_0008,5,REF_SKU_0008,LOC_SKU_0008,8,21,"[40.0, 42.5]",A4042,40.0,42.5
2460,12/11/2018,3780277,SKU_0001,4,REF_SKU_0001,LOC_SKU_0001,7,20,"[35.0, 40.9]",A3541,35.0,40.9
2461,12/11/2018,3780156,SKU_0002,4,REF_SKU_0002,LOC_SKU_0002,8,15,"[40.0, 32.1]",A4032,40.0,32.1
2462,12/11/2018,3780760,SKU_0006,1,REF_SKU_0006,LOC_SKU_0006,8,18,"[40.0, 37.0]",A4037,40.0,37.0
2463,12/11/2018,3780218,SKU_0001,5,REF_SKU_0001,LOC_SKU_0001,7,20,"[35.0, 40.9]",A3541,35.0,40.9
2464,12/11/2018,3780190,SKU_0305,2,REF_SKU_0305,LOC_SKU_0305,5,11,"[25.0, 25.5]",A2526,25.0,25.5
2465,12/11/2018,3780417,SKU_0065,1,REF_SKU_0065,LOC_SKU_0065,4,22,"[20.0, 45.2]",A2045,20.0,45.2
2466,12/11/2018,3780981,SKU_0002,1,REF_SKU_0002,LOC_SKU_0002,8,15,"[40.0, 32.1]",A4032,40.0,32.1
2467,12/11/2018,3780675,SKU_0018,2,REF_SKU_0018,LOC_SKU_0018,7,0,"[35.0, 6.1]",A3506,35.0,6.1
2468,12/11/2018,3780692,SKU_0046,2,REF_SKU_0046,LOC_SKU_0046,2,2,"[10.0, 9.7]",A1010,10.0,9.7
2469,12/11/2018,3780546,SKU_0288,1,REF_SKU_0288,LOC_SKU_0288,2,2,"[10.0, 9.2]",A1009,10.0,9.2
2470,12/11/2018,3780041,SKU_0169,4,REF_SKU_0169,LOC_SKU_0169,3,16,"[15.0, 33.9]",A1534,15.0,33.9
2471,12/11/2018,3780307,SKU_0011,3,REF_SKU_0011,LOC_SKU_0011,10,13,"[50.0, 28.9]",A5029,50.0,28.9
2472,12/11/2018,3780943,SKU_0069,3,REF_SKU_0069,LOC_SKU_0069,9,20,"[45.0, 41.9]",A4542,45.0,41.9
2473,12/11/2018,3780338,SKU_0014,1,REF_SKU_0014,LOC_SKU_0014,3,10,"[15.0, 22.5]",A1522,15.0,22.5
2474,12/11/2018,3780314,SKU_0014,4,REF_SKU_0014,LOC_SKU_0014,3,10,"[15.0, 22.5]",A1522,15.0,22.5
2475,12/11/2018,3780075,SKU_0001,2,REF_SKU_0001,LOC_SKU_0001,7,20,"[35.0, 40.9]",A3541,35.0,40.9
2476,12/11/2018,3780953,SKU_0001,1,REF_SKU_0001,LOC_SKU_0001,7,20,"[35.0, 40.9]",A3541,35.0,40.9
2477,12/11/2018,3780279,SKU_0012,5,REF_SKU_0012,LOC_SKU_0012,9,7,"[45.0, 18.5]",A4518,45.0,18.5
2478,12/11/2018,3780176,SKU_0002,4,REF_SKU_0002,LOC_SKU_0002,8,15,"[40.0, 32.1]",A4032,40.0,32.1
2479,12/11/2018,3780896,SKU_0001,5,REF_SKU_0001,LOC_SKU_0001,7,20,"[35.0, 40.9]",A3541,35.0,40.9
2480,12/11/2018,3780662,SKU_0046,5,REF_SKU_0046,LOC_SKU_0046,2,2,"[10.0, 9.7]",A1010,10.0,9.7
2481,12/11/2018,3780273,SKU_0001,1,REF_SKU_0001,LOC_SKU_0001,7,20,"[35.0, 40.9]",A3541,35.0,40.9
2482,12/11/2018,3780837,SKU_0018,4,REF_SKU_0018,LOC_SKU_0018,7,0,"[35.0, 6.1]",A3506,35.0,6.1
2483,12/11/2018,3780620,SKU_0012,5,REF_SKU_0012,LOC_SKU_0012,9,7,"[45.0, 18.5]",A4518,45.0,18.5
2484,12/11/2018,3780651,SKU_0371,4,REF_SKU_0371,LOC_SKU_0371,10,15,"[50.0, 32.5]",A5032,50.0,32.5
2485,12/11/2018,3780862,SKU_0009,3,REF_SKU_0009,LOC_SKU_0009,6,0,"[30.0, 5.5]",A3006,30.0,5.5
2486,12/11/2018,3780783,SKU_0001,5,REF_SKU_0001,LOC_SKU_0001,7,20,"[35.0, 40.9]",A3541,35.0,40.9
2487,12/11/2018,3780859,SKU_0013,5,REF_SKU_0013,LOC_SKU_0013,10,1,"[50.0, 7.6]",A5008,50.0,7.6
2488,12/11/2018,3780931,SKU_0119,4,REF_SKU_0119,LOC_SKU_0119,3,16,"[15.0, 34.5]",A1534,15.0,34.5
2489,12/11/2018,3780289,SKU_0485,3,REF_SKU_0485,LOC_SKU_0485,1,19,"[5.0, 40.0]",A0540,5.0,40.0
2490,12/11/2018,3780724,SKU_0006,5,REF_SKU_0006,LOC_SKU_0006,8,18,"[40.0, 37.0]",A4037,40.0,37.0
2491,12/11/2018,3780893,SKU_0003,1,REF_SKU_0003,LOC_SKU_0003,7,11,"[35.0, 25.3]",A3525,35.0,25.3
2492,12/11/2018,3780272,SKU_0210,4,REF_SKU_0210,LOC_SKU_0210,10,17,"[50.0, 35.8]",A5036,50.0,35.8
2493,12/11/2018,3780930,SKU_0001,4,REF_SKU_0001,LOC_SKU_0001,7,20,"[35.0, 40.9]",A3541,35.0,40.9
2494,12/11/2018,3780066,SKU_0021,5,REF_SKU_0021,LOC_SKU_0021,10,2,"[50.0, 9.8]",A5010,50.0,9.8
2495,12/11/2018,3780483,SKU_0005,3,REF_SKU_0005,LOC_SKU_0005,8,8,"[40.0, 20.4]",A4020,40.0,20.4
2496,12/11/2018,3780936,SKU_0001,5,REF_SKU_0001,LOC_SKU_0001,7,20,"[35.0, 40.9]",A3541,35.0,40.9
2497,12/11/2018,3780248,SKU_0004,2,REF_SKU_0004,LOC_SKU_0004,7,1,"[35.0, 8.1]",A3508,35.0,8.1
2498,12/11/2018,3780156,SKU_0002,5,REF_SKU_0002,LOC_SKU_0002,8,15,"[40.0, 32.1]",A4032,40.0,32.1
2499,12/11/2018,3780047,SKU_0035,2,REF_SKU_0035,LOC_SKU_0035,2,13,"[10.0, 29.5]",A1030,10.0,29.5
2500,12/11/2018,3780935,SKU_0308,1,REF_SKU_0308,LOC_SKU_0308,1,19,"[5.0, 39.2]",A0539,5.0,39.2
2501,12/11/2018,3780454,SKU_0002,4,REF_SKU_0002,LOC_SKU_0002,8,15,"[40.0, 32.1]",A4032,40.0,32.1
2502,12/11/2018,3780201,SKU_0093,4,REF_SKU_0093,LOC_SKU_0093,6,17,"[30.0, 36.5]",A3036,30.0,36.5
2503,12/11/2018,3780660,SKU_0001,3,REF_SKU_0001,LOC_SKU_0001,7,20,"[35.0, 40.9]",A3541,35.0,40.9
2504,12/11/2018,3780124,SKU_0012,5,REF_SKU_0012,LOC_SKU_0012,9,7,"[45.0, 18.5]",A4518,45.0,18.5
2505,12/11/2018,3780001,SKU_0001,1,REF_SKU_0001,LOC_SKU_0001,7,20,"[35.0, 40.9]",A3541,35.0,40.9
2506,12/11/2018,3780968,SKU_0269,2,REF_SKU_0269,LOC_SKU_0269,3,24,"[15.0, 48.6]",A1549,15.0,48.6
2507,12/11/2018,3780759,SKU_0065,3,REF_SKU_0065,LOC_SKU_0065,4,22,"[20.0, 45.2]",A2045,20.0,45.2
2508,12/11/2018,3780855,SKU_0028,1,REF_SKU_0028,LOC_SKU_0028,4,5,"[20.0, 13.7]",A2014,20.0,13.7
2509,12/11/2018,3780640,SKU_0103,1,REF_SKU_0103,LOC_SKU_0103,10,6,"[50.0, 17.0]",A5017,50.0,17.0
2510,12/11/2018,3780191,SKU_0026,2,REF_SKU_0026,LOC_SKU_0026,8,19,"[40.0, 39.1]",A4039,40.0,39.1
2511,12/11/2018,3780579,SKU_0372,2,REF_SKU_0372,LOC_SKU_0372,8,12,"[40.0, 27.7]",A4028,40.0,27.7
2512,12/11/2018,3780516,SKU_0043,4,REF_SKU_0043,LOC_SKU_0043,5,23,"[25.0, 46.7]",A2547,25.0,46.7
2513,12/11/2018,3780442,SKU_0247,5,REF_SKU_0247,LOC_SKU_0247,5,6,"[25.0, 15.9]",A2516,25.0,15.9
2514,12/11/2018,3780921,SKU_0011,3,REF_SKU_0011,LOC_SKU_0011,10,13,"[50.0, 28.9]",A5029,50.0,28.9
2515,12/11/2018,3780815,SKU_0001,5,REF_SKU_0001,LOC_SKU_0001,7,20,"[35.0, 40.9]",A3541,35.0,40.9
2516,12/11/2018,3780806,SKU_0012,3,REF_SKU_0012,LOC_SKU_0012,9,7,"[45.0, 18.5]",A4518,45.0,18.5
2517,12/11/2018,3780143,SKU_0001,1,REF_SKU_0001,LOC_SKU_0001,7,20,"[35.0, 40.9]",A3541,35.0,40.9
2518,12/11/2018,3780191,SKU_0018,2,REF_SKU_0018,LOC_SKU_0018,7,0,"[35.0, 6.1]",A3506,35.0,6.1
2519,12/11/2018,3780533,SKU_0009,2,REF_SKU_0009,LOC_SKU_0009,6,0,"[30.0, 5.5]",A3006,30.0,5.5
2520,12/11/2018,3780227,SKU_0022,1,REF_SKU_0022,LOC_SKU_0022,4,6,"[20.0, 16.2]",A2016,20.0,16.2
2521,12/11/2018,3780313,SKU_0001,1,REF_SKU_0001,LOC_SKU_0001,7,20,"[35.0, 40.9]",A3541,35.0,40.9
2522,12/11/2018,3780629,SKU_0002,3,REF_SKU_0002,LOC_SKU_0002,8,15,"[40.0, 32.1]",A4032,40.0,32.1
2523,12/11/2018,3780949,SKU_0009,1,REF_SKU_0009,LOC_SKU_0009,6,0,"[30.0, 5.5]",A3006,30.0,5.5
2524,12/11/2018,3780302,SKU_0313,3,REF_SKU_0313,LOC_SKU_0313,2,21,"[10.0, 43.4]",A1043,10.0,43.4
2525,12/11/2018,3780654,SKU_0005,5,REF_SKU_0005,LOC_SKU_0005,8,8,"[40.0, 20.4]",A4020,40.0,20.4
2526,12/11/2018,3780996,SKU_0006,2,REF_SKU_0006,LOC_SKU_0006,8,18,"[40.0, 37.0]",A4037,40.0,37.0
2527,12/11/2018,3780460,SKU_0043,2,REF_SKU_0043,LOC_SKU_0043,5,23,"[25.0, 46.7]",A2547,25.0,46.7
2528,12/11/2018,3780401,SKU_0019,2,REF_SKU_0019,LOC_SKU_0019,9,24,"[45.0, 48.5]",A4548,45.0,48.5
2529,12/11/2018,3780551,SKU_0003,5,REF_SKU_0003,LOC_SKU_0003,7,11,"[35.0, 25.3]",A3525,35.0,25.3
2530,12/11/2018,3780393,SKU_0005,5,REF_SKU_0005,LOC_SKU_0005,8,8,"[40.0, 20.4]",A4020,40.0,20.4
2531,12/11/2018,3780867,SKU_0002,4,REF_SKU_0002,LOC_SKU_0002,8,15,"[40.0, 32.1]",A4032,40.0,32.1
2532,12/11/2018,3780764,SKU_0362,3,REF_SKU_0362,LOC_SKU_0362,10,13,"[50.0, 29.3]",A5029,50.0,29.3
2533,12/11/2018,3780845,SKU_0001,3,REF_SKU_0001,LOC_SKU_0001,7,20,"[35.0, 40.9]",A3541,35.0,40.9
2534,12/11/2018,3780207,SKU_0004,4,REF_SKU_0004,LOC_SKU_0004,7,1,"[35.0, 8.1]",A3508,35.0,8.1
2535,12/11/2018,3780210,SKU_0001,2,REF_SKU_0001,LOC_SKU_0001,7,20,"[35.0, 40.9]",A3541,35.0,40.9
2536,12/11/2018,3780115,SKU_0002,3,REF_SKU_0002,LOC_SKU_0002,8,15,"[40.0, 32.1]",A4032,40.0,32.1
2537,12/11/2018,3780737,SKU_0073,3,REF_SKU_0073,LOC_SKU_0073,1,3,"[5.0, 10.8]",A0511,5.0,10.8
2538,12/11/2018,3780646,SKU_0002,2,REF_SKU_0002,LOC_SKU_0002,8,15,"[40.0, 32.1]",A4032,40.0,32.1
2539,12/11/2018,3780251,SKU_0001,1,REF_SKU_0001,LOC_SKU_0001,7,20,"[35.0, 40.9]",A3541,35.0,40.9
2540,12/11/2018,3780219,SKU_0008,1,REF_SKU_0008,LOC_SKU_0008,8,21,"[40.0, 42.5]",A4042,40.0,42.5
2541,12/11/2018,3780407,SKU_0001,4,REF_SKU_0001,LOC_SKU_0001,7,20,"[35.0, 40.9]",A3541,35.0,40.9
2542,12/11/2018,3780443,SKU_0001,5,REF_SKU_0001,LOC_SKU_0001,7,20,"[35.0, 40.9]",A3541,35.0,40.9
2543,12/11/2018,3780603,SKU_0090,3,REF_SKU_0090,LOC_SKU_0090,4,25,"[20.0, 49.3]",A2049,20.0,49.3
2544,12/11/2018,3780354,SKU_0068,3,REF_SKU_0068,LOC_SKU_0068,1,7,"[5.0, 17.6]",A0518,5.0,17.6
2545,12/11/2018,3780888,SKU_0227,4,REF_SKU_0227,LOC_SKU_0227,6,7,"[30.0, 18.7]",A3019,30.0,18.7
2546,12/11/2018,3780558,SKU_0134,4,REF_SKU_0134,LOC_SKU_0134,1,1,"[5.0, 7.4]",A0507,5.0,7.4
2547,12/11/2018,3780550,SKU_0034,3,REF_SKU_0034,LOC_SKU_0034,5,10,"[25.0, 22.8]",A2523,25.0,22.8
2548,12/11/2018,3780142,SKU_0001,2,REF_SKU_0001,LOC_SKU_0001,7,20,"[35.0, 40.9]",A3541,35.0,40.9
2549,12/11/2018,3780612,SKU_0074,2,REF_SKU_0074,LOC_SKU_0074,8,24,"[40.0, 47.5]",A4048,40.0,47.5
2550,12/11/2018,3780501,SKU_0124,5,REF_SKU_0124,LOC_SKU_0124,7,18,"[35.0, 37.6]",A3538,35.0,37.6
2551,12/11/2018,3780840,SKU_0084,3,REF_SKU_0084,LOC_SKU_0084,1,16,"[5.0, 33.7]",A0534,5.0,33.7
2552,12/11/2018,3780702,SKU_0010,3,REF_SKU_0010,LOC_SKU_0010,5,15,"[25.0, 33.0]",A2533,25.0,33.0
2553,12/11/2018,3780547,SKU_0002,3,REF_SKU_0002,LOC_SKU_0002,8,15,"[40.0, 32.1]",A4032,40.0,32.1
2554,12/11/2018,3780659,SKU_0124,3,REF_SKU_0124,LOC_SKU_0124,7,18,"[35.0, 37.6]",A3538,35.0,37.6
2555,12/11/2018,3780542,SKU_0048,4,REF_SKU_0048,LOC_SKU_0048,8,17,"[40.0, 35.1]",A4035,40.0,35.1
2556,12/11/2018,3780846,SKU_0416,1,REF_SKU_0416,LOC_SKU_0416,8,11,"[40.0, 25.0]",A4025,40.0,25.0
2557,12/11/2018,3780507,SKU_0001,3,REF_SKU_0001,LOC_SKU_0001,7,20,"[35.0, 40.9]",A3541,35.0,40.9
2558,12/11/2018,3780596,SKU_0002,1,REF_SKU_0002,LOC_SKU_0002,8,15,"[40.0, 32.1]",A4032,40.0,32.1
2559,12/11/2018,3780881,SKU_0002,2,REF_SKU_0002,LOC_SKU_0002,8,15,"[40.0, 32.1]",A4032,40.0,32.1
2560,12/11/2018,3780281,SKU_0080,5,REF_SKU_0080,LOC_SKU_0080,1,4,"[5.0, 12.1]",A0512,5.0,12.1
2561,12/11/2018,3780424,SKU_0001,2,REF_SKU_0001,LOC_SKU_0001,7,20,"[35.0, 40.9]",A3541,35.0,40.9
2562,12/11/2018,3780856,SKU_0001,3,REF_SKU_0001,LOC_SKU_0001,7,20,"[35.0, 40.9]",A3541,35.0,40.9
2563,12/11/2018,3780270,SKU_0494,2,REF_SKU_0494,LOC_SKU_0494,2,22,"[10.0, 44.1]",A1044,10.0,44.1
2564,12/11/2018,3780154,SKU_0001,4,REF_SKU_0001,LOC_SKU_0001,7,20,"[35.0, 40.9]",A3541,35.0,40.9
2565,12/11/2018,3780614,SKU_0114,1,REF_SKU_0114,LOC_SKU_0114,6,17,"[30.0, 35.3]",A3035,30.0,35.3
2566,12/11/2018,3780727,SKU_0004,3,REF_SKU_0004,LOC_SKU_0004,7,1,"[35.0, 8.1]",A3508,35.0,8.1
2567,12/11/2018,3780662,SKU_0120,4,REF_SKU_0120,LOC_SKU_0120,9,4,"[45.0, 13.3]",A4513,45.0,13.3
2568,12/11/2018,3780944,SKU_0014,1,REF_SKU_0014,LOC_SKU_0014,3,10,"[15.0, 22.5]",A1522,15.0,22.5
2569,12/11/2018,3780083,SKU_0201,4,REF_SKU_0201,LOC_SKU_0201,4,14,"[20.0, 31.1]",A2031,20.0,31.1
2570,12/11/2018,3780622,SKU_0251,2,REF_SKU_0251,LOC_SKU_0251,9,15,"[45.0, 31.8]",A4532,45.0,31.8
2571,12/11/2018,3780947,SKU_0001,3,REF_SKU_0001,LOC_SKU_0001,7,20,"[35.0, 40.9]",A3541,35.0,40.9
2572,12/11/2018,3780899,SKU_0001,2,REF_SKU_0001,LOC_SKU_0001,7,20,"[35.0, 40.9]",A3541,35.0,40.9
2573,12/11/2018,3780426,SKU_0002,5,REF_SKU_0002,LOC_SKU_0002,8,15,"[40.0, 32.1]",A4032,40.0,32.1
2574,12/11/2018,3780275,SKU_0031,3,REF_SKU_0031,LOC_SKU_0031,4,15,"[20.0, 32.1]",A2032,20.0,32.1
2575,12/11/2018,3780713,SKU_0179,2,REF_SKU_0179,LOC_SKU_0179,2,6,"[10.0, 16.2]",A1016,10.0,16.2
2576,12/11/2018,3780284,SKU_0007,3,REF_SKU_0007,LOC_SKU_0007,6,1,"[30.0, 8.0]",A3008,30.0,8.0
2577,12/11/2018,3780980,SKU_0020,1,REF_SKU_0020,LOC_SKU_0020,2,10,"[10.0, 22.7]",A1023,10.0,22.7
2578,12/11/2018,3780173,SKU_0001,3,REF_SKU_0001,LOC_SKU_0001,7,20,"[35.0, 40.9]",A3541,35.0,40.9
2579,12/11/2018,3780327,SKU_0088,3,REF_SKU_0088,LOC_SKU_0088,8,6,"[40.0, 16.1]",A4016,40.0,16.1
2580,12/11/2018,3780718,SKU_0366,1,REF_SKU_0366,LOC_SKU_0366,2,2,"[10.0, 9.4]",A1009,10.0,9.4
2581,12/11/2018,3780063,SKU_0002,2,REF_SKU_0002,LOC_SKU_0002,8,15,"[40.0, 32.1]",A4032,40.0,32.1
2582,12/11/2018,3780073,SKU_0009,3,REF_SKU_0009,LOC_SKU_0009,6,0,"[30.0, 5.5]",A3006,30.0,5.5
2583,12/11/2018,3780763,SKU_0001,4,REF_SKU_0001,LOC_SKU_0001,7,20,"[35.0, 40.9]",A3541,35.0,40.9
2584,12/11/2018,3780636,SKU_0014,3,REF_SKU_0014,LOC_SKU_0014,3,10,"[15.0, 22.5]",A1522,15.0,22.5
2585,12/11/2018,3780375,SKU_0010,2,REF_SKU_0010,LOC_SKU_0010,5,15,"[25.0, 33.0]",A2533,25.0,33.0
2586,12/11/2018,3780633,SKU_0001,1,REF_SKU_0001,LOC_SKU_0001,7,20,"[35.0, 40.9]",A3541,35.0,40.9
2587,12/11/2018,3780508,SKU_0007,2,REF_SKU_0007,LOC_SKU_0007,6,1,"[30.0, 8.0]",A3008,30.0,8.0
2588,12/11/2018,3780787,SKU_0003,5,REF_SKU_0003,LOC_SKU_0003,7,11,"[35.0, 25.3]",A3525,35.0,25.3
2589,12/11/2018,3780943,SKU_0011,3,REF_SKU_0011,LOC_SKU_0011,10,13,"[50.0, 28.9]",A5029,50.0,28.9
2590,12/11/2018,3780398,SKU_0017,3,REF_SKU_0017,LOC_SKU_0017,7,4,"[35.0, 13.1]",A3513,35.0,13.1
2591,12/11/2018,3780120,SKU_0001,1,REF_SKU_0001,LOC_SKU_0001,7,20,"[35.0, 40.9]",A3541,35.0,40.9
2592,12/11/2018,3780934,SKU_0062,3,REF_SKU_0062,LOC_SKU_0062,6,22,"[30.0, 44.7]",A3045,30.0,44.7
2593,12/11/2018,3780437,SKU_0043,4,REF_SKU_0043,LOC_SKU_0043,5,23,"[25.0, 46.7]",A2547,25.0,46.7
2594,12/11/2018,3780829,SKU_0004,4,REF_SKU_0004,LOC_SKU_0004,7,1,"[35.0, 8.1]",A3508,35.0,8.1
2595,12/11/2018,3780676,SKU_0001,2,REF_SKU_0001,LOC_SKU_0001,7,20,"[35.0, 40.9]",A3541,35.0,40.9
2596,12/11/2018,3780936,SKU_0059,1,REF_SKU_0059,LOC_SKU_0059,7,15,"[35.0, 32.4]",A3532,35.0,32.4
2597,12/11/2018,3780465,SKU_0327,5,REF_SKU_0327,LOC_SKU_0327,1,12,"[5.0, 27.4]",A0527,5.0,27.4
2598,12/11/2018,3780286,SKU_0002,2,REF_SKU_0002,LOC_SKU_0002,8,15,"[40.0, 32.1]",A4032,40.0,32.1
2599,12/11/2018,3780265,SKU_0003,1,REF_SKU_0003,LOC_SKU_0003,7,11,"[35.0, 25.3]",A3525,35.0,25.3
2600,12/11/2018,3780320,SKU_0001,1,REF_SKU_0001,LOC_SKU_0001,7,20,"[35.0, 40.9]",A3541,35.0,40.9
2601,12/11/2018,3780673,SKU_0016,2,REF_SKU_0016,LOC_SKU_0016,3,22,"[15.0, 43.8]",A1544,15.0,43.8
2602,12/11/2018,3780376,SKU_0001,2,REF_SKU_0001,LOC_SKU_0001,7,20,"[35.0, 40.9]",A3541,35.0,40.9
2603,12/11/2018,3780820,SKU_0004,3,REF_SKU_0004,LOC_SKU_0004,7,1,"[35.0, 8.1]",A3508,35.0,8.1
2604,12/11/2018,3780089,SKU_0038,5,REF_SKU_0038,LOC_SKU_0038,1,0,"[5.0, 6.2]",A0506,5.0,6.2
2605,12/11/2018,3780654,SKU_0014,4,REF_SKU_0014,LOC_SKU_0014,3,10,"[15.0, 22.5]",A1522,15.0,22.5
2606,12/11/2018,3780203,SKU_0005,3,REF_SKU_0005,LOC_SKU_0005,8,8,"[40.0, 20.4]",A4020,40.0,20.4
2607,12/11/2018,3780821,SKU_0006,1,REF_SKU_0006,LOC_SKU_0006,8,18,"[40.0, 37.0]",A4037,40.0,37.0
2608,12/11/2018,3780739,SKU_0014,5,REF_SKU_0014,LOC_SKU_0014,3,10,"[15.0, 22.5]",A1522,15.0,22.5
2609,12/11/2018,3780955,SKU_0001,5,REF_SKU_0001,LOC_SKU_0001,7,20,"[35.0, 40.9]",A3541,35.0,40.9
2610,12/11/2018,3780334,SKU_0001,2,REF_SKU_0001,LOC_SKU_0001,7,20,"[35.0, 40.9]",A3541,35.0,40.9
2611,12/11/2018,3780222,SKU_0168,5,REF_SKU_0168,LOC_SKU_0168,4,10,"[20.0, 23.8]",A2024,20.0,23.8
2612,12/11/2018,3780041,SKU_0001,5,REF_SKU_0001,LOC_SKU_0001,7,20,"[35.0, 40.9]",A3541,35.0,40.9
2613,12/11/2018,3780708,SKU_0041,1,REF_SKU_0041,LOC_SKU_0041,3,18,"[15.0, 37.0]",A1537,15.0,37.0
2614,12/11/2018,3780068,SKU_0237,3,REF_SKU_0237,LOC_SKU_0237,10,24,"[50.0, 48.9]",A5049,50.0,48.9
2615,12/11/2018,3780988,SKU_0002,5,REF_SKU_0002,LOC_SKU_0002,8,15,"[40.0, 32.1]",A4032,40.0,32.1
2616,12/11/2018,3780776,SKU_0004,2,REF_SKU_0004,LOC_SKU_0004,7,1,"[35.0, 8.1]",A3508,35.0,8.1
2617,12/11/2018,3780514,SKU_0015,3,REF_SKU_0015,LOC_SKU_0015,4,15,"[20.0, 31.9]",A2032,20.0,31.9
2618,12/11/2018,3780873,SKU_0169,2,REF_SKU_0169,LOC_SKU_0169,3,16,"[15.0, 33.9]",A1534,15.0,33.9
2619,12/11/2018,3780637,SKU_0289,5,REF_SKU_0289,LOC_SKU_0289,2,14,"[10.0, 30.0]",A1030,10.0,30.0
2620,12/11/2018,3780622,SKU_0053,3,REF_SKU_0053,LOC_SKU_0053,10,6,"[50.0, 16.0]",A5016,50.0,16.0
2621,12/11/2018,3780598,SKU_0001,5,REF_SKU_0001,LOC_SKU_0001,7,20,"[35.0, 40.9]",A3541,35.0,40.9
2622,12/11/2018,3780937,SKU_0031,1,REF_SKU_0031,LOC_SKU_0031,4,15,"[20.0, 32.1]",A2032,20.0,32.1
2623,12/11/2018,3780632,SKU_0005,3,REF_SKU_0005,LOC_SKU_0005,8,8,"[40.0, 20.4]",A4020,40.0,20.4
2624,12/11/2018,3780127,SKU_0008,2,REF_SKU_0008,LOC_SKU_0008,8,21,"[40.0, 42.5]",A4042,40.0,42.5
2625,12/11/2018,3780255,SKU_0001,1,REF_SKU_0001,LOC_SKU_0001,7,20,"[35.0, 40.9]",A3541,35.0,40.9
2626,12/11/2018,3780695,SKU_0001,4,REF_SKU_0001,LOC_SKU_0001,7,20,"[35.0, 40.9]",A3541,35.0,40.9
2627,12/11/2018,3780016,SKU_0079,2,REF_SKU_0079,LOC_SKU_0079,7,12,"[35.0, 27.6]",A3528,35.0,27.6
2628,12/11/2018,3780477,SKU_0007,5,REF_SKU_0007,LOC_SKU_0007,6,1,"[30.0, 8.0]",A3008,30.0,8.0
2629,12/11/2018,3780062,SKU_0003,2,REF_SKU_0003,LOC_SKU_0003,7,11,"[35.0, 25.3]",A3525,35.0,25.3
2630,12/11/2018,3780881,SKU_0005,4,REF_SKU_0005,LOC_SKU_0005,8,8,"[40.0, 20.4]",A4020,40.0,20.4
2631,12/11/2018,3780432,SKU_0133,2,REF_SKU_0133,LOC_SKU_0133,3,14,"[15.0, 31.0]",A1531,15.0,31.0
2632,12/11/2018,3780670,SKU_0057,1,REF_SKU_0057,LOC_SKU_0057,7,12,"[35.0, 26.7]",A3527,35.0,26.7
2633,12/11/2018,3780268,SKU_0002,2,REF_SKU_0002,LOC_SKU_0002,8,15,"[40.0, 32.1]",A4032,40.0,32.1
2634,12/11/2018,3780035,SKU_0001,3,REF_SKU_0001,LOC_SKU_0001,7,20,"[35.0, 40.9]",A3541,35.0,40.9
2635,12/11/2018,3780779,SKU_0002,4,REF_SKU_0002,LOC_SKU_0002,8,15,"[40.0, 32.1]",A4032,40.0,32.1
2636,12/11/2018,3780576,SKU_0239,2,REF_SKU_0239,LOC_SKU_0239,7,14,"[35.0, 29.8]",A3530,35.0,29.8
2637,12/11/2018,3780494,SKU_0017,4,REF_SKU_0017,LOC_SKU_0017,7,4,"[35.0, 13.1]",A3513,35.0,13.1
2638,12/11/2018,3780562,SKU_0012,1,REF_SKU_0012,LOC_SKU_0012,9,7,"[45.0, 18.5]",A4518,45.0,18.5
2639,12/11/2018,3780469,SKU_0018,3,REF_SKU_0018,LOC_SKU_0018,7,0,"[35.0, 6.1]",A3506,35.0,6.1
2640,12/11/2018,3780767,SKU_0004,5,REF_SKU_0004,LOC_SKU_0004,7,1,"[35.0, 8.1]",A3508,35.0,8.1
2641,12/11/2018,3780661,SKU_0090,2,REF_SKU_0090,LOC_SKU_0090,4,25,"[20.0, 49.3]",A2049,20.0,49.3
2642,12/11/2018,3780325,SKU_0011,1,REF_SKU_0011,LOC_SKU_0011,10,13,"[50.0, 28.9]",A5029,50.0,28.9
2643,12/11/2018,3780304,SKU_0001,4,REF_SKU_0001,LOC_SKU_0001,7,20,"[35.0, 40.9]",A3541,35.0,40.9
2644,12/11/2018,3780276,SKU_0001,4,REF_SKU_0001,LOC_SKU_0001,7,20,"[35.0, 40.9]",A3541,35.0,40.9
2645,12/11/2018,3780869,SKU_0012,1,REF_SKU_0012,LOC_SKU_0012,9,7,"[45.0, 18.5]",A4518,45.0,18.5
2646,12/11/2018,3780963,SKU_0275,2,REF_SKU_0275,LOC_SKU_0275,10,24,"[50.0, 47.8]",A5048,50.0,47.8
2647,12/11/2018,3780684,SKU_0003,5,REF_SKU_0003,LOC_SKU_0003,7,11,"[35.0, 25.3]",A3525,35.0,25.3
2648,12/11/2018,3780929,SKU_0152,2,REF_SKU_0152,LOC_SKU_0152,2,22,"[10.0, 44.1]",A1044,10.0,44.1
2649,12/11/2018,3780201,SKU_0064,3,REF_SKU_0064,LOC_SKU_0064,9,3,"[45.0, 10.2]",A4510,45.0,10.2
2650,12/11/2018,3780445,SKU_0002,2,REF_SKU_0002,LOC_SKU_0002,8,15,"[40.0, 32.1]",A4032,40.0,32.1
2651,12/11/2018,3780905,SKU_0001,3,REF_SKU_0001,LOC_SKU_0001,7,20,"[35.0, 40.9]",A3541,35.0,40.9
2652,12/11/2018,3780324,SKU_0001,4,REF_SKU_0001,LOC_SKU_0001,7,20,"[35.0, 40.9]",A3541,35.0,40.9
2653,12/11/2018,3780035,SKU_0048,3,REF_SKU_0048,LOC_SKU_0048,8,17,"[40.0, 35.1]",A4035,40.0,35.1
2654,12/11/2018,3780977,SKU_0002,5,REF_SKU_0002,LOC_SKU_0002,8,15,"[40.0, 32.1]",A4032,40.0,32.1
2655,12/11/2018,3780482,SKU_0004,1,REF_SKU_0004,LOC_SKU_0004,7,1,"[35.0, 8.1]",A3508,35.0,8.1
2656,12/11/2018,3780728,SKU_0010,3,REF_SKU_0010,LOC_SKU_0010,5,15,"[25.0, 33.0]",A2533,25.0,33.0
2657,12/11/2018,3780480,SKU_0047,2,REF_SKU_0047,LOC_SKU_0047,7,8,"[35.0, 19.3]",A3519,35.0,19.3
2658,12/11/2018,3780065,SKU_0001,3,REF_SKU_0001,LOC_SKU_0001,7,20,"[35.0, 40.9]",A3541,35.0,40.9
2659,12/11/2018,3780008,SKU_0005,4,REF_SKU_0005,LOC_SKU_0005,8,8,"[40.0, 20.4]",A4020,40.0,20.4
2660,12/11/2018,3780301,SKU_0009,3,REF_SKU_0009,LOC_SKU_0009,6,0,"[30.0, 5.5]",A3006,30.0,5.5
2661,12/11/2018,3780343,SKU_0013,5,REF_SKU_0013,LOC_SKU_0013,10,1,"[50.0, 7.6]",A5008,50.0,7.6
2662,12/11/2018,3780431,SKU_0099,3,REF_SKU_0099,LOC_SKU_0099,8,10,"[40.0, 22.7]",A4023,40.0,22.7
2663,12/11/2018,3780424,SKU_0001,5,REF_SKU_0001,LOC_SKU_0001,7,20,"[35.0, 40.9]",A3541,35.0,40.9
2664,12/11/2018,3780332,SKU_0090,2,REF_SKU_0090,LOC_SKU_0090,4,25,"[20.0, 49.3]",A2049,20.0,49.3
2665,12/11/2018,3780438,SKU_0037,4,REF_SKU_0037,LOC_SKU_0037,9,7,"[45.0, 18.7]",A4519,45.0,18.7
2666,12/11/2018,3780588,SKU_0014,1,REF_SKU_0014,LOC_SKU_0014,3,10,"[15.0, 22.5]",A1522,15.0,22.5
2667,12/11/2018,3780174,SKU_0039,2,REF_SKU_0039,LOC_SKU_0039,9,19,"[45.0, 39.9]",A4540,45.0,39.9
2668,12/11/2018,3780559,SKU_0005,2,REF_SKU_0005,LOC_SKU_0005,8,8,"[40.0, 20.4]",A4020,40.0,20.4
2669,12/11/2018,3780527,SKU_0001,1,REF_SKU_0001,LOC_SKU_0001,7,20,"[35.0, 40.9]",A3541,35.0,40.9
2670,12/11/2018,3780873,SKU_0030,3,REF_SKU_0030,LOC_SKU_0030,2,10,"[10.0, 23.1]",A1023,10.0,23.1
2671,12/11/2018,3780659,SKU_0011,3,REF_SKU_0011,LOC_SKU_0011,10,13,"[50.0, 28.9]",A5029,50.0,28.9
2672,12/11/2018,3780026,SKU_0025,3,REF_SKU_0025,LOC_SKU_0025,1,6,"[5.0, 17.0]",A0517,5.0,17.0
2673,12/11/2018,3780820,SKU_0003,4,REF_SKU_0003,LOC_SKU_0003,7,11,"[35.0, 25.3]",A3525,35.0,25.3
2674,12/11/2018,3780605,SKU_0211,2,REF_SKU_0211,LOC_SKU_0211,2,7,"[10.0, 17.1]",A1017,10.0,17.1
2675,12/11/2018,3780406,SKU_0017,5,REF_SKU_0017,LOC_SKU_0017,7,4,"[35.0, 13.1]",A3513,35.0,13.1
2676,12/11/2018,3780232,SKU_0001,1,REF_SKU_0001,LOC_SKU_0001,7,20,"[35.0, 40.9]",A3541,35.0,40.9
2677,12/11/2018,3780533,SKU_0007,2,REF_SKU_0007,LOC_SKU_0007,6,1,"[30.0, 8.0]",A3008,30.0,8.0
2678,12/11/2018,3780819,SKU_0060,3,REF_SKU_0060,LOC_SKU_0060,4,24,"[20.0, 47.5]",A2048,20.0,47.5
2679,12/11/2018,3780550,SKU_0081,1,REF_SKU_0081,LOC_SKU_0081,8,1,"[40.0, 7.1]",A4007,40.0,7.1
2680,12/11/2018,3780788,SKU_0009,5,REF_SKU_0009,LOC_SKU_0009,6,0,"[30.0, 5.5]",A3006,30.0,5.5
2681,12/11/2018,3780505,SKU_0189,2,REF_SKU_0189,LOC_SKU_0189,4,4,"[20.0, 13.3]",A2013,20.0,13.3
2682,12/11/2018,3780669,SKU_0002,2,REF_SKU_0002,LOC_SKU_0002,8,15,"[40.0, 32.1]",A4032,40.0,32.1
2683,12/11/2018,3780179,SKU_0005,4,REF_SKU_0005,LOC_SKU_0005,8,8,"[40.0, 20.4]",A4020,40.0,20.4
2684,12/11/2018,3780132,SKU_0196,2,REF_SKU_0196,LOC_SKU_0196,10,16,"[50.0, 33.4]",A5033,50.0,33.4
2685,12/11/2018,3780823,SKU_0192,2,REF_SKU_0192,LOC_SKU_0192,1,12,"[5.0, 26.2]",A0526,5.0,26.2
2686,12/11/2018,3780455,SKU_0035,5,REF_SKU_0035,LOC_SKU_0035,2,13,"[10.0, 29.5]",A1030,10.0,29.5
2687,12/11/2018,3780348,SKU_0139,5,REF_SKU_0139,LOC_SKU_0139,4,7,"[20.0, 18.6]",A2019,20.0,18.6
2688,12/11/2018,3780540,SKU_0001,1,REF_SKU_0001,LOC_SKU_0001,7,20,"[35.0, 40.9]",A3541,35.0,40.9
2689,12/11/2018,3780772,SKU_0146,3,REF_SKU_0146,LOC_SKU_0146,6,9,"[30.0, 21.5]",A3022,30.0,21.5
2690,12/11/2018,3780406,SKU_0003,5,REF_SKU_0003,LOC_SKU_0003,7,11,"[35.0, 25.3]",A3525,35.0,25.3
2691,12/11/2018,3780076,SKU_0001,1,REF_SKU_0001,LOC_SKU_0001,7,20,"[35.0, 40.9]",A3541,35.0,40.9
2692,12/11/2018,3780941,SKU_0002,2,REF_SKU_0002,LOC_SKU_0002,8,15,"[40.0, 32.1]",A4032,40.0,32.1
2693,12/11/2018,3780579,SKU_0006,1,REF_SKU_0006,LOC_SKU_0006,8,18,"[40.0, 37.0]",A4037,40.0,37.0
2694,12/11/2018,3780854,SKU_0002,1,REF_SKU_0002,LOC_SKU_0002,8,15,"[40.0, 32.1]",A4032,40.0,32.1
2695,12/11/2018,3780492,SKU_0003,1,REF_SKU_0003,LOC_SKU_0003,7,11,"[35.0, 25.3]",A3525,35.0,25.3
2696,12/11/2018,3780194,SKU_0001,1,REF_SKU_0001,LOC_SKU_0001,7,20,"[35.0, 40.9]",A3541,35.0,40.9
2697,12/11/2018,3780984,SKU_0003,5,REF_SKU_0003,LOC_SKU_0003,7,11,"[35.0, 25.3]",A3525,35.0,25.3
2698,12/11/2018,3780162,SKU_0016,3,REF_SKU_0016,LOC_SKU_0016,3,22,"[15.0, 43.8]",A1544,15.0,43.8
2699,12/11/2018,3780347,SKU_0007,1,REF_SKU_0007,LOC_SKU_0007,6,1,"[30.0, 8.0]",A3008,30.0,8.0
2700,12/11/2018,3780951,SKU_0004,4,REF_SKU_0004,LOC_SKU_0004,7,1,"[35.0, 8.1]",A3508,35.0,8.1
2701,12/11/2018,3780361,SKU_0055,2,REF_SKU_0055,LOC_SKU_0055,10,1,"[50.0, 6.6]",A5007,50.0,6.6
2702,12/11/2018,3780769,SKU_0187,2,REF_SKU_0187,LOC_SKU_0187,5,3,"[25.0, 10.8]",A2511,25.0,10.8
2703,12/11/2018,3780584,SKU_0060,2,REF_SKU_0060,LOC_SKU_0060,4,24,"[20.0, 47.5]",A2048,20.0,47.5
2704,12/11/2018,3780087,SKU_0003,2,REF_SKU_0003,LOC_SKU_0003,7,11,"[35.0, 25.3]",A3525,35.0,25.3
2705,12/11/2018,3780934,SKU_0055,2,REF_SKU_0055,LOC_SKU_0055,10,1,"[50.0, 6.6]",A5007,50.0,6.6
2706,12/11/2018,3780262,SKU_0001,1,REF_SKU_0001,LOC_SKU_0001,7,20,"[35.0, 40.9]",A3541,35.0,40.9
2707,12/11/2018,3780214,SKU_0001,3,REF_SKU_0001,LOC_SKU_0001,7,20,"[35.0, 40.9]",A3541,35.0,40.9
2708,12/11/2018,3780665,SKU_0004,4,REF_SKU_0004,LOC_SKU_0004,7,1,"[35.0, 8.1]",A3508,35.0,8.1
2709,12/11/2018,3780722,SKU_0090,5,REF_SKU_0090,LOC_SKU_0090,4,25,"[20.0, 49.3]",A2049,20.0,49.3
2710,12/11/2018,3780913,SKU_0002,4,REF_SKU_0002,LOC_SKU_0002,8,15,"[40.0, 32.1]",A4032,40.0,32.1
2711,12/11/2018,3780573,SKU_0001,5,REF_SKU_0001,LOC_SKU_0001,7,20,"[35.0, 40.9]",A3541,35.0,40.9
2712,12/11/2018,3780780,SKU_0001,5,REF_SKU_0001,LOC_SKU_0001,7,20,"[35.0, 40.9]",A3541,35.0,40.9
2713,12/11/2018,3780262,SKU_0138,4,REF_SKU_0138,LOC_SKU_0138,3,24,"[15.0, 49.1]",A1549,15.0,49.1
2714,12/11/2018,3780730,SKU_0024,1,REF_SKU_0024,LOC_SKU_0024,8,1,"[40.0, 7.0]",A4007,40.0,7.0
2715,12/11/2018,3780283,SKU_0002,2,REF_SKU_0002,LOC_SKU_0002,8,15,"[40.0, 32.1]",A4032,40.0,32.1
2716,12/11/2018,3780648,SKU_0014,1,REF_SKU_0014,LOC_SKU_0014,3,10,"[15.0, 22.5]",A1522,15.0,22.5
2717,12/11/2018,3780467,SKU_0011,2,REF_SKU_0011,LOC_SKU_0011,10,13,"[50.0, 28.9]",A5029,50.0,28.9
2718,12/11/2018,3780380,SKU_0028,3,REF_SKU_0028,LOC_SKU_0028,4,5,"[20.0, 13.7]",A2014,20.0,13.7
2719,12/11/2018,3780362,SKU_0002,5,REF_SKU_0002,LOC_SKU_0002,8,15,"[40.0, 32.1]",A4032,40.0,32.1
2720,12/11/2018,3780449,SKU_0145,4,REF_SKU_0145,LOC_SKU_0145,2,15,"[10.0, 32.9]",A1033,10.0,32.9
2721,12/11/2018,3780441,SKU_0003,3,REF_SKU_0003,LOC_SKU_0003,7,11,"[35.0, 25.3]",A3525,35.0,25.3
2722,12/11/2018,3780093,SKU_0037,2,REF_SKU_0037,LOC_SKU_0037,9,7,"[45.0, 18.7]",A4519,45.0,18.7
2723,12/11/2018,3780621,SKU_0001,1,REF_SKU_0001,LOC_SKU_0001,7,20,"[35.0, 40.9]",A3541,35.0,40.9
2724,12/11/2018,3780753,SKU_0004,4,REF_SKU_0004,LOC_SKU_0004,7,1,"[35.0, 8.1]",A3508,35.0,8.1
2725,12/11/2018,3780867,SKU_0004,5,REF_SKU_0004,LOC_SKU_0004,7,1,"[35.0, 8.1]",A3508,35.0,8.1
2726,12/11/2018,3780424,SKU_0013,3,REF_SKU_0013,LOC_SKU_0013,10,1,"[50.0, 7.6]",A5008,50.0,7.6
2727,12/11/2018,3780142,SKU_0001,5,REF_SKU_0001,LOC_SKU_0001,7,20,"[35.0, 40.9]",A3541,35.0,40.9
2728,12/11/2018,3780291,SKU_0078,2,REF_SKU_0078,LOC_SKU_0078,10,24,"[50.0, 48.3]",A5048,50.0,48.3
2729,12/11/2018,3780432,SKU_0002,5,REF_SKU_0002,LOC_SKU_0002,8,15,"[40.0, 32.1]",A4032,40.0,32.1
2730,12/11/2018,3780749,SKU_0033,1,REF_SKU_0033,LOC_SKU_0033,9,24,"[45.0, 48.3]",A4548,45.0,48.3
2731,12/11/2018,3780852,SKU_0087,3,REF_SKU_0087,LOC_SKU_0087,7,17,"[35.0, 35.4]",A3535,35.0,35.4
2732,12/11/2018,3780824,SKU_0014,3,REF_SKU_0014,LOC_SKU_0014,3,10,"[15.0, 22.5]",A1522,15.0,22.5
2733,12/11/2018,3780689,SKU_0053,1,REF_SKU_0053,LOC_SKU_0053,10,6,"[50.0, 16.0]",A5016,50.0,16.0
2734,12/11/2018,3780653,SKU_0029,5,REF_SKU_0029,LOC_SKU_0029,2,19,"[10.0, 40.0]",A1040,10.0,40.0
2735,12/11/2018,3780701,SKU_0004,1,REF_SKU_0004,LOC_SKU_0004,7,1,"[35.0, 8.1]",A3508,35.0,8.1
2736,12/11/2018,3780998,SKU_0091,4,REF_SKU_0091,LOC_SKU_0091,6,13,"[30.0, 29.3]",A3029,30.0,29.3
2737,12/11/2018,3780049,SKU_0003,1,REF_SKU_0003,LOC_SKU_0003,7,11,"[35.0, 25.3]",A3525,35.0,25.3
2738,12/11/2018,3780302,SKU_0015,5,REF_SKU_0015,LOC_SKU_0015,4,15,"[20.0, 31.9]",A2032,20.0,31.9
2739,12/11/2018,3780881,SKU_0055,1,REF_SKU_0055,LOC_SKU_0055,10,1,"[50.0, 6.6]",A5007,50.0,6.6
2740,12/11/2018,3780190,SKU_0004,2,REF_SKU_0004,LOC_SKU_0004,7,1,"[35.0, 8.1]",A3508,35.0,8.1
2741,12/11/2018,3780136,SKU_0003,1,REF_SKU_0003,LOC_SKU_0003,7,11,"[35.0, 25.3]",A3525,35.0,25.3
2742,12/11/2018,3780555,SKU_0007,1,REF_SKU_0007,LOC_SKU_0007,6,1,"[30.0, 8.0]",A3008,30.0,8.0
2743,12/11/2018,3780404,SKU_0098,5,REF_SKU_0098,LOC_SKU_0098,4,24,"[20.0, 47.4]",A2047,20.0,47.4
2744,12/11/2018,3780892,SKU_0259,4,REF_SKU_0259,LOC_SKU_0259,8,3,"[40.0, 10.7]",A4011,40.0,10.7
2745,12/11/2018,3780865,SKU_0013,4,REF_SKU_0013,LOC_SKU_0013,10,1,"[50.0, 7.6]",A5008,50.0,7.6
2746,12/11/2018,3780602,SKU_0029,5,REF_SKU_0029,LOC_SKU_0029,2,19,"[10.0, 40.0]",A1040,10.0,40.0
2747,12/11/2018,3780807,SKU_0204,5,REF_SKU_0204,LOC_SKU_0204,3,21,"[15.0, 42.0]",A1542,15.0,42.0
2748,12/11/2018,3780341,SKU_0001,5,REF_SKU_0001,LOC_SKU_0001,7,20,"[35.0, 40.9]",A3541,35.0,40.9
2749,12/11/2018,3780757,SKU_0002,2,REF_SKU_0002,LOC_SKU_0002,8,15,"[40.0, 32.1]",A4032,40.0,32.1
2750,12/11/2018,3780945,SKU_0042,3,REF_SKU_0042,LOC_SKU_0042,3,20,"[15.0, 40.7]",A1541,15.0,40.7
2751,12/11/2018,3780704,SKU_0103,1,REF_SKU_0103,LOC_SKU_0103,10,6,"[50.0, 17.0]",A5017,50.0,17.0
2752,12/11/2018,3780318,SKU_0136,5,REF_SKU_0136,LOC_SKU_0136,9,24,"[45.0, 47.9]",A4548,45.0,47.9
2753,12/11/2018,3780618,SKU_0006,5,REF_SKU_0006,LOC_SKU_0006,8,18,"[40.0, 37.0]",A4037,40.0,37.0
2754,12/11/2018,3780363,SKU_0001,5,REF_SKU_0001,LOC_SKU_0001,7,20,"[35.0, 40.9]",A3541,35.0,40.9
2755,12/11/2018,3780822,SKU_0006,4,REF_SKU_0006,LOC_SKU_0006,8,18,"[40.0, 37.0]",A4037,40.0,37.0
2756,12/11/2018,3780382,SKU_0002,5,REF_SKU_0002,LOC_SKU_0002,8,15,"[40.0, 32.1]",A4032,40.0,32.1
2757,12/11/2018,3780233,SKU_0003,1,REF_SKU_0003,LOC_SKU_0003,7,11,"[35.0, 25.3]",A3525,35.0,25.3
2758,12/11/2018,3780777,SKU_0068,5,REF_SKU_0068,LOC_SKU_0068,1,7,"[5.0, 17.6]",A0518,5.0,17.6
2759,12/11/2018,3780344,SKU_0001,1,REF_SKU_0001,LOC_SKU_0001,7,20,"[35.0, 40.9]",A3541,35.0,40.9
2760,12/11/2018,3780549,SKU_0107,2,REF_SKU_0107,LOC_SKU_0107,5,23,"[25.0, 45.6]",A2546,25.0,45.6
2761,12/11/2018,3780817,SKU_0006,3,REF_SKU_0006,LOC_SKU_0006,8,18,"[40.0, 37.0]",A4037,40.0,37.0
2762,12/11/2018,3780553,SKU_0018,4,REF_SKU_0018,LOC_SKU_0018,7,0,"[35.0, 6.1]",A3506,35.0,6.1
2763,12/11/2018,3780529,SKU_0001,1,REF_SKU_0001,LOC_SKU_0001,7,20,"[35.0, 40.9]",A3541,35.0,40.9
2764,12/11/2018,3780856,SKU_0003,2,REF_SKU_0003,LOC_SKU_0003,7,11,"[35.0, 25.3]",A3525,35.0,25.3
2765,12/11/2018,3780789,SKU_0001,3,REF_SKU_0001,LOC_SKU_0001,7,20,"[35.0, 40.9]",A3541,35.0,40.9
2766,12/11/2018,3780819,SKU_0347,3,REF_SKU_0347,LOC_SKU_0347,8,22,"[40.0, 44.4]",A4044,40.0,44.4
2767,12/11/2018,3780571,SKU_0090,3,REF_SKU_0090,LOC_SKU_0090,4,25,"[20.0, 49.3]",A2049,20.0,49.3
2768,12/11/2018,3780935,SKU_0007,1,REF_SKU_0007,LOC_SKU_0007,6,1,"[30.0, 8.0]",A3008,30.0,8.0
2769,12/11/2018,3780183,SKU_0002,2,REF_SKU_0002,LOC_SKU_0002,8,15,"[40.0, 32.1]",A4032,40.0,32.1
2770,12/11/2018,3780041,SKU_0268,5,REF_SKU_0268,LOC_SKU_0268,5,6,"[25.0, 16.8]",A2517,25.0,16.8
2771,12/11/2018,3780551,SKU_0004,2,REF_SKU_0004,LOC_SKU_0004,7,1,"[35.0, 8.1]",A3508,35.0,8.1
2772,12/11/2018,3780397,SKU_0001,2,REF_SKU_0001,LOC_SKU_0001,7,20,"[35.0, 40.9]",A3541,35.0,40.9
2773,12/11/2018,3780704,SKU_0015,2,REF_SKU_0015,LOC_SKU_0015,4,15,"[20.0, 31.9]",A2032,20.0,31.9
2774,12/11/2018,3780779,SKU_0294,1,REF_SKU_0294,LOC_SKU_0294,10,9,"[50.0, 22.4]",A5022,50.0,22.4
2775,12/11/2018,3780494,SKU_0001,1,REF_SKU_0001,LOC_SKU_0001,7,20,"[35.0, 40.9]",A3541,35.0,40.9
2776,12/11/2018,3780659,SKU_0002,1,REF_SKU_0002,LOC_SKU_0002,8,15,"[40.0, 32.1]",A4032,40.0,32.1
2777,12/11/2018,3780907,SKU_0280,2,REF_SKU_0280,LOC_SKU_0280,10,6,"[50.0, 15.7]",A5016,50.0,15.7
2778,12/11/2018,3780333,SKU_0001,1,REF_SKU_0001,LOC_SKU_0001,7,20,"[35.0, 40.9]",A3541,35.0,40.9
2779,12/11/2018,3780127,SKU_0001,3,REF_SKU_0001,LOC_SKU_0001,7,20,"[35.0, 40.9]",A3541,35.0,40.9
2780,12/11/2018,3780558,SKU_0015,1,REF_SKU_0015,LOC_SKU_0015,4,15,"[20.0, 31.9]",A2032,20.0,31.9
2781,12/11/2018,3780557,SKU_0142,4,REF_SKU_0142,LOC_SKU_0142,2,14,"[10.0, 30.3]",A1030,10.0,30.3
2782,12/11/2018,3780001,SKU_0008,1,REF_SKU_0008,LOC_SKU_0008,8,21,"[40.0, 42.5]",A4042,40.0,42.5
2783,12/11/2018,3780168,SKU_0475,1,REF_SKU_0475,LOC_SKU_0475,2,17,"[10.0, 35.0]",A1035,10.0,35.0
2784,12/11/2018,3780620,SKU_0033,1,REF_SKU_0033,LOC_SKU_0033,9,24,"[45.0, 48.3]",A4548,45.0,48.3
2785,12/11/2018,3780019,SKU_0001,1,REF_SKU_0001,LOC_SKU_0001,7,20,"[35.0, 40.9]",A3541,35.0,40.9
2786,12/11/2018,3780332,SKU_0467,4,REF_SKU_0467,LOC_SKU_0467,6,9,"[30.0, 20.9]",A3021,30.0,20.9
2787,12/11/2018,3780584,SKU_0005,5,REF_SKU_0005,LOC_SKU_0005,8,8,"[40.0, 20.4]",A4020,40.0,20.4
2788,12/11/2018,3780456,SKU_0003,1,REF_SKU_0003,LOC_SKU_0003,7,11,"[35.0, 25.3]",A3525,35.0,25.3
2789,12/11/2018,3780957,SKU_0014,3,REF_SKU_0014,LOC_SKU_0014,3,10,"[15.0, 22.5]",A1522,15.0,22.5
2790,12/11/2018,3780109,SKU_0003,4,REF_SKU_0003,LOC_SKU_0003,7,11,"[35.0, 25.3]",A3525,35.0,25.3
2791,12/11/2018,3780268,SKU_0001,5,REF_SKU_0001,LOC_SKU_0001,7,20,"[35.0, 40.9]",A3541,35.0,40.9
2792,12/11/2018,3780445,SKU_0001,1,REF_SKU_0001,LOC_SKU_0001,7,20,"[35.0, 40.9]",A3541,35.0,40.9
2793,12/11/2018,3780240,SKU_0007,5,REF_SKU_0007,LOC_SKU_0007,6,1,"[30.0, 8.0]",A3008,30.0,8.0
2794,12/11/2018,3780929,SKU_0115,3,REF_SKU_0115,LOC_SKU_0115,3,9,"[15.0, 22.1]",A1522,15.0,22.1
2795,12/11/2018,3780301,SKU_0016,4,REF_SKU_0016,LOC_SKU_0016,3,22,"[15.0, 43.8]",A1544,15.0,43.8
2796,12/11/2018,3780602,SKU_0497,4,REF_SKU_0497,LOC_SKU_0497,7,17,"[35.0, 35.4]",A3535,35.0,35.4
2797,12/11/2018,3780103,SKU_0003,5,REF_SKU_0003,LOC_SKU_0003,7,11,"[35.0, 25.3]",A3525,35.0,25.3
2798,12/11/2018,3780988,SKU_0002,1,REF_SKU_0002,LOC_SKU_0002,8,15,"[40.0, 32.1]",A4032,40.0,32.1
2799,12/11/2018,3780250,SKU_0001,2,REF_SKU_0001,LOC_SKU_0001,7,20,"[35.0, 40.9]",A3541,35.0,40.9
2800,12/11/2018,3780453,SKU_0001,4,REF_SKU_0001,LOC_SKU_0001,7,20,"[35.0, 40.9]",A3541,35.0,40.9
2801,12/11/2018,3780520,SKU_0003,2,REF_SKU_0003,LOC_SKU_0003,7,11,"[35.0, 25.3]",A3525,35.0,25.3
2802,12/11/2018,3780153,SKU_0080,4,REF_SKU_0080,LOC_SKU_0080,1,4,"[5.0, 12.1]",A0512,5.0,12.1
2803,12/11/2018,3780859,SKU_0209,1,REF_SKU_0209,LOC_SKU_0209,1,16,"[5.0, 34.7]",A0535,5.0,34.7
2804,12/11/2018,3780174,SKU_0394,1,REF_SKU_0394,LOC_SKU_0394,3,1,"[15.0, 7.8]",A1508,15.0,7.8
2805,12/11/2018,3780343,SKU_0002,4,REF_SKU_0002,LOC_SKU_0002,8,15,"[40.0, 32.1]",A4032,40.0,32.1
2806,12/11/2018,3780670,SKU_0168,5,REF_SKU_0168,LOC_SKU_0168,4,10,"[20.0, 23.8]",A2024,20.0,23.8
2807,12/11/2018,3780431,SKU_0003,1,REF_SKU_0003,LOC_SKU_0003,7,11,"[35.0, 25.3]",A3525,35.0,25.3
2808,12/11/2018,3780727,SKU_0001,1,REF_SKU_0001,LOC_SKU_0001,7,20,"[35.0, 40.9]",A3541,35.0,40.9
2809,12/11/2018,3780689,SKU_0153,3,REF_SKU_0153,LOC_SKU_0153,10,0,"[50.0, 5.7]",A5006,50.0,5.7
2810,12/11/2018,3780687,SKU_0024,1,REF_SKU_0024,LOC_SKU_0024,8,1,"[40.0, 7.0]",A4007,40.0,7.0
2811,12/11/2018,3780852,SKU_0001,3,REF_SKU_0001,LOC_SKU_0001,7,20,"[35.0, 40.9]",A3541,35.0,40.9
2812,12/11/2018,3780850,SKU_0006,1,REF_SKU_0006,LOC_SKU_0006,8,18,"[40.0, 37.0]",A4037,40.0,37.0
2813,12/11/2018,3780658,SKU_0003,1,REF_SKU_0003,LOC_SKU_0003,7,11,"[35.0, 25.3]",A3525,35.0,25.3
2814,12/11/2018,3780962,SKU_0051,5,REF_SKU_0051,LOC_SKU_0051,5,24,"[25.0, 48.7]",A2549,25.0,48.7
2815,12/11/2018,3780324,SKU_0007,5,REF_SKU_0007,LOC_SKU_0007,6,1,"[30.0, 8.0]",A3008,30.0,8.0
2816,12/11/2018,3780990,SKU_0451,1,REF_SKU_0451,LOC_SKU_0451,8,16,"[40.0, 34.5]",A4034,40.0,34.5
2817,12/11/2018,3780673,SKU_0001,4,REF_SKU_0001,LOC_SKU_0001,7,20,"[35.0, 40.9]",A3541,35.0,40.9
2818,12/11/2018,3780639,SKU_0004,4,REF_SKU_0004,LOC_SKU_0004,7,1,"[35.0, 8.1]",A3508,35.0,8.1
2819,12/11/2018,3780420,SKU_0009,1,REF_SKU_0009,LOC_SKU_0009,6,0,"[30.0, 5.5]",A3006,30.0,5.5
2820,12/11/2018,3780594,SKU_0010,4,REF_SKU_0010,LOC_SKU_0010,5,15,"[25.0, 33.0]",A2533,25.0,33.0
2821,12/11/2018,3780485,SKU_0003,1,REF_SKU_0003,LOC_SKU_0003,7,11,"[35.0, 25.3]",A3525,35.0,25.3
2822,12/11/2018,3780659,SKU_0049,5,REF_SKU_0049,LOC_SKU_0049,8,7,"[40.0, 17.7]",A4018,40.0,17.7
2823,12/11/2018,3780751,SKU_0159,2,REF_SKU_0159,LOC_SKU_0159,3,12,"[15.0, 26.2]",A1526,15.0,26.2
2824,12/11/2018,3780412,SKU_0281,3,REF_SKU_0281,LOC_SKU_0281,5,24,"[25.0, 48.9]",A2549,25.0,48.9
2825,12/11/2018,3780936,SKU_0088,4,REF_SKU_0088,LOC_SKU_0088,8,6,"[40.0, 16.1]",A4016,40.0,16.1
2826,12/11/2018,3780084,SKU_0129,4,REF_SKU_0129,LOC_SKU_0129,3,22,"[15.0, 45.2]",A1545,15.0,45.2
2827,12/11/2018,3780113,SKU_0013,5,REF_SKU_0013,LOC_SKU_0013,10,1,"[50.0, 7.6]",A5008,50.0,7.6
2828,12/11/2018,3780737,SKU_0105,4,REF_SKU_0105,LOC_SKU_0105,4,13,"[20.0, 29.1]",A2029,20.0,29.1
2829,12/11/2018,3780332,SKU_0003,1,REF_SKU_0003,LOC_SKU_0003,7,11,"[35.0, 25.3]",A3525,35.0,25.3
2830,12/11/2018,3780378,SKU_0005,1,REF_SKU_0005,LOC_SKU_0005,8,8,"[40.0, 20.4]",A4020,40.0,20.4
2831,12/11/2018,3780755,SKU_0003,2,REF_SKU_0003,LOC_SKU_0003,7,11,"[35.0, 25.3]",A3525,35.0,25.3
2832,12/11/2018,3780655,SKU_0008,2,REF_SKU_0008,LOC_SKU_0008,8,21,"[40.0, 42.5]",A4042,40.0,42.5
2833,12/11/2018,3780041,SKU_0003,2,REF_SKU_0003,LOC_SKU_0003,7,11,"[35.0, 25.3]",A3525,35.0,25.3
2834,12/11/2018,3780935,SKU_0347,1,REF_SKU_0347,LOC_SKU_0347,8,22,"[40.0, 44.4]",A4044,40.0,44.4
2835,12/11/2018,3780770,SKU_0003,2,REF_SKU_0003,LOC_SKU_0003,7,11,"[35.0, 25.3]",A3525,35.0,25.3
2836,12/11/2018,3780959,SKU_0001,2,REF_SKU_0001,LOC_SKU_0001,7,20,"[35.0, 40.9]",A3541,35.0,40.9
2837,12/11/2018,3780797,SKU_0011,1,REF_SKU_0011,LOC_SKU_0011,10,13,"[50.0, 28.9]",A5029,50.0,28.9
2838,12/11/2018,3780105,SKU_0001,5,REF_SKU_0001,LOC_SKU_0001,7,20,"[35.0, 40.9]",A3541,35.0,40.9
2839,12/11/2018,3780202,SKU_0001,4,REF_SKU_0001,LOC_SKU_0001,7,20,"[35.0, 40.9]",A3541,35.0,40.9
2840,12/11/2018,3780450,SKU_0002,3,REF_SKU_0002,LOC_SKU_0002,8,15,"[40.0, 32.1]",A4032,40.0,32.1
2841,12/11/2018,3780819,SKU_0008,1,REF_SKU_0008,LOC_SKU_0008,8,21,"[40.0, 42.5]",A4042,40.0,42.5
2842,12/11/2018,3780843,SKU_0006,1,REF_SKU_0006,LOC_SKU_0006,8,18,"[40.0, 37.0]",A4037,40.0,37.0
2843,12/11/2018,3780973,SKU_0085,3,REF_SKU_0085,LOC_SKU_0085,2,13,"[10.0, 29.1]",A1029,10.0,29.1
2844,12/11/2018,3780266,SKU_0053,3,REF_SKU_0053,LOC_SKU_0053,10,6,"[50.0, 16.0]",A5016,50.0,16.0
2845,12/11/2018,3780910,SKU_0006,2,REF_SKU_0006,LOC_SKU_0006,8,18,"[40.0, 37.0]",A4037,40.0,37.0
2846,12/11/2018,3780210,SKU_0003,3,REF_SKU_0003,LOC_SKU_0003,7,11,"[35.0, 25.3]",A3525,35.0,25.3
2847,12/11/2018,3780563,SKU_0003,4,REF_SKU_0003,LOC_SKU_0003,7,11,"[35.0, 25.3]",A3525,35.0,25.3
2848,12/11/2018,3780118,SKU_0069,4,REF_SKU_0069,LOC_SKU_0069,9,20,"[45.0, 41.9]",A4542,45.0,41.9
2849,12/11/2018,3780713,SKU_0001,4,REF_SKU_0001,LOC_SKU_0001,7,20,"[35.0, 40.9]",A3541,35.0,40.9
2850,12/11/2018,3780377,SKU_0001,4,REF_SKU_0001,LOC_SKU_0001,7,20,"[35.0, 40.9]",A3541,35.0,40.9
2851,12/11/2018,3780551,SKU_0082,4,REF_SKU_0082,LOC_SKU_0082,1,24,"[5.0, 49.0]",A0549,5.0,49.0
2852,12/11/2018,3780540,SKU_0008,2,REF_SKU_0008,LOC_SKU_0008,8,21,"[40.0, 42.5]",A4042,40.0,42.5
2853,12/11/2018,3780771,SKU_0001,1,REF_SKU_0001,LOC_SKU_0001,7,20,"[35.0, 40.9]",A3541,35.0,40.9
2854,12/11/2018,3780084,SKU_0002,3,REF_SKU_0002,LOC_SKU_0002,8,15,"[40.0, 32.1]",A4032,40.0,32.1
2855,12/11/2018,3780454,SKU_0265,1,REF_SKU_0265,LOC_SKU_0265,6,20,"[30.0, 41.2]",A3041,30.0,41.2
2856,12/11/2018,3780667,SKU_0139,3,REF_SKU_0139,LOC_SKU_0139,4,7,"[20.0, 18.6]",A2019,20.0,18.6
2857,12/11/2018,3780629,SKU_0042,2,REF_SKU_0042,LOC_SKU_0042,3,20,"[15.0, 40.7]",A1541,15.0,40.7
2858,12/11/2018,3780514,SKU_0009,2,REF_SKU_0009,LOC_SKU_0009,6,0,"[30.0, 5.5]",A3006,30.0,5.5
2859,12/11/2018,3780605,SKU_0011,5,REF_SKU_0011,LOC_SKU_0011,10,13,"[50.0, 28.9]",A5029,50.0,28.9
2860,12/11/2018,3780678,SKU_0395,5,REF_SKU_0395,LOC_SKU_0395,2,11,"[10.0, 25.7]",A1026,10.0,25.7
2861,12/11/2018,3780387,SKU_0361,2,REF_SKU_0361,LOC_SKU_0361,1,5,"[5.0, 14.9]",A0515,5.0,14.9
2862,12/11/2018,3780912,SKU_0002,2,REF_SKU_0002,LOC_SKU_0002,8,15,"[40.0, 32.1]",A4032,40.0,32.1
2863,12/11/2018,3780350,SKU_0093,3,REF_SKU_0093,LOC_SKU_0093,6,17,"[30.0, 36.5]",A3036,30.0,36.5
2864,12/11/2018,3780296,SKU_0002,2,REF_SKU_0002,LOC_SKU_0002,8,15,"[40.0, 32.1]",A4032,40.0,32.1
2865,12/11/2018,3780258,SKU_0002,1,REF_SKU_0002,LOC_SKU_0002,8,15,"[40.0, 32.1]",A4032,40.0,32.1
2866,12/11/2018,3780081,SKU_0033,3,REF_SKU_0033,LOC_SKU_0033,9,24,"[45.0, 48.3]",A4548,45.0,48.3
2867,12/11/2018,3780937,SKU_0005,2,REF_SKU_0005,LOC_SKU_0005,8,8,"[40.0, 20.4]",A4020,40.0,20.4
2868,12/11/2018,3780268,SKU_0263,3,REF_SKU_0263,LOC_SKU_0263,1,2,"[5.0, 9.2]",A0509,5.0,9.2
2869,12/11/2018,3780419,SKU_0001,3,REF_SKU_0001,LOC_SKU_0001,7,20,"[35.0, 40.9]",A3541,35.0,40.9
2870,12/11/2018,3780235,SKU_0010,4,REF_SKU_0010,LOC_SKU_0010,5,15,"[25.0, 33.0]",A2533,25.0,33.0
2871,12/11/2018,3780833,SKU_0234,5,REF_SKU_0234,LOC_SKU_0234,5,19,"[25.0, 39.0]",A2539,25.0,39.0
2872,12/11/2018,3780311,SKU_0206,3,REF_SKU_0206,LOC_SKU_0206,8,23,"[40.0, 45.8]",A4046,40.0,45.8
2873,12/11/2018,3780813,SKU_0001,3,REF_SKU_0001,LOC_SKU_0001,7,20,"[35.0, 40.9]",A3541,35.0,40.9
2874,12/11/2018,3780975,SKU_0004,4,REF_SKU_0004,LOC_SKU_0004,7,1,"[35.0, 8.1]",A3508,35.0,8.1
2875,12/11/2018,3780986,SKU_0022,2,REF_SKU_0022,LOC_SKU_0022,4,6,"[20.0, 16.2]",A2016,20.0,16.2
2876,12/11/2018,3780357,SKU_0001,3,REF_SKU_0001,LOC_SKU_0001,7,20,"[35.0, 40.9]",A3541,35.0,40.9
2877,12/11/2018,3780213,SKU_0369,4,REF_SKU_0369,LOC_SKU_0369,3,9,"[15.0, 22.4]",A1522,15.0,22.4
2878,12/11/2018,3780574,SKU_0226,1,REF_SKU_0226,LOC_SKU_0226,4,21,"[20.0, 42.3]",A2042,20.0,42.3
2879,12/11/2018,3780049,SKU_0001,4,REF_SKU_0001,LOC_SKU_0001,7,20,"[35.0, 40.9]",A3541,35.0,40.9
2880,12/11/2018,3780127,SKU_0001,5,REF_SKU_0001,LOC_SKU_0001,7,20,"[35.0, 40.9]",A3541,35.0,40.9
2881,12/11/2018,3780223,SKU_0001,5,REF_SKU_0001,LOC_SKU_0001,7,20,"[35.0, 40.9]",A3541,35.0,40.9
2882,12/11/2018,3780921,SKU_0216,2,REF_SKU_0216,LOC_SKU_0216,4,4,"[20.0, 13.4]",A2013,20.0,13.4
2883,12/11/2018,3780279,SKU_0002,2,REF_SKU_0002,LOC_SKU_0002,8,15,"[40.0, 32.1]",A4032,40.0,32.1
2884,12/11/2018,3780408,SKU_0006,5,REF_SKU_0006,LOC_SKU_0006,8,18,"[40.0, 37.0]",A4037,40.0,37.0
2885,12/11/2018,3780505,SKU_0007,5,REF_SKU_0007,LOC_SKU_0007,6,1,"[30.0, 8.0]",A3008,30.0,8.0
2886,12/11/2018,3780294,SKU_0019,3,REF_SKU_0019,LOC_SKU_0019,9,24,"[45.0, 48.5]",A4548,45.0,48.5
2887,12/11/2018,3780796,SKU_0001,5,REF_SKU_0001,LOC_SKU_0001,7,20,"[35.0, 40.9]",A3541,35.0,40.9
2888,12/11/2018,3780277,SKU_0002,2,REF_SKU_0002,LOC_SKU_0002,8,15,"[40.0, 32.1]",A4032,40.0,32.1
2889,12/11/2018,3780438,SKU_0263,5,REF_SKU_0263,LOC_SKU_0263,1,2,"[5.0, 9.2]",A0509,5.0,9.2
2890,12/11/2018,3780107,SKU_0214,2,REF_SKU_0214,LOC_SKU_0214,8,18,"[40.0, 38.2]",A4038,40.0,38.2
2891,12/11/2018,3780658,SKU_0073,1,REF_SKU_0073,LOC_SKU_0073,1,3,"[5.0, 10.8]",A0511,5.0,10.8
2892,12/11/2018,3780420,SKU_0001,5,REF_SKU_0001,LOC_SKU_0001,7,20,"[35.0, 40.9]",A3541,35.0,40.9
2893,12/11/2018,3780611,SKU_0003,2,REF_SKU_0003,LOC_SKU_0003,7,11,"[35.0, 25.3]",A3525,35.0,25.3
2894,12/11/2018,3780429,SKU_0023,4,REF_SKU_0023,LOC_SKU_0023,7,15,"[35.0, 32.6]",A3533,35.0,32.6
2895,12/11/2018,3780375,SKU_0002,3,REF_SKU_0002,LOC_SKU_0002,8,15,"[40.0, 32.1]",A4032,40.0,32.1
2896,12/11/2018,3780073,SKU_0216,2,REF_SKU_0216,LOC_SKU_0216,4,4,"[20.0, 13.4]",A2013,20.0,13.4
2897,12/11/2018,3780949,SKU_0024,5,REF_SKU_0024,LOC_SKU_0024,8,1,"[40.0, 7.0]",A4007,40.0,7.0
2898,12/11/2018,3780998,SKU_0001,5,REF_SKU_0001,LOC_SKU_0001,7,20,"[35.0, 40.9]",A3541,35.0,40.9
2899,12/11/2018,3780634,SKU_0215,1,REF_SKU_0215,LOC_SKU_0215,5,24,"[25.0, 48.6]",A2549,25.0,48.6
2900,12/11/2018,3780030,SKU_0335,4,REF_SKU_0335,LOC_SKU_0335,8,10,"[40.0, 23.8]",A4024,40.0,23.8
2901,12/11/2018,3780188,SKU_0001,2,REF_SKU_0001,LOC_SKU_0001,7,20,"[35.0, 40.9]",A3541,35.0,40.9
2902,12/11/2018,3780364,SKU_0012,4,REF_SKU_0012,LOC_SKU_0012,9,7,"[45.0, 18.5]",A4518,45.0,18.5
2903,12/11/2018,3780866,SKU_0003,1,REF_SKU_0003,LOC_SKU_0003,7,11,"[35.0, 25.3]",A3525,35.0,25.3
2904,12/11/2018,3780800,SKU_0005,3,REF_SKU_0005,LOC_SKU_0005,8,8,"[40.0, 20.4]",A4020,40.0,20.4
2905,12/11/2018,3780451,SKU_0001,4,REF_SKU_0001,LOC_SKU_0001,7,20,"[35.0, 40.9]",A3541,35.0,40.9
2906,12/11/2018,3780195,SKU_0016,1,REF_SKU_0016,LOC_SKU_0016,3,22,"[15.0, 43.8]",A1544,15.0,43.8
2907,12/11/2018,3780156,SKU_0336,2,REF_SKU_0336,LOC_SKU_0336,3,13,"[15.0, 28.4]",A1528,15.0,28.4
2908,12/11/2018,3780172,SKU_0010,3,REF_SKU_0010,LOC_SKU_0010,5,15,"[25.0, 33.0]",A2533,25.0,33.0
2909,12/11/2018,3780847,SKU_0001,5,REF_SKU_0001,LOC_SKU_0001,7,20,"[35.0, 40.9]",A3541,35.0,40.9
2910,12/11/2018,3780041,SKU_0022,1,REF_SKU_0022,LOC_SKU_0022,4,6,"[20.0, 16.2]",A2016,20.0,16.2
2911,12/11/2018,3780063,SKU_0004,5,REF_SKU_0004,LOC_SKU_0004,7,1,"[35.0, 8.1]",A3508,35.0,8.1
2912,12/11/2018,3780023,SKU_0135,3,REF_SKU_0135,LOC_SKU_0135,5,22,"[25.0, 44.8]",A2545,25.0,44.8
2913,12/11/2018,3780360,SKU_0006,1,REF_SKU_0006,LOC_SKU_0006,8,18,"[40.0, 37.0]",A4037,40.0,37.0
2914,12/11/2018,3780075,SKU_0002,1,REF_SKU_0002,LOC_SKU_0002,8,15,"[40.0, 32.1]",A4032,40.0,32.1
2915,12/11/2018,3780560,SKU_0001,3,REF_SKU_0001,LOC_SKU_0001,7,20,"[35.0, 40.9]",A3541,35.0,40.9
2916,12/11/2018,3780672,SKU_0066,2,REF_SKU_0066,LOC_SKU_0066,10,3,"[50.0, 10.9]",A5011,50.0,10.9
2917,12/11/2018,3780825,SKU_0002,1,REF_SKU_0002,LOC_SKU_0002,8,15,"[40.0, 32.1]",A4032,40.0,32.1
2918,12/11/2018,3780118,SKU_0065,3,REF_SKU_0065,LOC_SKU_0065,4,22,"[20.0, 45.2]",A2045,20.0,45.2
2919,12/11/2018,3780612,SKU_0002,4,REF_SKU_0002,LOC_SKU_0002,8,15,"[40.0, 32.1]",A4032,40.0,32.1
2920,12/11/2018,3780380,SKU_0003,5,REF_SKU_0003,LOC_SKU_0003,7,11,"[35.0, 25.3]",A3525,35.0,25.3
2921,12/11/2018,3780929,SKU_0008,1,REF_SKU_0008,LOC_SKU_0008,8,21,"[40.0, 42.5]",A4042,40.0,42.5
2922,12/11/2018,3780920,SKU_0293,4,REF_SKU_0293,LOC_SKU_0293,1,9,"[5.0, 22.3]",A0522,5.0,22.3
2923,12/11/2018,3780679,SKU_0263,1,REF_SKU_0263,LOC_SKU_0263,1,2,"[5.0, 9.2]",A0509,5.0,9.2
2924,12/11/2018,3780290,SKU_0002,2,REF_SKU_0002,LOC_SKU_0002,8,15,"[40.0, 32.1]",A4032,40.0,32.1
2925,12/11/2018,3780440,SKU_0004,3,REF_SKU_0004,LOC_SKU_0004,7,1,"[35.0, 8.1]",A3508,35.0,8.1
2926,12/11/2018,3780668,SKU_0001,1,REF_SKU_0001,LOC_SKU_0001,7,20,"[35.0, 40.9]",A3541,35.0,40.9
2927,12/11/2018,3780933,SKU_0010,3,REF_SKU_0010,LOC_SKU_0010,5,15,"[25.0, 33.0]",A2533,25.0,33.0
2928,12/11/2018,3780007,SKU_0007,1,REF_SKU_0007,LOC_SKU_0007,6,1,"[30.0, 8.0]",A3008,30.0,8.0
2929,12/11/2018,3780196,SKU_0200,2,REF_SKU_0200,LOC_SKU_0200,7,24,"[35.0, 47.5]",A3548,35.0,47.5
2930,12/11/2018,3780421,SKU_0259,2,REF_SKU_0259,LOC_SKU_0259,8,3,"[40.0, 10.7]",A4011,40.0,10.7
2931,12/11/2018,3780568,SKU_0005,4,REF_SKU_0005,LOC_SKU_0005,8,8,"[40.0, 20.4]",A4020,40.0,20.4
2932,12/11/2018,3780833,SKU_0009,2,REF_SKU_0009,LOC_SKU_0009,6,0,"[30.0, 5.5]",A3006,30.0,5.5
2933,12/11/2018,3780193,SKU_0192,3,REF_SKU_0192,LOC_SKU_0192,1,12,"[5.0, 26.2]",A0526,5.0,26.2
2934,12/11/2018,3780559,SKU_0090,2,REF_SKU_0090,LOC_SKU_0090,4,25,"[20.0, 49.3]",A2049,20.0,49.3
2935,12/11/2018,3780148,SKU_0001,1,REF_SKU_0001,LOC_SKU_0001,7,20,"[35.0, 40.9]",A3541,35.0,40.9
2936,12/11/2018,3780787,SKU_0003,2,REF_SKU_0003,LOC_SKU_0003,7,11,"[35.0, 25.3]",A3525,35.0,25.3
2937,12/11/2018,3780669,SKU_0006,3,REF_SKU_0006,LOC_SKU_0006,8,18,"[40.0, 37.0]",A4037,40.0,37.0
2938,12/11/2018,3780202,SKU_0002,1,REF_SKU_0002,LOC_SKU_0002,8,15,"[40.0, 32.1]",A4032,40.0,32.1
2939,12/11/2018,3780444,SKU_0002,4,REF_SKU_0002,LOC_SKU_0002,8,15,"[40.0, 32.1]",A4032,40.0,32.1
2940,12/11/2018,3780914,SKU_0001,4,REF_SKU_0001,LOC_SKU_0001,7,20,"[35.0, 40.9]",A3541,35.0,40.9
2941,12/11/2018,3780988,SKU_0026,4,REF_SKU_0026,LOC_SKU_0026,8,19,"[40.0, 39.1]",A4039,40.0,39.1
2942,12/11/2018,3780419,SKU_0002,1,REF_SKU_0002,LOC_SKU_0002,8,15,"[40.0, 32.1]",A4032,40.0,32.1
2943,12/11/2018,3780427,SKU_0001,4,REF_SKU_0001,LOC_SKU_0001,7,20,"[35.0, 40.9]",A3541,35.0,40.9
2944,12/11/2018,3780479,SKU_0002,2,REF_SKU_0002,LOC_SKU_0002,8,15,"[40.0, 32.1]",A4032,40.0,32.1
2945,12/11/2018,3780475,SKU_0086,1,REF_SKU_0086,LOC_SKU_0086,10,25,"[50.0, 49.4]",A5049,50.0,49.4
2946,12/11/2018,3780126,SKU_0130,1,REF_SKU_0130,LOC_SKU_0130,2,9,"[10.0, 21.1]",A1021,10.0,21.1
2947,12/11/2018,3780395,SKU_0009,1,REF_SKU_0009,LOC_SKU_0009,6,0,"[30.0, 5.5]",A3006,30.0,5.5
2948,12/11/2018,3780817,SKU_0006,5,REF_SKU_0006,LOC_SKU_0006,8,18,"[40.0, 37.0]",A4037,40.0,37.0
2949,12/11/2018,3780881,SKU_0405,3,REF_SKU_0405,LOC_SKU_0405,8,25,"[40.0, 49.6]",A4050,40.0,49.6
2950,12/11/2018,3780806,SKU_0002,5,REF_SKU_0002,LOC_SKU_0002,8,15,"[40.0, 32.1]",A4032,40.0,32.1
2951,12/11/2018,3780576,SKU_0002,5,REF_SKU_0002,LOC_SKU_0002,8,15,"[40.0, 32.1]",A4032,40.0,32.1
2952,12/11/2018,3780325,SKU_0003,5,REF_SKU_0003,LOC_SKU_0003,7,11,"[35.0, 25.3]",A3525,35.0,25.3
2953,12/11/2018,3780392,SKU_0001,3,REF_SKU_0001,LOC_SKU_0001,7,20,"[35.0, 40.9]",A3541,35.0,40.9
2954,12/11/2018,3780930,SKU_0004,5,REF_SKU_0004,LOC_SKU_0004,7,1,"[35.0, 8.1]",A3508,35.0,8.1
2955,12/11/2018,3780688,SKU_0218,4,REF_SKU_0218,LOC_SKU_0218,3,25,"[15.0, 49.6]",A1550,15.0,49.6
2956,12/11/2018,3780628,SKU_0021,1,REF_SKU_0021,LOC_SKU_0021,10,2,"[50.0, 9.8]",A5010,50.0,9.8
2957,12/11/2018,3780440,SKU_0005,1,REF_SKU_0005,LOC_SKU_0005,8,8,"[40.0, 20.4]",A4020,40.0,20.4
2958,12/11/2018,3780204,SKU_0270,2,REF_SKU_0270,LOC_SKU_0270,2,4,"[10.0, 12.9]",A1013,10.0,12.9
2959,12/11/2018,3780486,SKU_0001,4,REF_SKU_0001,LOC_SKU_0001,7,20,"[35.0, 40.9]",A3541,35.0,40.9
2960,12/11/2018,3780833,SKU_0002,3,REF_SKU_0002,LOC_SKU_0002,8,15,"[40.0, 32.1]",A4032,40.0,32.1
2961,12/11/2018,3780031,SKU_0015,1,REF_SKU_0015,LOC_SKU_0015,4,15,"[20.0, 31.9]",A2032,20.0,31.9
2962,12/11/2018,3780388,SKU_0021,5,REF_SKU_0021,LOC_SKU_0021,10,2,"[50.0, 9.8]",A5010,50.0,9.8
2963,12/11/2018,3780625,SKU_0001,2,REF_SKU_0001,LOC_SKU_0001,7,20,"[35.0, 40.9]",A3541,35.0,40.9
2964,12/11/2018,3780877,SKU_0005,2,REF_SKU_0005,LOC_SKU_0005,8,8,"[40.0, 20.4]",A4020,40.0,20.4
2965,12/11/2018,3780434,SKU_0027,1,REF_SKU_0027,LOC_SKU_0027,6,5,"[30.0, 14.8]",A3015,30.0,14.8
2966,12/11/2018,3780837,SKU_0038,4,REF_SKU_0038,LOC_SKU_0038,1,0,"[5.0, 6.2]",A0506,5.0,6.2
2967,12/11/2018,3780926,SKU_0025,2,REF_SKU_0025,LOC_SKU_0025,1,6,"[5.0, 17.0]",A0517,5.0,17.0
2968,12/11/2018,3780376,SKU_0003,1,REF_SKU_0003,LOC_SKU_0003,7,11,"[35.0, 25.3]",A3525,35.0,25.3
2969,12/11/2018,3780344,SKU_0001,4,REF_SKU_0001,LOC_SKU_0001,7,20,"[35.0, 40.9]",A3541,35.0,40.9
2970,12/11/2018,3780443,SKU_0006,1,REF_SKU_0006,LOC_SKU_0006,8,18,"[40.0, 37.0]",A4037,40.0,37.0
2971,12/11/2018,3780579,SKU_0001,1,REF_SKU_0001,LOC_SKU_0001,7,20,"[35.0, 40.9]",A3541,35.0,40.9
2972,12/11/2018,3780075,SKU_0305,4,REF_SKU_0305,LOC_SKU_0305,5,11,"[25.0, 25.5]",A2526,25.0,25.5
2973,12/11/2018,3780557,SKU_0008,4,REF_SKU_0008,LOC_SKU_0008,8,21,"[40.0, 42.5]",A4042,40.0,42.5
2974,12/11/2018,3780772,SKU_0003,4,REF_SKU_0003,LOC_SKU_0003,7,11,"[35.0, 25.3]",A3525,35.0,25.3
2975,12/11/2018,3780666,SKU_0065,1,REF_SKU_0065,LOC_SKU_0065,4,22,"[20.0, 45.2]",A2045,20.0,45.2
2976,12/11/2018,3780155,SKU_0009,2,REF_SKU_0009,LOC_SKU_0009,6,0,"[30.0, 5.5]",A3006,30.0,5.5
2977,12/11/2018,3780430,SKU_0003,3,REF_SKU_0003,LOC_SKU_0003,7,11,"[35.0, 25.3]",A3525,35.0,25.3
2978,12/11/2018,3780363,SKU_0094,3,REF_SKU_0094,LOC_SKU_0094,3,15,"[15.0, 31.8]",A1532,15.0,31.8
2979,12/11/2018,3780448,SKU_0149,1,REF_SKU_0149,LOC_SKU_0149,9,18,"[45.0, 36.8]",A4537,45.0,36.8
2980,12/11/2018,3780987,SKU_0032,1,REF_SKU_0032,LOC_SKU_0032,8,14,"[40.0, 30.9]",A4031,40.0,30.9
2981,12/11/2018,3780234,SKU_0001,2,REF_SKU_0001,LOC_SKU_0001,7,20,"[35.0, 40.9]",A3541,35.0,40.9
2982,12/11/2018,3780563,SKU_0015,4,REF_SKU_0015,LOC_SKU_0015,4,15,"[20.0, 31.9]",A2032,20.0,31.9
2983,12/11/2018,3780818,SKU_0063,1,REF_SKU_0063,LOC_SKU_0063,10,20,"[50.0, 41.5]",A5042,50.0,41.5
2984,12/11/2018,3780262,SKU_0001,5,REF_SKU_0001,LOC_SKU_0001,7,20,"[35.0, 40.9]",A3541,35.0,40.9
2985,12/11/2018,3780827,SKU_0002,4,REF_SKU_0002,LOC_SKU_0002,8,15,"[40.0, 32.1]",A4032,40.0,32.1
2986,12/11/2018,3780125,SKU_0170,1,REF_SKU_0170,LOC_SKU_0170,4,3,"[20.0, 11.4]",A2011,20.0,11.4
2987,12/11/2018,3780911,SKU_0001,5,REF_SKU_0001,LOC_SKU_0001,7,20,"[35.0, 40.9]",A3541,35.0,40.9
2988,12/11/2018,3780245,SKU_0058,2,REF_SKU_0058,LOC_SKU_0058,4,23,"[20.0, 45.9]",A2046,20.0,45.9
2989,12/11/2018,3780542,SKU_0008,5,REF_SKU_0008,LOC_SKU_0008,8,21,"[40.0, 42.5]",A4042,40.0,42.5
2990,12/11/2018,3780938,SKU_0007,1,REF_SKU_0007,LOC_SKU_0007,6,1,"[30.0, 8.0]",A3008,30.0,8.0
2991,12/11/2018,3780485,SKU_0001,3,REF_SKU_0001,LOC_SKU_0001,7,20,"[35.0, 40.9]",A3541,35.0,40.9
2992,12/11/2018,3780122,SKU_0100,1,REF_SKU_0100,LOC_SKU_0100,2,21,"[10.0, 42.8]",A1043,10.0,42.8
2993,12/11/2018,3780125,SKU_0004,3,REF_SKU_0004,LOC_SKU_0004,7,1,"[35.0, 8.1]",A3508,35.0,8.1
2994,12/11/2018,3780549,SKU_0013,2,REF_SKU_0013,LOC_SKU_0013,10,1,"[50.0, 7.6]",A5008,50.0,7.6
2995,12/11/2018,3780170,SKU_0033,2,REF_SKU_0033,LOC_SKU_0033,9,24,"[45.0, 48.3]",A4548,45.0,48.3
2996,12/11/2018,3780124,SKU_0040,4,REF_SKU_0040,LOC_SKU_0040,8,0,"[40.0, 5.7]",A4006,40.0,5.7
2997,12/11/2018,3780869,SKU_0329,4,REF_SKU_0329,LOC_SKU_0329,2,16,"[10.0, 33.1]",A1033,10.0,33.1
2998,12/11/2018,3780035,SKU_0012,3,REF_SKU_0012,LOC_SKU_0012,9,7,"[45.0, 18.5]",A4518,45.0,18.5
2999,12/11/2018,3780087,SKU_0005,3,REF_SKU_0005,LOC_SKU_0005,8,8,"[40.0, 20.4]",A4020,40.0,20.4
3000,12/11/2018,3780646,SKU_0322,2,REF_SKU_0322,LOC_SKU_0322,4,14,"[20.0, 29.9]",A2030,20.0,29.9
3001,12/11/2018,3780708,SKU_0025,5,REF_SKU_0025,LOC_SKU_0025,1,6,"[5.0, 17.0]",A0517,5.0,17.0
3002,12/11/2018,3780786,SKU_0003,3,REF_SKU_0003,LOC_SKU_0003,7,11,"[35.0, 25.3]",A3525,35.0,25.3
3003,12/11/2018,3780201,SKU_0001,3,REF_SKU_0001,LOC_SKU_0001,7,20,"[35.0, 40.9]",A3541,35.0,40.9
3004,12/11/2018,3780369,SKU_0121,5,REF_SKU_0121,LOC_SKU_0121,4,6,"[20.0, 16.1]",A2016,20.0,16.1
3005,12/11/2018,3780797,SKU_0004,4,REF_SKU_0004,LOC_SKU_0004,7,1,"[35.0, 8.1]",A3508,35.0,8.1
3006,12/11/2018,3780077,SKU_0029,4,REF_SKU_0029,LOC_SKU_0029,2,19,"[10.0, 40.0]",A1040,10.0,40.0
3007,12/11/2018,3780059,SKU_0008,3,REF_SKU_0008,LOC_SKU_0008,8,21,"[40.0, 42.5]",A4042,40.0,42.5
3008,12/11/2018,3780431,SKU_0002,4,REF_SKU_0002,LOC_SKU_0002,8,15,"[40.0, 32.1]",A4032,40.0,32.1
3009,12/11/2018,3780638,SKU_0019,4,REF_SKU_0019,LOC_SKU_0019,9,24,"[45.0, 48.5]",A4548,45.0,48.5
3010,12/11/2018,3780500,SKU_0001,4,REF_SKU_0001,LOC_SKU_0001,7,20,"[35.0, 40.9]",A3541,35.0,40.9
3011,12/11/2018,3780913,SKU_0006,2,REF_SKU_0006,LOC_SKU_0006,8,18,"[40.0, 37.0]",A4037,40.0,37.0
3012,12/11/2018,3780109,SKU_0013,1,REF_SKU_0013,LOC_SKU_0013,10,1,"[50.0, 7.6]",A5008,50.0,7.6
3013,12/11/2018,3780736,SKU_0006,3,REF_SKU_0006,LOC_SKU_0006,8,18,"[40.0, 37.0]",A4037,40.0,37.0
3014,12/11/2018,3780278,SKU_0056,3,REF_SKU_0056,LOC_SKU_0056,3,1,"[15.0, 6.9]",A1507,15.0,6.9
3015,12/11/2018,3780068,SKU_0107,2,REF_SKU_0107,LOC_SKU_0107,5,23,"[25.0, 45.6]",A2546,25.0,45.6
3016,12/11/2018,3780069,SKU_0067,1,REF_SKU_0067,LOC_SKU_0067,9,8,"[45.0, 19.7]",A4520,45.0,19.7
3017,12/11/2018,3780165,SKU_0001,1,REF_SKU_0001,LOC_SKU_0001,7,20,"[35.0, 40.9]",A3541,35.0,40.9
3018,12/11/2018,3780489,SKU_0002,2,REF_SKU_0002,LOC_SKU_0002,8,15,"[40.0, 32.1]",A4032,40.0,32.1
3019,12/11/2018,3780305,SKU_0012,5,REF_SKU_0012,LOC_SKU_0012,9,7,"[45.0, 18.5]",A4518,45.0,18.5
3020,12/11/2018,3780909,SKU_0271,5,REF_SKU_0271,LOC_SKU_0271,1,17,"[5.0, 36.5]",A0536,5.0,36.5
3021,12/11/2018,3780674,SKU_0113,1,REF_SKU_0113,LOC_SKU_0113,1,4,"[5.0, 12.7]",A0513,5.0,12.7
3022,12/11/2018,3780365,SKU_0121,5,REF_SKU_0121,LOC_SKU_0121,4,6,"[20.0, 16.1]",A2016,20.0,16.1
3023,12/11/2018,3780854,SKU_0003,5,REF_SKU_0003,LOC_SKU_0003,7,11,"[35.0, 25.3]",A3525,35.0,25.3
3024,12/11/2018,3780821,SKU_0006,5,REF_SKU_0006,LOC_SKU_0006,8,18,"[40.0, 37.0]",A4037,40.0,37.0
3025,12/11/2018,3780379,SKU_0008,1,REF_SKU_0008,LOC_SKU_0008,8,21,"[40.0, 42.5]",A4042,40.0,42.5
3026,12/11/2018,3780343,SKU_0001,5,REF_SKU_0001,LOC_SKU_0001,7,20,"[35.0, 40.9]",A3541,35.0,40.9
3027,12/11/2018,3780947,SKU_0001,3,REF_SKU_0001,LOC_SKU_0001,7,20,"[35.0, 40.9]",A3541,35.0,40.9
3028,12/11/2018,3780899,SKU_0303,1,REF_SKU_0303,LOC_SKU_0303,5,24,"[25.0, 47.5]",A2548,25.0,47.5
3029,12/11/2018,3780554,SKU_0002,2,REF_SKU_0002,LOC_SKU_0002,8,15,"[40.0, 32.1]",A4032,40.0,32.1
3030,12/11/2018,3780354,SKU_0002,5,REF_SKU_0002,LOC_SKU_0002,8,15,"[40.0, 32.1]",A4032,40.0,32.1
3031,12/11/2018,3780416,SKU_0001,4,REF_SKU_0001,LOC_SKU_0001,7,20,"[35.0, 40.9]",A3541,35.0,40.9
3032,12/11/2018,3780109,SKU_0256,1,REF_SKU_0256,LOC_SKU_0256,7,11,"[35.0, 24.8]",A3525,35.0,24.8
3033,12/11/2018,3780563,SKU_0016,2,REF_SKU_0016,LOC_SKU_0016,3,22,"[15.0, 43.8]",A1544,15.0,43.8
3034,12/11/2018,3780762,SKU_0030,3,REF_SKU_0030,LOC_SKU_0030,2,10,"[10.0, 23.1]",A1023,10.0,23.1
3035,12/11/2018,3780497,SKU_0220,2,REF_SKU_0220,LOC_SKU_0220,7,14,"[35.0, 31.3]",A3531,35.0,31.3
3036,12/11/2018,3780341,SKU_0004,5,REF_SKU_0004,LOC_SKU_0004,7,1,"[35.0, 8.1]",A3508,35.0,8.1
3037,12/11/2018,3780942,SKU_0022,4,REF_SKU_0022,LOC_SKU_0022,4,6,"[20.0, 16.2]",A2016,20.0,16.2
3038,12/11/2018,3780383,SKU_0001,5,REF_SKU_0001,LOC_SKU_0001,7,20,"[35.0, 40.9]",A3541,35.0,40.9
3039,12/11/2018,3780533,SKU_0001,2,REF_SKU_0001,LOC_SKU_0001,7,20,"[35.0, 40.9]",A3541,35.0,40.9
3040,12/11/2018,3780300,SKU_0110,1,REF_SKU_0110,LOC_SKU_0110,3,21,"[15.0, 43.6]",A1544,15.0,43.6
3041,12/11/2018,3780139,SKU_0065,4,REF_SKU_0065,LOC_SKU_0065,4,22,"[20.0, 45.2]",A2045,20.0,45.2
3042,12/11/2018,3780359,SKU_0004,4,REF_SKU_0004,LOC_SKU_0004,7,1,"[35.0, 8.1]",A3508,35.0,8.1
3043,12/11/2018,3780836,SKU_0004,2,REF_SKU_0004,LOC_SKU_0004,7,1,"[35.0, 8.1]",A3508,35.0,8.1
3044,12/11/2018,3780499,SKU_0012,5,REF_SKU_0012,LOC_SKU_0012,9,7,"[45.0, 18.5]",A4518,45.0,18.5
3045,12/11/2018,3780385,SKU_0001,2,REF_SKU_0001,LOC_SKU_0001,7,20,"[35.0, 40.9]",A3541,35.0,40.9
3046,12/11/2018,3780604,SKU_0002,4,REF_SKU_0002,LOC_SKU_0002,8,15,"[40.0, 32.1]",A4032,40.0,32.1
3047,12/11/2018,3780959,SKU_0002,2,REF_SKU_0002,LOC_SKU_0002,8,15,"[40.0, 32.1]",A4032,40.0,32.1
3048,12/11/2018,3780280,SKU_0002,4,REF_SKU_0002,LOC_SKU_0002,8,15,"[40.0, 32.1]",A4032,40.0,32.1
3049,12/11/2018,3780637,SKU_0089,5,REF_SKU_0089,LOC_SKU_0089,6,9,"[30.0, 21.9]",A3022,30.0,21.9
3050,12/11/2018,3780483,SKU_0002,1,REF_SKU_0002,LOC_SKU_0002,8,15,"[40.0, 32.1]",A4032,40.0,32.1
3051,12/11/2018,3780909,SKU_0001,1,REF_SKU_0001,LOC_SKU_0001,7,20,"[35.0, 40.9]",A3541,35.0,40.9
3052,12/11/2018,3780111,SKU_0010,2,REF_SKU_0010,LOC_SKU_0010,5,15,"[25.0, 33.0]",A2533,25.0,33.0
3053,12/11/2018,3780866,SKU_0147,4,REF_SKU_0147,LOC_SKU_0147,10,22,"[50.0, 44.5]",A5044,50.0,44.5
3054,12/11/2018,3780139,SKU_0002,1,REF_SKU_0002,LOC_SKU_0002,8,15,"[40.0, 32.1]",A4032,40.0,32.1
3055,12/11/2018,3780996,SKU_0001,4,REF_SKU_0001,LOC_SKU_0001,7,20,"[35.0, 40.9]",A3541,35.0,40.9
3056,12/11/2018,3780435,SKU_0004,5,REF_SKU_0004,LOC_SKU_0004,7,1,"[35.0, 8.1]",A3508,35.0,8.1
3057,12/11/2018,3780509,SKU_0056,2,REF_SKU_0056,LOC_SKU_0056,3,1,"[15.0, 6.9]",A1507,15.0,6.9
3058,12/11/2018,3780273,SKU_0013,4,REF_SKU_0013,LOC_SKU_0013,10,1,"[50.0, 7.6]",A5008,50.0,7.6
3059,12/11/2018,3780099,SKU_0097,2,REF_SKU_0097,LOC_SKU_0097,4,16,"[20.0, 34.2]",A2034,20.0,34.2
3060,12/11/2018,3780764,SKU_0341,4,REF_SKU_0341,LOC_SKU_0341,5,14,"[25.0, 29.9]",A2530,25.0,29.9
3061,12/11/2018,3780850,SKU_0080,4,REF_SKU_0080,LOC_SKU_0080,1,4,"[5.0, 12.1]",A0512,5.0,12.1
3062,12/11/2018,3780104,SKU_0019,5,REF_SKU_0019,LOC_SKU_0019,9,24,"[45.0, 48.5]",A4548,45.0,48.5
3063,12/11/2018,3780214,SKU_0009,2,REF_SKU_0009,LOC_SKU_0009,6,0,"[30.0, 5.5]",A3006,30.0,5.5
3064,12/11/2018,3780761,SKU_0001,3,REF_SKU_0001,LOC_SKU_0001,7,20,"[35.0, 40.9]",A3541,35.0,40.9
3065,12/11/2018,3780664,SKU_0430,4,REF_SKU_0430,LOC_SKU_0430,5,19,"[25.0, 40.1]",A2540,25.0,40.1
3066,12/11/2018,3780762,SKU_0005,4,REF_SKU_0005,LOC_SKU_0005,8,8,"[40.0, 20.4]",A4020,40.0,20.4
3067,12/11/2018,3780787,SKU_0001,1,REF_SKU_0001,LOC_SKU_0001,7,20,"[35.0, 40.9]",A3541,35.0,40.9
3068,12/11/2018,3780165,SKU_0030,2,REF_SKU_0030,LOC_SKU_0030,2,10,"[10.0, 23.1]",A1023,10.0,23.1
3069,12/11/2018,3780999,SKU_0003,3,REF_SKU_0003,LOC_SKU_0003,7,11,"[35.0, 25.3]",A3525,35.0,25.3
3070,12/11/2018,3780853,SKU_0017,5,REF_SKU_0017,LOC_SKU_0017,7,4,"[35.0, 13.1]",A3513,35.0,13.1
3071,12/11/2018,3780520,SKU_0017,3,REF_SKU_0017,LOC_SKU_0017,7,4,"[35.0, 13.1]",A3513,35.0,13.1
3072,12/11/2018,3780284,SKU_0007,5,REF_SKU_0007,LOC_SKU_0007,6,1,"[30.0, 8.0]",A3008,30.0,8.0
3073,12/11/2018,3780517,SKU_0114,3,REF_SKU_0114,LOC_SKU_0114,6,17,"[30.0, 35.3]",A3035,30.0,35.3
3074,12/11/2018,3780657,SKU_0002,3,REF_SKU_0002,LOC_SKU_0002,8,15,"[40.0, 32.1]",A4032,40.0,32.1
3075,12/11/2018,3780613,SKU_0007,2,REF_SKU_0007,LOC_SKU_0007,6,1,"[30.0, 8.0]",A3008,30.0,8.0
3076,12/11/2018,3780164,SKU_0012,1,REF_SKU_0012,LOC_SKU_0012,9,7,"[45.0, 18.5]",A4518,45.0,18.5
3077,12/11/2018,3780886,SKU_0030,3,REF_SKU_0030,LOC_SKU_0030,2,10,"[10.0, 23.1]",A1023,10.0,23.1
3078,12/11/2018,3780659,SKU_0075,4,REF_SKU_0075,LOC_SKU_0075,6,5,"[30.0, 15.2]",A3015,30.0,15.2
3079,12/11/2018,3780064,SKU_0005,4,REF_SKU_0005,LOC_SKU_0005,8,8,"[40.0, 20.4]",A4020,40.0,20.4
3080,12/11/2018,3780091,SKU_0026,4,REF_SKU_0026,LOC_SKU_0026,8,19,"[40.0, 39.1]",A4039,40.0,39.1
3081,12/11/2018,3780117,SKU_0001,1,REF_SKU_0001,LOC_SKU_0001,7,20,"[35.0, 40.9]",A3541,35.0,40.9
3082,12/11/2018,3780866,SKU_0266,3,REF_SKU_0266,LOC_SKU_0266,5,1,"[25.0, 7.4]",A2507,25.0,7.4
3083,12/11/2018,3780267,SKU_0005,5,REF_SKU_0005,LOC_SKU_0005,8,8,"[40.0, 20.4]",A4020,40.0,20.4
3084,12/11/2018,3780822,SKU_0049,5,REF_SKU_0049,LOC_SKU_0049,8,7,"[40.0, 17.7]",A4018,40.0,17.7
3085,12/11/2018,3780685,SKU_0001,2,REF_SKU_0001,LOC_SKU_0001,7,20,"[35.0, 40.9]",A3541,35.0,40.9
3086,12/11/2018,3780559,SKU_0002,1,REF_SKU_0002,LOC_SKU_0002,8,15,"[40.0, 32.1]",A4032,40.0,32.1
3087,12/11/2018,3780140,SKU_0009,3,REF_SKU_0009,LOC_SKU_0009,6,0,"[30.0, 5.5]",A3006,30.0,5.5
3088,12/11/2018,3780246,SKU_0164,4,REF_SKU_0164,LOC_SKU_0164,5,13,"[25.0, 28.7]",A2529,25.0,28.7
3089,12/11/2018,3780661,SKU_0011,1,REF_SKU_0011,LOC_SKU_0011,10,13,"[50.0, 28.9]",A5029,50.0,28.9
3090,12/11/2018,3780758,SKU_0259,1,REF_SKU_0259,LOC_SKU_0259,8,3,"[40.0, 10.7]",A4011,40.0,10.7
3091,12/11/2018,3780395,SKU_0009,3,REF_SKU_0009,LOC_SKU_0009,6,0,"[30.0, 5.5]",A3006,30.0,5.5
3092,12/11/2018,3780487,SKU_0009,2,REF_SKU_0009,LOC_SKU_0009,6,0,"[30.0, 5.5]",A3006,30.0,5.5
3093,12/11/2018,3780476,SKU_0001,2,REF_SKU_0001,LOC_SKU_0001,7,20,"[35.0, 40.9]",A3541,35.0,40.9
3094,12/11/2018,3780517,SKU_0087,2,REF_SKU_0087,LOC_SKU_0087,7,17,"[35.0, 35.4]",A3535,35.0,35.4
3095,12/11/2018,3780977,SKU_0002,4,REF_SKU_0002,LOC_SKU_0002,8,15,"[40.0, 32.1]",A4032,40.0,32.1
3096,12/11/2018,3780184,SKU_0198,4,REF_SKU_0198,LOC_SKU_0198,8,16,"[40.0, 34.8]",A4035,40.0,34.8
3097,12/11/2018,3780020,SKU_0218,3,REF_SKU_0218,LOC_SKU_0218,3,25,"[15.0, 49.6]",A1550,15.0,49.6
3098,12/11/2018,3780937,SKU_0293,2,REF_SKU_0293,LOC_SKU_0293,1,9,"[5.0, 22.3]",A0522,5.0,22.3
3099,12/11/2018,3780558,SKU_0011,3,REF_SKU_0011,LOC_SKU_0011,10,13,"[50.0, 28.9]",A5029,50.0,28.9
3100,12/11/2018,3780524,SKU_0033,2,REF_SKU_0033,LOC_SKU_0033,9,24,"[45.0, 48.3]",A4548,45.0,48.3
3101,12/11/2018,3780582,SKU_0071,1,REF_SKU_0071,LOC_SKU_0071,6,13,"[30.0, 28.2]",A3028,30.0,28.2
3102,12/11/2018,3780529,SKU_0001,5,REF_SKU_0001,LOC_SKU_0001,7,20,"[35.0, 40.9]",A3541,35.0,40.9
3103,12/11/2018,3780883,SKU_0019,5,REF_SKU_0019,LOC_SKU_0019,9,24,"[45.0, 48.5]",A4548,45.0,48.5
3104,12/11/2018,3780147,SKU_0001,2,REF_SKU_0001,LOC_SKU_0001,7,20,"[35.0, 40.9]",A3541,35.0,40.9
3105,12/11/2018,3780666,SKU_0009,3,REF_SKU_0009,LOC_SKU_0009,6,0,"[30.0, 5.5]",A3006,30.0,5.5
3106,12/11/2018,3780304,SKU_0001,4,REF_SKU_0001,LOC_SKU_0001,7,20,"[35.0, 40.9]",A3541,35.0,40.9
3107,12/11/2018,3780620,SKU_0001,2,REF_SKU_0001,LOC_SKU_0001,7,20,"[35.0, 40.9]",A3541,35.0,40.9
3108,12/11/2018,3780748,SKU_0004,2,REF_SKU_0004,LOC_SKU_0004,7,1,"[35.0, 8.1]",A3508,35.0,8.1
3109,12/11/2018,3780820,SKU_0006,4,REF_SKU_0006,LOC_SKU_0006,8,18,"[40.0, 37.0]",A4037,40.0,37.0
3110,12/11/2018,3780864,SKU_0022,2,REF_SKU_0022,LOC_SKU_0022,4,6,"[20.0, 16.2]",A2016,20.0,16.2
3111,12/11/2018,3780582,SKU_0001,1,REF_SKU_0001,LOC_SKU_0001,7,20,"[35.0, 40.9]",A3541,35.0,40.9
3112,12/11/2018,3780695,SKU_0010,4,REF_SKU_0010,LOC_SKU_0010,5,15,"[25.0, 33.0]",A2533,25.0,33.0
3113,12/11/2018,3780762,SKU_0001,1,REF_SKU_0001,LOC_SKU_0001,7,20,"[35.0, 40.9]",A3541,35.0,40.9
3114,12/11/2018,3780228,SKU_0016,5,REF_SKU_0016,LOC_SKU_0016,3,22,"[15.0, 43.8]",A1544,15.0,43.8
3115,12/11/2018,3780102,SKU_0025,4,REF_SKU_0025,LOC_SKU_0025,1,6,"[5.0, 17.0]",A0517,5.0,17.0
3116,12/11/2018,3780587,SKU_0014,4,REF_SKU_0014,LOC_SKU_0014,3,10,"[15.0, 22.5]",A1522,15.0,22.5
3117,12/11/2018,3780417,SKU_0052,3,REF_SKU_0052,LOC_SKU_0052,3,19,"[15.0, 39.4]",A1539,15.0,39.4
3118,12/11/2018,3780958,SKU_0003,3,REF_SKU_0003,LOC_SKU_0003,7,11,"[35.0, 25.3]",A3525,35.0,25.3
3119,12/11/2018,3780216,SKU_0064,4,REF_SKU_0064,LOC_SKU_0064,9,3,"[45.0, 10.2]",A4510,45.0,10.2
3120,12/11/2018,3780407,SKU_0006,5,REF_SKU_0006,LOC_SKU_0006,8,18,"[40.0, 37.0]",A4037,40.0,37.0
3121,12/11/2018,3780399,SKU_0009,2,REF_SKU_0009,LOC_SKU_0009,6,0,"[30.0, 5.5]",A3006,30.0,5.5
3122,12/11/2018,3780923,SKU_0027,3,REF_SKU_0027,LOC_SKU_0027,6,5,"[30.0, 14.8]",A3015,30.0,14.8
3123,12/11/2018,3780715,SKU_0001,5,REF_SKU_0001,LOC_SKU_0001,7,20,"[35.0, 40.9]",A3541,35.0,40.9
3124,12/11/2018,3780704,SKU_0028,5,REF_SKU_0028,LOC_SKU_0028,4,5,"[20.0, 13.7]",A2014,20.0,13.7
3125,12/11/2018,3780761,SKU_0021,3,REF_SKU_0021,LOC_SKU_0021,10,2,"[50.0, 9.8]",A5010,50.0,9.8
3126,12/11/2018,3780499,SKU_0003,2,REF_SKU_0003,LOC_SKU_0003,7,11,"[35.0, 25.3]",A3525,35.0,25.3
3127,12/11/2018,3780754,SKU_0001,3,REF_SKU_0001,LOC_SKU_0001,7,20,"[35.0, 40.9]",A3541,35.0,40.9
3128,12/11/2018,3780465,SKU_0001,5,REF_SKU_0001,LOC_SKU_0001,7,20,"[35.0, 40.9]",A3541,35.0,40.9
3129,12/11/2018,3780691,SKU_0244,1,REF_SKU_0244,LOC_SKU_0244,8,2,"[40.0, 8.7]",A4009,40.0,8.7
3130,12/11/2018,3780949,SKU_0036,3,REF_SKU_0036,LOC_SKU_0036,8,9,"[40.0, 21.4]",A4021,40.0,21.4
3131,12/11/2018,3780974,SKU_0001,5,REF_SKU_0001,LOC_SKU_0001,7,20,"[35.0, 40.9]",A3541,35.0,40.9
3132,12/11/2018,3780731,SKU_0004,3,REF_SKU_0004,LOC_SKU_0004,7,1,"[35.0, 8.1]",A3508,35.0,8.1
3133,12/11/2018,3780082,SKU_0018,5,REF_SKU_0018,LOC_SKU_0018,7,0,"[35.0, 6.1]",A3506,35.0,6.1
3134,12/11/2018,3780604,SKU_0114,2,REF_SKU_0114,LOC_SKU_0114,6,17,"[30.0, 35.3]",A3035,30.0,35.3
3135,12/11/2018,3780947,SKU_0001,5,REF_SKU_0001,LOC_SKU_0001,7,20,"[35.0, 40.9]",A3541,35.0,40.9
3136,12/11/2018,3780687,SKU_0002,4,REF_SKU_0002,LOC_SKU_0002,8,15,"[40.0, 32.1]",A4032,40.0,32.1
3137,12/11/2018,3780751,SKU_0181,1,REF_SKU_0181,LOC_SKU_0181,8,23,"[40.0, 47.1]",A4047,40.0,47.1
3138,12/11/2018,3780772,SKU_0001,5,REF_SKU_0001,LOC_SKU_0001,7,20,"[35.0, 40.9]",A3541,35.0,40.9
3139,12/11/2018,3780903,SKU_0002,3,REF_SKU_0002,LOC_SKU_0002,8,15,"[40.0, 32.1]",A4032,40.0,32.1
3140,12/11/2018,3780365,SKU_0339,3,REF_SKU_0339,LOC_SKU_0339,5,9,"[25.0, 20.9]",A2521,25.0,20.9
3141,12/11/2018,3780163,SKU_0021,5,REF_SKU_0021,LOC_SKU_0021,10,2,"[50.0, 9.8]",A5010,50.0,9.8
3142,12/11/2018,3780048,SKU_0002,4,REF_SKU_0002,LOC_SKU_0002,8,15,"[40.0, 32.1]",A4032,40.0,32.1
3143,12/11/2018,3780511,SKU_0001,5,REF_SKU_0001,LOC_SKU_0001,7,20,"[35.0, 40.9]",A3541,35.0,40.9
3144,12/11/2018,3780329,SKU_0001,2,REF_SKU_0001,LOC_SKU_0001,7,20,"[35.0, 40.9]",A3541,35.0,40.9
3145,12/11/2018,3780840,SKU_0002,4,REF_SKU_0002,LOC_SKU_0002,8,15,"[40.0, 32.1]",A4032,40.0,32.1
3146,12/11/2018,3780116,SKU_0168,5,REF_SKU_0168,LOC_SKU_0168,4,10,"[20.0, 23.8]",A2024,20.0,23.8
3147,12/11/2018,3780941,SKU_0006,1,REF_SKU_0006,LOC_SKU_0006,8,18,"[40.0, 37.0]",A4037,40.0,37.0
3148,12/11/2018,3780849,SKU_0045,4,REF_SKU_0045,LOC_SKU_0045,7,21,"[35.0, 43.3]",A3543,35.0,43.3
3149,12/11/2018,3780337,SKU_0233,5,REF_SKU_0233,LOC_SKU_0233,9,14,"[45.0, 30.1]",A4530,45.0,30.1
3150,12/11/2018,3780881,SKU_0005,1,REF_SKU_0005,LOC_SKU_0005,8,8,"[40.0, 20.4]",A4020,40.0,20.4
3151,12/11/2018,3780737,SKU_0001,5,REF_SKU_0001,LOC_SKU_0001,7,20,"[35.0, 40.9]",A3541,35.0,40.9
3152,12/11/2018,3780864,SKU_0011,2,REF_SKU_0011,LOC_SKU_0011,10,13,"[50.0, 28.9]",A5029,50.0,28.9
3153,12/11/2018,3780840,SKU_0213,3,REF_SKU_0213,LOC_SKU_0213,5,9,"[25.0, 21.0]",A2521,25.0,21.0
3154,12/11/2018,3780147,SKU_0088,5,REF_SKU_0088,LOC_SKU_0088,8,6,"[40.0, 16.1]",A4016,40.0,16.1
3155,12/11/2018,3780575,SKU_0001,4,REF_SKU_0001,LOC_SKU_0001,7,20,"[35.0, 40.9]",A3541,35.0,40.9
3156,12/11/2018,3780806,SKU_0037,5,REF_SKU_0037,LOC_SKU_0037,9,7,"[45.0, 18.7]",A4519,45.0,18.7
3157,12/11/2018,3780323,SKU_0015,5,REF_SKU_0015,LOC_SKU_0015,4,15,"[20.0, 31.9]",A2032,20.0,31.9
3158,12/11/2018,3780443,SKU_0212,5,REF_SKU_0212,LOC_SKU_0212,7,3,"[35.0, 10.8]",A3511,35.0,10.8
3159,12/11/2018,3780837,SKU_0001,5,REF_SKU_0001,LOC_SKU_0001,7,20,"[35.0, 40.9]",A3541,35.0,40.9
3160,12/11/2018,3780013,SKU_0012,4,REF_SKU_0012,LOC_SKU_0012,9,7,"[45.0, 18.5]",A4518,45.0,18.5
3161,12/11/2018,3780943,SKU_0166,4,REF_SKU_0166,LOC_SKU_0166,5,11,"[25.0, 25.8]",A2526,25.0,25.8
3162,12/11/2018,3780494,SKU_0005,5,REF_SKU_0005,LOC_SKU_0005,8,8,"[40.0, 20.4]",A4020,40.0,20.4
3163,12/11/2018,3780701,SKU_0009,3,REF_SKU_0009,LOC_SKU_0009,6,0,"[30.0, 5.5]",A3006,30.0,5.5
3164,12/11/2018,3780287,SKU_0001,5,REF_SKU_0001,LOC_SKU_0001,7,20,"[35.0, 40.9]",A3541,35.0,40.9
3165,12/11/2018,3780720,SKU_0002,4,REF_SKU_0002,LOC_SKU_0002,8,15,"[40.0, 32.1]",A4032,40.0,32.1
3166,12/11/2018,3780114,SKU_0003,2,REF_SKU_0003,LOC_SKU_0003,7,11,"[35.0, 25.3]",A3525,35.0,25.3
3167,12/11/2018,3780480,SKU_0298,5,REF_SKU_0298,LOC_SKU_0298,1,0,"[5.0, 6.1]",A0506,5.0,6.1
3168,12/11/2018,3780022,SKU_0003,5,REF_SKU_0003,LOC_SKU_0003,7,11,"[35.0, 25.3]",A3525,35.0,25.3
3169,12/11/2018,3780349,SKU_0007,5,REF_SKU_0007,LOC_SKU_0007,6,1,"[30.0, 8.0]",A3008,30.0,8.0
3170,12/11/2018,3780726,SKU_0031,5,REF_SKU_0031,LOC_SKU_0031,4,15,"[20.0, 32.1]",A2032,20.0,32.1
3171,12/11/2018,3780683,SKU_0001,1,REF_SKU_0001,LOC_SKU_0001,7,20,"[35.0, 40.9]",A3541,35.0,40.9
3172,12/11/2018,3780835,SKU_0009,5,REF_SKU_0009,LOC_SKU_0009,6,0,"[30.0, 5.5]",A3006,30.0,5.5
3173,12/11/2018,3780566,SKU_0052,4,REF_SKU_0052,LOC_SKU_0052,3,19,"[15.0, 39.4]",A1539,15.0,39.4
3174,12/11/2018,3780906,SKU_0148,4,REF_SKU_0148,LOC_SKU_0148,1,21,"[5.0, 43.3]",A0543,5.0,43.3
3175,12/11/2018,3780810,SKU_0023,1,REF_SKU_0023,LOC_SKU_0023,7,15,"[35.0, 32.6]",A3533,35.0,32.6
3176,12/11/2018,3780320,SKU_0031,5,REF_SKU_0031,LOC_SKU_0031,4,15,"[20.0, 32.1]",A2032,20.0,32.1
3177,12/11/2018,3780126,SKU_0001,3,REF_SKU_0001,LOC_SKU_0001,7,20,"[35.0, 40.9]",A3541,35.0,40.9
3178,12/11/2018,3780277,SKU_0300,5,REF_SKU_0300,LOC_SKU_0300,1,13,"[5.0, 29.3]",A0529,5.0,29.3
3179,12/11/2018,3780976,SKU_0001,4,REF_SKU_0001,LOC_SKU_0001,7,20,"[35.0, 40.9]",A3541,35.0,40.9
3180,12/11/2018,3780204,SKU_0069,2,REF_SKU_0069,LOC_SKU_0069,9,20,"[45.0, 41.9]",A4542,45.0,41.9
3181,12/11/2018,3780194,SKU_0002,2,REF_SKU_0002,LOC_SKU_0002,8,15,"[40.0, 32.1]",A4032,40.0,32.1
3182,12/11/2018,3780681,SKU_0268,3,REF_SKU_0268,LOC_SKU_0268,5,6,"[25.0, 16.8]",A2517,25.0,16.8
3183,12/11/2018,3780664,SKU_0045,5,REF_SKU_0045,LOC_SKU_0045,7,21,"[35.0, 43.3]",A3543,35.0,43.3
3184,12/11/2018,3780547,SKU_0059,1,REF_SKU_0059,LOC_SKU_0059,7,15,"[35.0, 32.4]",A3532,35.0,32.4
3185,12/11/2018,3780696,SKU_0002,5,REF_SKU_0002,LOC_SKU_0002,8,15,"[40.0, 32.1]",A4032,40.0,32.1
3186,12/11/2018,3780286,SKU_0007,3,REF_SKU_0007,LOC_SKU_0007,6,1,"[30.0, 8.0]",A3008,30.0,8.0
3187,12/11/2018,3780057,SKU_0021,3,REF_SKU_0021,LOC_SKU_0021,10,2,"[50.0, 9.8]",A5010,50.0,9.8
3188,12/11/2018,3780734,SKU_0067,3,REF_SKU_0067,LOC_SKU_0067,9,8,"[45.0, 19.7]",A4520,45.0,19.7
3189,12/11/2018,3780303,SKU_0001,2,REF_SKU_0001,LOC_SKU_0001,7,20,"[35.0, 40.9]",A3541,35.0,40.9
3190,12/11/2018,3780163,SKU_0350,5,REF_SKU_0350,LOC_SKU_0350,3,5,"[15.0, 13.7]",A1514,15.0,13.7
3191,12/11/2018,3780019,SKU_0182,5,REF_SKU_0182,LOC_SKU_0182,1,24,"[5.0, 48.0]",A0548,5.0,48.0
3192,12/11/2018,3780370,SKU_0002,1,REF_SKU_0002,LOC_SKU_0002,8,15,"[40.0, 32.1]",A4032,40.0,32.1
3193,12/11/2018,3780264,SKU_0102,3,REF_SKU_0102,LOC_SKU_0102,7,14,"[35.0, 29.6]",A3530,35.0,29.6
3194,12/11/2018,3780794,SKU_0011,3,REF_SKU_0011,LOC_SKU_0011,10,13,"[50.0, 28.9]",A5029,50.0,28.9
3195,12/11/2018,3780113,SKU_0007,4,REF_SKU_0007,LOC_SKU_0007,6,1,"[30.0, 8.0]",A3008,30.0,8.0
3196,12/11/2018,3780488,SKU_0003,4,REF_SKU_0003,LOC_SKU_0003,7,11,"[35.0, 25.3]",A3525,35.0,25.3
3197,12/11/2018,3780327,SKU_0016,2,REF_SKU_0016,LOC_SKU_0016,3,22,"[15.0, 43.8]",A1544,15.0,43.8
3198,12/11/2018,3780542,SKU_0049,5,REF_SKU_0049,LOC_SKU_0049,8,7,"[40.0, 17.7]",A4018,40.0,17.7
3199,12/11/2018,3780647,SKU_0005,1,REF_SKU_0005,LOC_SKU_0005,8,8,"[40.0, 20.4]",A4020,40.0,20.4
3200,12/11/2018,3780579,SKU_0023,1,REF_SKU_0023,LOC_SKU_0023,7,15,"[35.0, 32.6]",A3533,35.0,32.6
3201,12/11/2018,3780065,SKU_0039,3,REF_SKU_0039,LOC_SKU_0039,9,19,"[45.0, 39.9]",A4540,45.0,39.9
3202,12/11/2018,3780292,SKU_0042,1,REF_SKU_0042,LOC_SKU_0042,3,20,"[15.0, 40.7]",A1541,15.0,40.7
3203,12/11/2018,3780025,SKU_0001,3,REF_SKU_0001,LOC_SKU_0001,7,20,"[35.0, 40.9]",A3541,35.0,40.9
3204,12/11/2018,3780549,SKU_0140,5,REF_SKU_0140,LOC_SKU_0140,5,5,"[25.0, 14.0]",A2514,25.0,14.0
3205,12/11/2018,3780001,SKU_0007,1,REF_SKU_0007,LOC_SKU_0007,6,1,"[30.0, 8.0]",A3008,30.0,8.0
3206,12/11/2018,3780911,SKU_0002,3,REF_SKU_0002,LOC_SKU_0002,8,15,"[40.0, 32.1]",A4032,40.0,32.1
3207,12/11/2018,3780549,SKU_0002,5,REF_SKU_0002,LOC_SKU_0002,8,15,"[40.0, 32.1]",A4032,40.0,32.1
3208,12/11/2018,3780141,SKU_0009,5,REF_SKU_0009,LOC_SKU_0009,6,0,"[30.0, 5.5]",A3006,30.0,5.5
3209,12/11/2018,3780744,SKU_0177,3,REF_SKU_0177,LOC_SKU_0177,5,1,"[25.0, 8.1]",A2508,25.0,8.1
3210,12/11/2018,3780648,SKU_0004,3,REF_SKU_0004,LOC_SKU_0004,7,1,"[35.0, 8.1]",A3508,35.0,8.1
3211,12/11/2018,3780901,SKU_0057,2,REF_SKU_0057,LOC_SKU_0057,7,12,"[35.0, 26.7]",A3527,35.0,26.7
3212,12/11/2018,3780188,SKU_0001,5,REF_SKU_0001,LOC_SKU_0001,7,20,"[35.0, 40.9]",A3541,35.0,40.9
3213,12/11/2018,3780128,SKU_0008,3,REF_SKU_0008,LOC_SKU_0008,8,21,"[40.0, 42.5]",A4042,40.0,42.5
3214,12/11/2018,3780201,SKU_0462,5,REF_SKU_0462,LOC_SKU_0462,9,19,"[45.0, 38.6]",A4539,45.0,38.6
3215,12/11/2018,3780127,SKU_0067,1,REF_SKU_0067,LOC_SKU_0067,9,8,"[45.0, 19.7]",A4520,45.0,19.7
3216,12/11/2018,3780257,SKU_0002,4,REF_SKU_0002,LOC_SKU_0002,8,15,"[40.0, 32.1]",A4032,40.0,32.1
3217,12/11/2018,3780676,SKU_0010,4,REF_SKU_0010,LOC_SKU_0010,5,15,"[25.0, 33.0]",A2533,25.0,33.0
3218,12/11/2018,3780547,SKU_0002,3,REF_SKU_0002,LOC_SKU_0002,8,15,"[40.0, 32.1]",A4032,40.0,32.1
3219,12/11/2018,3780194,SKU_0005,3,REF_SKU_0005,LOC_SKU_0005,8,8,"[40.0, 20.4]",A4020,40.0,20.4
3220,12/11/2018,3780703,SKU_0072,5,REF_SKU_0072,LOC_SKU_0072,9,12,"[45.0, 27.1]",A4527,45.0,27.1
3221,12/11/2018,3780104,SKU_0067,3,REF_SKU_0067,LOC_SKU_0067,9,8,"[45.0, 19.7]",A4520,45.0,19.7
3222,12/11/2018,3780535,SKU_0002,5,REF_SKU_0002,LOC_SKU_0002,8,15,"[40.0, 32.1]",A4032,40.0,32.1
3223,12/11/2018,3780265,SKU_0242,3,REF_SKU_0242,LOC_SKU_0242,1,3,"[5.0, 10.0]",A0510,5.0,10.0
3224,12/11/2018,3780802,SKU_0018,5,REF_SKU_0018,LOC_SKU_0018,7,0,"[35.0, 6.1]",A3506,35.0,6.1
3225,12/11/2018,3780942,SKU_0004,3,REF_SKU_0004,LOC_SKU_0004,7,1,"[35.0, 8.1]",A3508,35.0,8.1
3226,12/11/2018,3780974,SKU_0010,2,REF_SKU_0010,LOC_SKU_0010,5,15,"[25.0, 33.0]",A2533,25.0,33.0
3227,12/11/2018,3780384,SKU_0020,5,REF_SKU_0020,LOC_SKU_0020,2,10,"[10.0, 22.7]",A1023,10.0,22.7
3228,12/11/2018,3780260,SKU_0014,2,REF_SKU_0014,LOC_SKU_0014,3,10,"[15.0, 22.5]",A1522,15.0,22.5
3229,12/11/2018,3780414,SKU_0009,2,REF_SKU_0009,LOC_SKU_0009,6,0,"[30.0, 5.5]",A3006,30.0,5.5
3230,12/11/2018,3780991,SKU_0010,2,REF_SKU_0010,LOC_SKU_0010,5,15,"[25.0, 33.0]",A2533,25.0,33.0
3231,12/11/2018,3780358,SKU_0001,2,REF_SKU_0001,LOC_SKU_0001,7,20,"[35.0, 40.9]",A3541,35.0,40.9
3232,12/11/2018,3780075,SKU_0094,1,REF_SKU_0094,LOC_SKU_0094,3,15,"[15.0, 31.8]",A1532,15.0,31.8
3233,12/11/2018,3780355,SKU_0013,4,REF_SKU_0013,LOC_SKU_0013,10,1,"[50.0, 7.6]",A5008,50.0,7.6
3234,12/11/2018,3780584,SKU_0001,1,REF_SKU_0001,LOC_SKU_0001,7,20,"[35.0, 40.9]",A3541,35.0,40.9
3235,12/11/2018,3780771,SKU_0065,3,REF_SKU_0065,LOC_SKU_0065,4,22,"[20.0, 45.2]",A2045,20.0,45.2
3236,12/11/2018,3780910,SKU_0265,3,REF_SKU_0265,LOC_SKU_0265,6,20,"[30.0, 41.2]",A3041,30.0,41.2
3237,12/11/2018,3780188,SKU_0304,4,REF_SKU_0304,LOC_SKU_0304,10,9,"[50.0, 22.3]",A5022,50.0,22.3
3238,12/11/2018,3780973,SKU_0004,4,REF_SKU_0004,LOC_SKU_0004,7,1,"[35.0, 8.1]",A3508,35.0,8.1
3239,12/11/2018,3780685,SKU_0001,4,REF_SKU_0001,LOC_SKU_0001,7,20,"[35.0, 40.9]",A3541,35.0,40.9
3240,12/11/2018,3780992,SKU_0011,2,REF_SKU_0011,LOC_SKU_0011,10,13,"[50.0, 28.9]",A5029,50.0,28.9
3241,12/11/2018,3780290,SKU_0001,1,REF_SKU_0001,LOC_SKU_0001,7,20,"[35.0, 40.9]",A3541,35.0,40.9
3242,12/11/2018,3780045,SKU_0269,3,REF_SKU_0269,LOC_SKU_0269,3,24,"[15.0, 48.6]",A1549,15.0,48.6
3243,12/11/2018,3780573,SKU_0001,1,REF_SKU_0001,LOC_SKU_0001,7,20,"[35.0, 40.9]",A3541,35.0,40.9
3244,12/11/2018,3780083,SKU_0002,1,REF_SKU_0002,LOC_SKU_0002,8,15,"[40.0, 32.1]",A4032,40.0,32.1
3245,12/11/2018,3780123,SKU_0005,1,REF_SKU_0005,LOC_SKU_0005,8,8,"[40.0, 20.4]",A4020,40.0,20.4
3246,12/11/2018,3780358,SKU_0005,4,REF_SKU_0005,LOC_SKU_0005,8,8,"[40.0, 20.4]",A4020,40.0,20.4
3247,12/11/2018,3780528,SKU_0081,4,REF_SKU_0081,LOC_SKU_0081,8,1,"[40.0, 7.1]",A4007,40.0,7.1
3248,12/11/2018,3780066,SKU_0007,3,REF_SKU_0007,LOC_SKU_0007,6,1,"[30.0, 8.0]",A3008,30.0,8.0
3249,12/11/2018,3780936,SKU_0001,3,REF_SKU_0001,LOC_SKU_0001,7,20,"[35.0, 40.9]",A3541,35.0,40.9
3250,12/11/2018,3780657,SKU_0002,3,REF_SKU_0002,LOC_SKU_0002,8,15,"[40.0, 32.1]",A4032,40.0,32.1
3251,12/11/2018,3780375,SKU_0010,1,REF_SKU_0010,LOC_SKU_0010,5,15,"[25.0, 33.0]",A2533,25.0,33.0
3252,12/11/2018,3780162,SKU_0001,4,REF_SKU_0001,LOC_SKU_0001,7,20,"[35.0, 40.9]",A3541,35.0,40.9
3253,12/11/2018,3780746,SKU_0020,2,REF_SKU_0020,LOC_SKU_0020,2,10,"[10.0, 22.7]",A1023,10.0,22.7
3254,12/11/2018,3780380,SKU_0015,1,REF_SKU_0015,LOC_SKU_0015,4,15,"[20.0, 31.9]",A2032,20.0,31.9
3255,12/11/2018,3780656,SKU_0043,5,REF_SKU_0043,LOC_SKU_0043,5,23,"[25.0, 46.7]",A2547,25.0,46.7
3256,12/11/2018,3780358,SKU_0278,1,REF_SKU_0278,LOC_SKU_0278,8,4,"[40.0, 13.1]",A4013,40.0,13.1
3257,12/11/2018,3780188,SKU_0221,4,REF_SKU_0221,LOC_SKU_0221,7,23,"[35.0, 46.9]",A3547,35.0,46.9
3258,12/11/2018,3780322,SKU_0300,5,REF_SKU_0300,LOC_SKU_0300,1,13,"[5.0, 29.3]",A0529,5.0,29.3
3259,12/11/2018,3780450,SKU_0002,1,REF_SKU_0002,LOC_SKU_0002,8,15,"[40.0, 32.1]",A4032,40.0,32.1
3260,12/11/2018,3780474,SKU_0001,4,REF_SKU_0001,LOC_SKU_0001,7,20,"[35.0, 40.9]",A3541,35.0,40.9
3261,12/11/2018,3780013,SKU_0003,4,REF_SKU_0003,LOC_SKU_0003,7,11,"[35.0, 25.3]",A3525,35.0,25.3
3262,12/11/2018,3780184,SKU_0190,2,REF_SKU_0190,LOC_SKU_0190,10,19,"[50.0, 39.5]",A5040,50.0,39.5
3263,12/11/2018,3780111,SKU_0383,1,REF_SKU_0383,LOC_SKU_0383,6,6,"[30.0, 17.0]",A3017,30.0,17.0
3264,12/11/2018,3780927,SKU_0139,4,REF_SKU_0139,LOC_SKU_0139,4,7,"[20.0, 18.6]",A2019,20.0,18.6
3265,12/11/2018,3780508,SKU_0001,3,REF_SKU_0001,LOC_SKU_0001,7,20,"[35.0, 40.9]",A3541,35.0,40.9
3266,12/11/2018,3780290,SKU_0304,4,REF_SKU_0304,LOC_SKU_0304,10,9,"[50.0, 22.3]",A5022,50.0,22.3
3267,12/11/2018,3780295,SKU_0006,2,REF_SKU_0006,LOC_SKU_0006,8,18,"[40.0, 37.0]",A4037,40.0,37.0
3268,12/11/2018,3780451,SKU_0001,4,REF_SKU_0001,LOC_SKU_0001,7,20,"[35.0, 40.9]",A3541,35.0,40.9
3269,12/11/2018,3780904,SKU_0007,1,REF_SKU_0007,LOC_SKU_0007,6,1,"[30.0, 8.0]",A3008,30.0,8.0
3270,12/11/2018,3780215,SKU_0001,1,REF_SKU_0001,LOC_SKU_0001,7,20,"[35.0, 40.9]",A3541,35.0,40.9
3271,12/11/2018,3780974,SKU_0013,5,REF_SKU_0013,LOC_SKU_0013,10,1,"[50.0, 7.6]",A5008,50.0,7.6
3272,12/11/2018,3780632,SKU_0003,1,REF_SKU_0003,LOC_SKU_0003,7,11,"[35.0, 25.3]",A3525,35.0,25.3
3273,12/11/2018,3780894,SKU_0008,5,REF_SKU_0008,LOC_SKU_0008,8,21,"[40.0, 42.5]",A4042,40.0,42.5
3274,12/11/2018,3780567,SKU_0021,3,REF_SKU_0021,LOC_SKU_0021,10,2,"[50.0, 9.8]",A5010,50.0,9.8
3275,12/11/2018,3780027,SKU_0151,2,REF_SKU_0151,LOC_SKU_0151,7,11,"[35.0, 24.2]",A3524,35.0,24.2
3276,12/11/2018,3780630,SKU_0029,3,REF_SKU_0029,LOC_SKU_0029,2,19,"[10.0, 40.0]",A1040,10.0,40.0
3277,12/11/2018,3780733,SKU_0006,5,REF_SKU_0006,LOC_SKU_0006,8,18,"[40.0, 37.0]",A4037,40.0,37.0
3278,12/11/2018,3780231,SKU_0100,4,REF_SKU_0100,LOC_SKU_0100,2,21,"[10.0, 42.8]",A1043,10.0,42.8
3279,12/11/2018,3780565,SKU_0208,4,REF_SKU_0208,LOC_SKU_0208,2,17,"[10.0, 35.9]",A1036,10.0,35.9
3280,12/11/2018,3780807,SKU_0001,3,REF_SKU_0001,LOC_SKU_0001,7,20,"[35.0, 40.9]",A3541,35.0,40.9
3281,12/11/2018,3780321,SKU_0012,4,REF_SKU_0012,LOC_SKU_0012,9,7,"[45.0, 18.5]",A4518,45.0,18.5
3282,12/11/2018,3780913,SKU_0003,5,REF_SKU_0003,LOC_SKU_0003,7,11,"[35.0, 25.3]",A3525,35.0,25.3
3283,12/11/2018,3780233,SKU_0001,2,REF_SKU_0001,LOC_SKU_0001,7,20,"[35.0, 40.9]",A3541,35.0,40.9
3284,12/11/2018,3780670,SKU_0031,1,REF_SKU_0031,LOC_SKU_0031,4,15,"[20.0, 32.1]",A2032,20.0,32.1
3285,12/11/2018,3780437,SKU_0143,5,REF_SKU_0143,LOC_SKU_0143,6,17,"[30.0, 36.5]",A3036,30.0,36.5
3286,12/11/2018,3780781,SKU_0001,5,REF_SKU_0001,LOC_SKU_0001,7,20,"[35.0, 40.9]",A3541,35.0,40.9
3287,12/11/2018,3780533,SKU_0094,1,REF_SKU_0094,LOC_SKU_0094,3,15,"[15.0, 31.8]",A1532,15.0,31.8
3288,12/11/2018,3780403,SKU_0132,1,REF_SKU_0132,LOC_SKU_0132,1,5,"[5.0, 14.2]",A0514,5.0,14.2
3289,12/11/2018,3780053,SKU_0225,2,REF_SKU_0225,LOC_SKU_0225,1,13,"[5.0, 29.3]",A0529,5.0,29.3
3290,12/11/2018,3780787,SKU_0002,2,REF_SKU_0002,LOC_SKU_0002,8,15,"[40.0, 32.1]",A4032,40.0,32.1
3291,12/11/2018,3780313,SKU_0205,2,REF_SKU_0205,LOC_SKU_0205,3,21,"[15.0, 42.0]",A1542,15.0,42.0
3292,12/11/2018,3780281,SKU_0003,4,REF_SKU_0003,LOC_SKU_0003,7,11,"[35.0, 25.3]",A3525,35.0,25.3
3293,12/11/2018,3780726,SKU_0014,5,REF_SKU_0014,LOC_SKU_0014,3,10,"[15.0, 22.5]",A1522,15.0,22.5
3294,12/11/2018,3780031,SKU_0001,1,REF_SKU_0001,LOC_SKU_0001,7,20,"[35.0, 40.9]",A3541,35.0,40.9
3295,12/11/2018,3780337,SKU_0001,5,REF_SKU_0001,LOC_SKU_0001,7,20,"[35.0, 40.9]",A3541,35.0,40.9
3296,12/11/2018,3780183,SKU_0045,5,REF_SKU_0045,LOC_SKU_0045,7,21,"[35.0, 43.3]",A3543,35.0,43.3
3297,12/11/2018,3780023,SKU_0007,2,REF_SKU_0007,LOC_SKU_0007,6,1,"[30.0, 8.0]",A3008,30.0,8.0
3298,12/11/2018,3780544,SKU_0002,2,REF_SKU_0002,LOC_SKU_0002,8,15,"[40.0, 32.1]",A4032,40.0,32.1
3299,12/11/2018,3780446,SKU_0001,5,REF_SKU_0001,LOC_SKU_0001,7,20,"[35.0, 40.9]",A3541,35.0,40.9
3300,12/11/2018,3780074,SKU_0031,2,REF_SKU_0031,LOC_SKU_0031,4,15,"[20.0, 32.1]",A2032,20.0,32.1
3301,12/11/2018,3780010,SKU_0001,4,REF_SKU_0001,LOC_SKU_0001,7,20,"[35.0, 40.9]",A3541,35.0,40.9
3302,12/11/2018,3780484,SKU_0089,1,REF_SKU_0089,LOC_SKU_0089,6,9,"[30.0, 21.9]",A3022,30.0,21.9
3303,12/11/2018,3780456,SKU_0001,5,REF_SKU_0001,LOC_SKU_0001,7,20,"[35.0, 40.9]",A3541,35.0,40.9
3304,12/11/2018,3780566,SKU_0001,1,REF_SKU_0001,LOC_SKU_0001,7,20,"[35.0, 40.9]",A3541,35.0,40.9
3305,12/11/2018,3780564,SKU_0005,4,REF_SKU_0005,LOC_SKU_0005,8,8,"[40.0, 20.4]",A4020,40.0,20.4
3306,12/11/2018,3780660,SKU_0009,2,REF_SKU_0009,LOC_SKU_0009,6,0,"[30.0, 5.5]",A3006,30.0,5.5
3307,12/11/2018,3780160,SKU_0004,3,REF_SKU_0004,LOC_SKU_0004,7,1,"[35.0, 8.1]",A3508,35.0,8.1
3308,12/11/2018,3780882,SKU_0003,4,REF_SKU_0003,LOC_SKU_0003,7,11,"[35.0, 25.3]",A3525,35.0,25.3
3309,12/11/2018,3780014,SKU_0355,3,REF_SKU_0355,LOC_SKU_0355,8,3,"[40.0, 11.4]",A4011,40.0,11.4
3310,12/11/2018,3780178,SKU_0025,1,REF_SKU_0025,LOC_SKU_0025,1,6,"[5.0, 17.0]",A0517,5.0,17.0
3311,12/11/2018,3780412,SKU_0001,5,REF_SKU_0001,LOC_SKU_0001,7,20,"[35.0, 40.9]",A3541,35.0,40.9
3312,12/11/2018,3780878,SKU_0006,2,REF_SKU_0006,LOC_SKU_0006,8,18,"[40.0, 37.0]",A4037,40.0,37.0
3313,12/11/2018,3780053,SKU_0159,4,REF_SKU_0159,LOC_SKU_0159,3,12,"[15.0, 26.2]",A1526,15.0,26.2
3314,12/11/2018,3780408,SKU_0003,2,REF_SKU_0003,LOC_SKU_0003,7,11,"[35.0, 25.3]",A3525,35.0,25.3
3315,12/11/2018,3780847,SKU_0001,3,REF_SKU_0001,LOC_SKU_0001,7,20,"[35.0, 40.9]",A3541,35.0,40.9
3316,12/11/2018,3780022,SKU_0061,3,REF_SKU_0061,LOC_SKU_0061,7,7,"[35.0, 18.4]",A3518,35.0,18.4
3317,12/11/2018,3780030,SKU_0020,5,REF_SKU_0020,LOC_SKU_0020,2,10,"[10.0, 22.7]",A1023,10.0,22.7
3318,12/11/2018,3780703,SKU_0015,3,REF_SKU_0015,LOC_SKU_0015,4,15,"[20.0, 31.9]",A2032,20.0,31.9
3319,12/11/2018,3780260,SKU_0001,5,REF_SKU_0001,LOC_SKU_0001,7,20,"[35.0, 40.9]",A3541,35.0,40.9
3320,12/11/2018,3780205,SKU_0001,4,REF_SKU_0001,LOC_SKU_0001,7,20,"[35.0, 40.9]",A3541,35.0,40.9
3321,12/11/2018,3780059,SKU_0022,5,REF_SKU_0022,LOC_SKU_0022,4,6,"[20.0, 16.2]",A2016,20.0,16.2
3322,12/11/2018,3780471,SKU_0002,3,REF_SKU_0002,LOC_SKU_0002,8,15,"[40.0, 32.1]",A4032,40.0,32.1
3323,12/11/2018,3780776,SKU_0010,1,REF_SKU_0010,LOC_SKU_0010,5,15,"[25.0, 33.0]",A2533,25.0,33.0
3324,12/11/2018,3780466,SKU_0013,5,REF_SKU_0013,LOC_SKU_0013,10,1,"[50.0, 7.6]",A5008,50.0,7.6
3325,12/11/2018,3780012,SKU_0003,2,REF_SKU_0003,LOC_SKU_0003,7,11,"[35.0, 25.3]",A3525,35.0,25.3
3326,12/11/2018,3780631,SKU_0307,1,REF_SKU_0307,LOC_SKU_0307,4,6,"[20.0, 15.7]",A2016,20.0,15.7
3327,12/11/2018,3780927,SKU_0121,5,REF_SKU_0121,LOC_SKU_0121,4,6,"[20.0, 16.1]",A2016,20.0,16.1
3328,12/11/2018,3780974,SKU_0046,2,REF_SKU_0046,LOC_SKU_0046,2,2,"[10.0, 9.7]",A1010,10.0,9.7
3329,12/11/2018,3780290,SKU_0001,1,REF_SKU_0001,LOC_SKU_0001,7,20,"[35.0, 40.9]",A3541,35.0,40.9
3330,12/11/2018,3780850,SKU_0001,5,REF_SKU_0001,LOC_SKU_0001,7,20,"[35.0, 40.9]",A3541,35.0,40.9
3331,12/11/2018,3780760,SKU_0009,4,REF_SKU_0009,LOC_SKU_0009,6,0,"[30.0, 5.5]",A3006,30.0,5.5
3332,12/11/2018,3780354,SKU_0001,2,REF_SKU_0001,LOC_SKU_0001,7,20,"[35.0, 40.9]",A3541,35.0,40.9
3333,12/11/2018,3780639,SKU_0406,4,REF_SKU_0406,LOC_SKU_0406,2,5,"[10.0, 13.6]",A1014,10.0,13.6
3334,12/11/2018,3780075,SKU_0001,3,REF_SKU_0001,LOC_SKU_0001,7,20,"[35.0, 40.9]",A3541,35.0,40.9
3335,12/11/2018,3780873,SKU_0009,5,REF_SKU_0009,LOC_SKU_0009,6,0,"[30.0, 5.5]",A3006,30.0,5.5
3336,12/11/2018,3780716,SKU_0004,5,REF_SKU_0004,LOC_SKU_0004,7,1,"[35.0, 8.1]",A3508,35.0,8.1
3337,12/11/2018,3780561,SKU_0025,2,REF_SKU_0025,LOC_SKU_0025,1,6,"[5.0, 17.0]",A0517,5.0,17.0
3338,12/11/2018,3780591,SKU_0001,5,REF_SKU_0001,LOC_SKU_0001,7,20,"[35.0, 40.9]",A3541,35.0,40.9
3339,12/11/2018,3780441,SKU_0006,3,REF_SKU_0006,LOC_SKU_0006,8,18,"[40.0, 37.0]",A4037,40.0,37.0
3340,12/11/2018,3780991,SKU_0002,5,REF_SKU_0002,LOC_SKU_0002,8,15,"[40.0, 32.1]",A4032,40.0,32.1
3341,12/11/2018,3780241,SKU_0178,1,REF_SKU_0178,LOC_SKU_0178,10,4,"[50.0, 12.5]",A5012,50.0,12.5
3342,12/11/2018,3780861,SKU_0001,4,REF_SKU_0001,LOC_SKU_0001,7,20,"[35.0, 40.9]",A3541,35.0,40.9
3343,12/11/2018,3780154,SKU_0224,3,REF_SKU_0224,LOC_SKU_0224,9,6,"[45.0, 16.1]",A4516,45.0,16.1
3344,12/11/2018,3780786,SKU_0111,3,REF_SKU_0111,LOC_SKU_0111,6,19,"[30.0, 40.2]",A3040,30.0,40.2
3345,12/11/2018,3780096,SKU_0003,4,REF_SKU_0003,LOC_SKU_0003,7,11,"[35.0, 25.3]",A3525,35.0,25.3
3346,12/11/2018,3780726,SKU_0078,4,REF_SKU_0078,LOC_SKU_0078,10,24,"[50.0, 48.3]",A5048,50.0,48.3
3347,12/11/2018,3780294,SKU_0001,3,REF_SKU_0001,LOC_SKU_0001,7,20,"[35.0, 40.9]",A3541,35.0,40.9
3348,12/11/2018,3780209,SKU_0365,4,REF_SKU_0365,LOC_SKU_0365,10,20,"[50.0, 40.6]",A5041,50.0,40.6
3349,12/11/2018,3780343,SKU_0011,2,REF_SKU_0011,LOC_SKU_0011,10,13,"[50.0, 28.9]",A5029,50.0,28.9
3350,12/11/2018,3780088,SKU_0003,4,REF_SKU_0003,LOC_SKU_0003,7,11,"[35.0, 25.3]",A3525,35.0,25.3
3351,12/11/2018,3780818,SKU_0004,1,REF_SKU_0004,LOC_SKU_0004,7,1,"[35.0, 8.1]",A3508,35.0,8.1
3352,12/11/2018,3780776,SKU_0001,1,REF_SKU_0001,LOC_SKU_0001,7,20,"[35.0, 40.9]",A3541,35.0,40.9
3353,12/11/2018,3780937,SKU_0452,2,REF_SKU_0452,LOC_SKU_0452,1,14,"[5.0, 31.1]",A0531,5.0,31.1
3354,12/11/2018,3780390,SKU_0001,4,REF_SKU_0001,LOC_SKU_0001,7,20,"[35.0, 40.9]",A3541,35.0,40.9
3355,12/11/2018,3780325,SKU_0028,1,REF_SKU_0028,LOC_SKU_0028,4,5,"[20.0, 13.7]",A2014,20.0,13.7
3356,12/11/2018,3780940,SKU_0007,5,REF_SKU_0007,LOC_SKU_0007,6,1,"[30.0, 8.0]",A3008,30.0,8.0
3357,12/11/2018,3780889,SKU_0308,4,REF_SKU_0308,LOC_SKU_0308,1,19,"[5.0, 39.2]",A0539,5.0,39.2
3358,12/11/2018,3780832,SKU_0002,2,REF_SKU_0002,LOC_SKU_0002,8,15,"[40.0, 32.1]",A4032,40.0,32.1
3359,12/11/2018,3780157,SKU_0012,4,REF_SKU_0012,LOC_SKU_0012,9,7,"[45.0, 18.5]",A4518,45.0,18.5
3360,12/11/2018,3780668,SKU_0009,3,REF_SKU_0009,LOC_SKU_0009,6,0,"[30.0, 5.5]",A3006,30.0,5.5
3361,12/11/2018,3780651,SKU_0040,3,REF_SKU_0040,LOC_SKU_0040,8,0,"[40.0, 5.7]",A4006,40.0,5.7
3362,12/11/2018,3780633,SKU_0001,1,REF_SKU_0001,LOC_SKU_0001,7,20,"[35.0, 40.9]",A3541,35.0,40.9
3363,12/11/2018,3780577,SKU_0002,3,REF_SKU_0002,LOC_SKU_0002,8,15,"[40.0, 32.1]",A4032,40.0,32.1
3364,12/11/2018,3780619,SKU_0002,2,REF_SKU_0002,LOC_SKU_0002,8,15,"[40.0, 32.1]",A4032,40.0,32.1
3365,12/11/2018,3780659,SKU_0052,1,REF_SKU_0052,LOC_SKU_0052,3,19,"[15.0, 39.4]",A1539,15.0,39.4
3366,12/11/2018,3780137,SKU_0001,2,REF_SKU_0001,LOC_SKU_0001,7,20,"[35.0, 40.9]",A3541,35.0,40.9
3367,12/11/2018,3780923,SKU_0016,2,REF_SKU_0016,LOC_SKU_0016,3,22,"[15.0, 43.8]",A1544,15.0,43.8
3368,12/11/2018,3780674,SKU_0002,3,REF_SKU_0002,LOC_SKU_0002,8,15,"[40.0, 32.1]",A4032,40.0,32.1
3369,12/11/2018,3780428,SKU_0142,3,REF_SKU_0142,LOC_SKU_0142,2,14,"[10.0, 30.3]",A1030,10.0,30.3
3370,12/11/2018,3780452,SKU_0290,2,REF_SKU_0290,LOC_SKU_0290,5,1,"[25.0, 6.7]",A2507,25.0,6.7
3371,12/11/2018,3780612,SKU_0011,3,REF_SKU_0011,LOC_SKU_0011,10,13,"[50.0, 28.9]",A5029,50.0,28.9
3372,12/11/2018,3780850,SKU_0004,3,REF_SKU_0004,LOC_SKU_0004,7,1,"[35.0, 8.1]",A3508,35.0,8.1
3373,12/11/2018,3780911,SKU_0002,3,REF_SKU_0002,LOC_SKU_0002,8,15,"[40.0, 32.1]",A4032,40.0,32.1
3374,12/11/2018,3780819,SKU_0001,4,REF_SKU_0001,LOC_SKU_0001,7,20,"[35.0, 40.9]",A3541,35.0,40.9
3375,12/11/2018,3780141,SKU_0002,2,REF_SKU_0002,LOC_SKU_0002,8,15,"[40.0, 32.1]",A4032,40.0,32.1
3376,12/11/2018,3780083,SKU_0028,5,REF_SKU_0028,LOC_SKU_0028,4,5,"[20.0, 13.7]",A2014,20.0,13.7
3377,12/11/2018,3780177,SKU_0012,2,REF_SKU_0012,LOC_SKU_0012,9,7,"[45.0, 18.5]",A4518,45.0,18.5
3378,12/11/2018,3780198,SKU_0295,1,REF_SKU_0295,LOC_SKU_0295,6,21,"[30.0, 42.4]",A3042,30.0,42.4
3379,12/11/2018,3780624,SKU_0005,3,REF_SKU_0005,LOC_SKU_0005,8,8,"[40.0, 20.4]",A4020,40.0,20.4
3380,12/11/2018,3780568,SKU_0037,3,REF_SKU_0037,LOC_SKU_0037,9,7,"[45.0, 18.7]",A4519,45.0,18.7
3381,12/11/2018,3780972,SKU_0009,5,REF_SKU_0009,LOC_SKU_0009,6,0,"[30.0, 5.5]",A3006,30.0,5.5
3382,12/11/2018,3780691,SKU_0010,1,REF_SKU_0010,LOC_SKU_0010,5,15,"[25.0, 33.0]",A2533,25.0,33.0
3383,12/11/2018,3780421,SKU_0002,4,REF_SKU_0002,LOC_SKU_0002,8,15,"[40.0, 32.1]",A4032,40.0,32.1
3384,12/11/2018,3780401,SKU_0007,2,REF_SKU_0007,LOC_SKU_0007,6,1,"[30.0, 8.0]",A3008,30.0,8.0
3385,12/11/2018,3780698,SKU_0008,4,REF_SKU_0008,LOC_SKU_0008,8,21,"[40.0, 42.5]",A4042,40.0,42.5
3386,12/11/2018,3780471,SKU_0041,1,REF_SKU_0041,LOC_SKU_0041,3,18,"[15.0, 37.0]",A1537,15.0,37.0
3387,12/11/2018,3780218,SKU_0286,5,REF_SKU_0286,LOC_SKU_0286,2,10,"[10.0, 24.0]",A1024,10.0,24.0
3388,12/11/2018,3780925,SKU_0003,1,REF_SKU_0003,LOC_SKU_0003,7,11,"[35.0, 25.3]",A3525,35.0,25.3
3389,12/11/2018,3780929,SKU_0001,5,REF_SKU_0001,LOC_SKU_0001,7,20,"[35.0, 40.9]",A3541,35.0,40.9
3390,12/11/2018,3780828,SKU_0009,4,REF_SKU_0009,LOC_SKU_0009,6,0,"[30.0, 5.5]",A3006,30.0,5.5
3391,12/11/2018,3780987,SKU_0013,4,REF_SKU_0013,LOC_SKU_0013,10,1,"[50.0, 7.6]",A5008,50.0,7.6
3392,12/11/2018,3780729,SKU_0001,1,REF_SKU_0001,LOC_SKU_0001,7,20,"[35.0, 40.9]",A3541,35.0,40.9
3393,12/11/2018,3780632,SKU_0062,1,REF_SKU_0062,LOC_SKU_0062,6,22,"[30.0, 44.7]",A3045,30.0,44.7
3394,12/11/2018,3780951,SKU_0433,3,REF_SKU_0433,LOC_SKU_0433,5,22,"[25.0, 44.5]",A2544,25.0,44.5
3395,12/11/2018,3780906,SKU_0300,5,REF_SKU_0300,LOC_SKU_0300,1,13,"[5.0, 29.3]",A0529,5.0,29.3
3396,12/11/2018,3780175,SKU_0002,3,REF_SKU_0002,LOC_SKU_0002,8,15,"[40.0, 32.1]",A4032,40.0,32.1
3397,12/11/2018,3780023,SKU_0160,2,REF_SKU_0160,LOC_SKU_0160,6,15,"[30.0, 31.8]",A3032,30.0,31.8
3398,12/11/2018,3780725,SKU_0040,2,REF_SKU_0040,LOC_SKU_0040,8,0,"[40.0, 5.7]",A4006,40.0,5.7
3399,12/11/2018,3780917,SKU_0007,1,REF_SKU_0007,LOC_SKU_0007,6,1,"[30.0, 8.0]",A3008,30.0,8.0
3400,12/11/2018,3780235,SKU_0013,4,REF_SKU_0013,LOC_SKU_0013,10,1,"[50.0, 7.6]",A5008,50.0,7.6
3401,12/11/2018,3780013,SKU_0128,2,REF_SKU_0128,LOC_SKU_0128,6,24,"[30.0, 49.1]",A3049,30.0,49.1
3402,12/11/2018,3780101,SKU_0008,2,REF_SKU_0008,LOC_SKU_0008,8,21,"[40.0, 42.5]",A4042,40.0,42.5
3403,12/11/2018,3780929,SKU_0004,3,REF_SKU_0004,LOC_SKU_0004,7,1,"[35.0, 8.1]",A3508,35.0,8.1
3404,12/11/2018,3780536,SKU_0009,3,REF_SKU_0009,LOC_SKU_0009,6,0,"[30.0, 5.5]",A3006,30.0,5.5
3405,12/11/2018,3780876,SKU_0016,2,REF_SKU_0016,LOC_SKU_0016,3,22,"[15.0, 43.8]",A1544,15.0,43.8
3406,12/11/2018,3780523,SKU_0001,1,REF_SKU_0001,LOC_SKU_0001,7,20,"[35.0, 40.9]",A3541,35.0,40.9
3407,12/11/2018,3780785,SKU_0200,3,REF_SKU_0200,LOC_SKU_0200,7,24,"[35.0, 47.5]",A3548,35.0,47.5
3408,12/11/2018,3780452,SKU_0032,2,REF_SKU_0032,LOC_SKU_0032,8,14,"[40.0, 30.9]",A4031,40.0,30.9
3409,12/11/2018,3780431,SKU_0024,4,REF_SKU_0024,LOC_SKU_0024,8,1,"[40.0, 7.0]",A4007,40.0,7.0
3410,12/11/2018,3780793,SKU_0001,3,REF_SKU_0001,LOC_SKU_0001,7,20,"[35.0, 40.9]",A3541,35.0,40.9
3411,12/11/2018,3780606,SKU_0019,2,REF_SKU_0019,LOC_SKU_0019,9,24,"[45.0, 48.5]",A4548,45.0,48.5
3412,12/11/2018,3780713,SKU_0001,5,REF_SKU_0001,LOC_SKU_0001,7,20,"[35.0, 40.9]",A3541,35.0,40.9
3413,12/11/2018,3780533,SKU_0001,3,REF_SKU_0001,LOC_SKU_0001,7,20,"[35.0, 40.9]",A3541,35.0,40.9
3414,12/11/2018,3780852,SKU_0011,5,REF_SKU_0011,LOC_SKU_0011,10,13,"[50.0, 28.9]",A5029,50.0,28.9
3415,12/11/2018,3780979,SKU_0005,3,REF_SKU_0005,LOC_SKU_0005,8,8,"[40.0, 20.4]",A4020,40.0,20.4
3416,12/11/2018,3780723,SKU_0017,3,REF_SKU_0017,LOC_SKU_0017,7,4,"[35.0, 13.1]",A3513,35.0,13.1
3417,12/11/2018,3780652,SKU_0001,5,REF_SKU_0001,LOC_SKU_0001,7,20,"[35.0, 40.9]",A3541,35.0,40.9
3418,12/11/2018,3780293,SKU_0006,1,REF_SKU_0006,LOC_SKU_0006,8,18,"[40.0, 37.0]",A4037,40.0,37.0
3419,12/11/2018,3780810,SKU_0001,2,REF_SKU_0001,LOC_SKU_0001,7,20,"[35.0, 40.9]",A3541,35.0,40.9
3420,12/11/2018,3780913,SKU_0442,1,REF_SKU_0442,LOC_SKU_0442,5,21,"[25.0, 42.3]",A2542,25.0,42.3
3421,12/11/2018,3780101,SKU_0014,1,REF_SKU_0014,LOC_SKU_0014,3,10,"[15.0, 22.5]",A1522,15.0,22.5
3422,12/11/2018,3780502,SKU_0035,2,REF_SKU_0035,LOC_SKU_0035,2,13,"[10.0, 29.5]",A1030,10.0,29.5
3423,12/11/2018,3780304,SKU_0003,4,REF_SKU_0003,LOC_SKU_0003,7,11,"[35.0, 25.3]",A3525,35.0,25.3
3424,12/11/2018,3780871,SKU_0001,1,REF_SKU_0001,LOC_SKU_0001,7,20,"[35.0, 40.9]",A3541,35.0,40.9
3425,12/11/2018,3780540,SKU_0397,1,REF_SKU_0397,LOC_SKU_0397,2,8,"[10.0, 19.8]",A1020,10.0,19.8
3426,12/11/2018,3780553,SKU_0003,1,REF_SKU_0003,LOC_SKU_0003,7,11,"[35.0, 25.3]",A3525,35.0,25.3
3427,12/11/2018,3780355,SKU_0006,4,REF_SKU_0006,LOC_SKU_0006,8,18,"[40.0, 37.0]",A4037,40.0,37.0
3428,12/11/2018,3780303,SKU_0027,3,REF_SKU_0027,LOC_SKU_0027,6,5,"[30.0, 14.8]",A3015,30.0,14.8
3429,12/11/2018,3780496,SKU_0001,5,REF_SKU_0001,LOC_SKU_0001,7,20,"[35.0, 40.9]",A3541,35.0,40.9
3430,12/11/2018,3780658,SKU_0092,5,REF_SKU_0092,LOC_SKU_0092,1,4,"[5.0, 12.2]",A0512,5.0,12.2
3431,12/11/2018,3780768,SKU_0012,4,REF_SKU_0012,LOC_SKU_0012,9,7,"[45.0, 18.5]",A4518,45.0,18.5
3432,12/11/2018,3780974,SKU_0002,1,REF_SKU_0002,LOC_SKU_0002,8,15,"[40.0, 32.1]",A4032,40.0,32.1
3433,12/11/2018,3780227,SKU_0001,5,REF_SKU_0001,LOC_SKU_0001,7,20,"[35.0, 40.9]",A3541,35.0,40.9
3434,12/11/2018,3780236,SKU_0001,4,REF_SKU_0001,LOC_SKU_0001,7,20,"[35.0, 40.9]",A3541,35.0,40.9
3435,12/11/2018,3780873,SKU_0190,2,REF_SKU_0190,LOC_SKU_0190,10,19,"[50.0, 39.5]",A5040,50.0,39.5
3436,12/11/2018,3780892,SKU_0035,5,REF_SKU_0035,LOC_SKU_0035,2,13,"[10.0, 29.5]",A1030,10.0,29.5
3437,12/11/2018,3780455,SKU_0002,2,REF_SKU_0002,LOC_SKU_0002,8,15,"[40.0, 32.1]",A4032,40.0,32.1
3438,12/11/2018,3780013,SKU_0001,1,REF_SKU_0001,LOC_SKU_0001,7,20,"[35.0, 40.9]",A3541,35.0,40.9
3439,12/11/2018,3780210,SKU_0036,5,REF_SKU_0036,LOC_SKU_0036,8,9,"[40.0, 21.4]",A4021,40.0,21.4
3440,12/11/2018,3780741,SKU_0016,4,REF_SKU_0016,LOC_SKU_0016,3,22,"[15.0, 43.8]",A1544,15.0,43.8
3441,12/11/2018,3780397,SKU_0005,3,REF_SKU_0005,LOC_SKU_0005,8,8,"[40.0, 20.4]",A4020,40.0,20.4
3442,12/11/2018,3780100,SKU_0004,5,REF_SKU_0004,LOC_SKU_0004,7,1,"[35.0, 8.1]",A3508,35.0,8.1
3443,12/11/2018,3780031,SKU_0002,5,REF_SKU_0002,LOC_SKU_0002,8,15,"[40.0, 32.1]",A4032,40.0,32.1
3444,12/11/2018,3780898,SKU_0031,5,REF_SKU_0031,LOC_SKU_0031,4,15,"[20.0, 32.1]",A2032,20.0,32.1
3445,12/11/2018,3780528,SKU_0378,5,REF_SKU_0378,LOC_SKU_0378,7,1,"[35.0, 7.8]",A3508,35.0,7.8
3446,12/11/2018,3780649,SKU_0001,4,REF_SKU_0001,LOC_SKU_0001,7,20,"[35.0, 40.9]",A3541,35.0,40.9
3447,12/11/2018,3780329,SKU_0018,4,REF_SKU_0018,LOC_SKU_0018,7,0,"[35.0, 6.1]",A3506,35.0,6.1
3448,12/11/2018,3780166,SKU_0006,3,REF_SKU_0006,LOC_SKU_0006,8,18,"[40.0, 37.0]",A4037,40.0,37.0
3449,12/11/2018,3780459,SKU_0007,4,REF_SKU_0007,LOC_SKU_0007,6,1,"[30.0, 8.0]",A3008,30.0,8.0
3450,12/11/2018,3780822,SKU_0002,4,REF_SKU_0002,LOC_SKU_0002,8,15,"[40.0, 32.1]",A4032,40.0,32.1
3451,12/11/2018,3780952,SKU_0104,1,REF_SKU_0104,LOC_SKU_0104,10,25,"[50.0, 49.2]",A5049,50.0,49.2
3452,12/11/2018,3780982,SKU_0009,1,REF_SKU_0009,LOC_SKU_0009,6,0,"[30.0, 5.5]",A3006,30.0,5.5
3453,12/11/2018,3780993,SKU_0013,2,REF_SKU_0013,LOC_SKU_0013,10,1,"[50.0, 7.6]",A5008,50.0,7.6
3454,12/11/2018,3780100,SKU_0003,3,REF_SKU_0003,LOC_SKU_0003,7,11,"[35.0, 25.3]",A3525,35.0,25.3
3455,12/11/2018,3780621,SKU_0001,1,REF_SKU_0001,LOC_SKU_0001,7,20,"[35.0, 40.9]",A3541,35.0,40.9
3456,12/11/2018,3780855,SKU_0001,3,REF_SKU_0001,LOC_SKU_0001,7,20,"[35.0, 40.9]",A3541,35.0,40.9
3457,12/11/2018,3780173,SKU_0043,3,REF_SKU_0043,LOC_SKU_0043,5,23,"[25.0, 46.7]",A2547,25.0,46.7
3458,12/11/2018,3780749,SKU_0002,5,REF_SKU_0002,LOC_SKU_0002,8,15,"[40.0, 32.1]",A4032,40.0,32.1
3459,12/11/2018,3780162,SKU_0036,3,REF_SKU_0036,LOC_SKU_0036,8,9,"[40.0, 21.4]",A4021,40.0,21.4
3460,12/11/2018,3780905,SKU_0005,5,REF_SKU_0005,LOC_SKU_0005,8,8,"[40.0, 20.4]",A4020,40.0,20.4
3461,12/11/2018,3780728,SKU_0006,2,REF_SKU_0006,LOC_SKU_0006,8,18,"[40.0, 37.0]",A4037,40.0,37.0
3462,12/11/2018,3780776,SKU_0008,2,REF_SKU_0008,LOC_SKU_0008,8,21,"[40.0, 42.5]",A4042,40.0,42.5
3463,12/11/2018,3780263,SKU_0004,2,REF_SKU_0004,LOC_SKU_0004,7,1,"[35.0, 8.1]",A3508,35.0,8.1
3464,12/11/2018,3780804,SKU_0001,5,REF_SKU_0001,LOC_SKU_0001,7,20,"[35.0, 40.9]",A3541,35.0,40.9
3465,12/11/2018,3780274,SKU_0003,5,REF_SKU_0003,LOC_SKU_0003,7,11,"[35.0, 25.3]",A3525,35.0,25.3
3466,12/11/2018,3780003,SKU_0030,2,REF_SKU_0030,LOC_SKU_0030,2,10,"[10.0, 23.1]",A1023,10.0,23.1
3467,12/11/2018,3780028,SKU_0030,5,REF_SKU_0030,LOC_SKU_0030,2,10,"[10.0, 23.1]",A1023,10.0,23.1
3468,12/11/2018,3780326,SKU_0003,4,REF_SKU_0003,LOC_SKU_0003,7,11,"[35.0, 25.3]",A3525,35.0,25.3
3469,12/11/2018,3780940,SKU_0007,4,REF_SKU_0007,LOC_SKU_0007,6,1,"[30.0, 8.0]",A3008,30.0,8.0
3470,12/11/2018,3780149,SKU_0002,5,REF_SKU_0002,LOC_SKU_0002,8,15,"[40.0, 32.1]",A4032,40.0,32.1
3471,12/11/2018,3780540,SKU_0002,5,REF_SKU_0002,LOC_SKU_0002,8,15,"[40.0, 32.1]",A4032,40.0,32.1
3472,12/11/2018,3780488,SKU_0001,1,REF_SKU_0001,LOC_SKU_0001,7,20,"[35.0, 40.9]",A3541,35.0,40.9
3473,12/11/2018,3780822,SKU_0193,1,REF_SKU_0193,LOC_SKU_0193,5,10,"[25.0, 23.2]",A2523,25.0,23.2
3474,12/11/2018,3780438,SKU_0002,3,REF_SKU_0002,LOC_SKU_0002,8,15,"[40.0, 32.1]",A4032,40.0,32.1
3475,12/11/2018,3780065,SKU_0002,3,REF_SKU_0002,LOC_SKU_0002,8,15,"[40.0, 32.1]",A4032,40.0,32.1
3476,12/11/2018,3780356,SKU_0002,3,REF_SKU_0002,LOC_SKU_0002,8,15,"[40.0, 32.1]",A4032,40.0,32.1
3477,12/11/2018,3780533,SKU_0001,2,REF_SKU_0001,LOC_SKU_0001,7,20,"[35.0, 40.9]",A3541,35.0,40.9
3478,12/11/2018,3780252,SKU_0025,4,REF_SKU_0025,LOC_SKU_0025,1,6,"[5.0, 17.0]",A0517,5.0,17.0
3479,12/11/2018,3780235,SKU_0001,2,REF_SKU_0001,LOC_SKU_0001,7,20,"[35.0, 40.9]",A3541,35.0,40.9
3480,12/11/2018,3780227,SKU_0001,5,REF_SKU_0001,LOC_SKU_0001,7,20,"[35.0, 40.9]",A3541,35.0,40.9
3481,12/11/2018,3780525,SKU_0026,1,REF_SKU_0026,LOC_SKU_0026,8,19,"[40.0, 39.1]",A4039,40.0,39.1
3482,12/11/2018,3780313,SKU_0004,5,REF_SKU_0004,LOC_SKU_0004,7,1,"[35.0, 8.1]",A3508,35.0,8.1
3483,12/11/2018,3780049,SKU_0041,5,REF_SKU_0041,LOC_SKU_0041,3,18,"[15.0, 37.0]",A1537,15.0,37.0
3484,12/11/2018,3780118,SKU_0014,1,REF_SKU_0014,LOC_SKU_0014,3,10,"[15.0, 22.5]",A1522,15.0,22.5
3485,12/11/2018,3780054,SKU_0002,5,REF_SKU_0002,LOC_SKU_0002,8,15,"[40.0, 32.1]",A4032,40.0,32.1
3486,12/11/2018,3780650,SKU_0027,3,REF_SKU_0027,LOC_SKU_0027,6,5,"[30.0, 14.8]",A3015,30.0,14.8
3487,12/11/2018,3780565,SKU_0001,1,REF_SKU_0001,LOC_SKU_0001,7,20,"[35.0, 40.9]",A3541,35.0,40.9
3488,12/11/2018,3780044,SKU_0012,5,REF_SKU_0012,LOC_SKU_0012,9,7,"[45.0, 18.5]",A4518,45.0,18.5
3489,12/11/2018,3780815,SKU_0006,3,REF_SKU_0006,LOC_SKU_0006,8,18,"[40.0, 37.0]",A4037,40.0,37.0
3490,12/11/2018,3780053,SKU_0002,3,REF_SKU_0002,LOC_SKU_0002,8,15,"[40.0, 32.1]",A4032,40.0,32.1
3491,12/11/2018,3780586,SKU_0019,4,REF_SKU_0019,LOC_SKU_0019,9,24,"[45.0, 48.5]",A4548,45.0,48.5
3492,12/11/2018,3780558,SKU_0154,3,REF_SKU_0154,LOC_SKU_0154,4,20,"[20.0, 41.0]",A2041,20.0,41.0
3493,12/11/2018,3780525,SKU_0495,2,REF_SKU_0495,LOC_SKU_0495,8,1,"[40.0, 6.7]",A4007,40.0,6.7
3494,12/11/2018,3780677,SKU_0020,1,REF_SKU_0020,LOC_SKU_0020,2,10,"[10.0, 22.7]",A1023,10.0,22.7
3495,12/11/2018,3780102,SKU_0005,1,REF_SKU_0005,LOC_SKU_0005,8,8,"[40.0, 20.4]",A4020,40.0,20.4
3496,12/11/2018,3780792,SKU_0002,1,REF_SKU_0002,LOC_SKU_0002,8,15,"[40.0, 32.1]",A4032,40.0,32.1
3497,12/11/2018,3780770,SKU_0002,5,REF_SKU_0002,LOC_SKU_0002,8,15,"[40.0, 32.1]",A4032,40.0,32.1
3498,12/11/2018,3780982,SKU_0008,5,REF_SKU_0008,LOC_SKU_0008,8,21,"[40.0, 42.5]",A4042,40.0,42.5
3499,12/11/2018,3780849,SKU_0004,2,REF_SKU_0004,LOC_SKU_0004,7,1,"[35.0, 8.1]",A3508,35.0,8.1
3500,12/11/2018,3780868,SKU_0224,3,REF_SKU_0224,LOC_SKU_0224,9,6,"[45.0, 16.1]",A4516,45.0,16.1
3501,12/11/2018,3780398,SKU_0004,5,REF_SKU_0004,LOC_SKU_0004,7,1,"[35.0, 8.1]",A3508,35.0,8.1
3502,12/11/2018,3780138,SKU_0004,3,REF_SKU_0004,LOC_SKU_0004,7,1,"[35.0, 8.1]",A3508,35.0,8.1
3503,12/11/2018,3780675,SKU_0005,3,REF_SKU_0005,LOC_SKU_0005,8,8,"[40.0, 20.4]",A4020,40.0,20.4
3504,12/11/2018,3780921,SKU_0115,5,REF_SKU_0115,LOC_SKU_0115,3,9,"[15.0, 22.1]",A1522,15.0,22.1
3505,12/11/2018,3780387,SKU_0027,5,REF_SKU_0027,LOC_SKU_0027,6,5,"[30.0, 14.8]",A3015,30.0,14.8
3506,12/11/2018,3780111,SKU_0021,2,REF_SKU_0021,LOC_SKU_0021,10,2,"[50.0, 9.8]",A5010,50.0,9.8
3507,12/11/2018,3780614,SKU_0003,4,REF_SKU_0003,LOC_SKU_0003,7,11,"[35.0, 25.3]",A3525,35.0,25.3
3508,12/11/2018,3780017,SKU_0098,1,REF_SKU_0098,LOC_SKU_0098,4,24,"[20.0, 47.4]",A2047,20.0,47.4
3509,12/11/2018,3780780,SKU_0001,5,REF_SKU_0001,LOC_SKU_0001,7,20,"[35.0, 40.9]",A3541,35.0,40.9
3510,12/11/2018,3780182,SKU_0154,5,REF_SKU_0154,LOC_SKU_0154,4,20,"[20.0, 41.0]",A2041,20.0,41.0
3511,12/11/2018,3780884,SKU_0010,3,REF_SKU_0010,LOC_SKU_0010,5,15,"[25.0, 33.0]",A2533,25.0,33.0
3512,12/11/2018,3780536,SKU_0005,4,REF_SKU_0005,LOC_SKU_0005,8,8,"[40.0, 20.4]",A4020,40.0,20.4
3513,12/11/2018,3780541,SKU_0009,5,REF_SKU_0009,LOC_SKU_0009,6,0,"[30.0, 5.5]",A3006,30.0,5.5
3514,12/11/2018,3780171,SKU_0031,4,REF_SKU_0031,LOC_SKU_0031,4,15,"[20.0, 32.1]",A2032,20.0,32.1
3515,12/11/2018,3780409,SKU_0001,1,REF_SKU_0001,LOC_SKU_0001,7,20,"[35.0, 40.9]",A3541,35.0,40.9
3516,12/11/2018,3780740,SKU_0155,3,REF_SKU_0155,LOC_SKU_0155,1,2,"[5.0, 8.7]",A0509,5.0,8.7
3517,12/11/2018,3780378,SKU_0007,2,REF_SKU_0007,LOC_SKU_0007,6,1,"[30.0, 8.0]",A3008,30.0,8.0
3518,12/11/2018,3780188,SKU_0004,1,REF_SKU_0004,LOC_SKU_0004,7,1,"[35.0, 8.1]",A3508,35.0,8.1
3519,12/11/2018,3780858,SKU_0001,4,REF_SKU_0001,LOC_SKU_0001,7,20,"[35.0, 40.9]",A3541,35.0,40.9
3520,12/11/2018,3780230,SKU_0006,4,REF_SKU_0006,LOC_SKU_0006,8,18,"[40.0, 37.0]",A4037,40.0,37.0
3521,12/11/2018,3780833,SKU_0009,1,REF_SKU_0009,LOC_SKU_0009,6,0,"[30.0, 5.5]",A3006,30.0,5.5
3522,12/11/2018,3780852,SKU_0005,4,REF_SKU_0005,LOC_SKU_0005,8,8,"[40.0, 20.4]",A4020,40.0,20.4
3523,12/11/2018,3780119,SKU_0033,2,REF_SKU_0033,LOC_SKU_0033,9,24,"[45.0, 48.3]",A4548,45.0,48.3
3524,12/11/2018,3780156,SKU_0006,2,REF_SKU_0006,LOC_SKU_0006,8,18,"[40.0, 37.0]",A4037,40.0,37.0
3525,12/11/2018,3780784,SKU_0347,4,REF_SKU_0347,LOC_SKU_0347,8,22,"[40.0, 44.4]",A4044,40.0,44.4
3526,12/11/2018,3780687,SKU_0019,4,REF_SKU_0019,LOC_SKU_0019,9,24,"[45.0, 48.5]",A4548,45.0,48.5
3527,12/11/2018,3780465,SKU_0090,2,REF_SKU_0090,LOC_SKU_0090,4,25,"[20.0, 49.3]",A2049,20.0,49.3
3528,12/11/2018,3780104,SKU_0001,4,REF_SKU_0001,LOC_SKU_0001,7,20,"[35.0, 40.9]",A3541,35.0,40.9
3529,12/11/2018,3780604,SKU_0005,5,REF_SKU_0005,LOC_SKU_0005,8,8,"[40.0, 20.4]",A4020,40.0,20.4
3530,12/11/2018,3780698,SKU_0003,3,REF_SKU_0003,LOC_SKU_0003,7,11,"[35.0, 25.3]",A3525,35.0,25.3
3531,12/11/2018,3780972,SKU_0015,5,REF_SKU_0015,LOC_SKU_0015,4,15,"[20.0, 31.9]",A2032,20.0,31.9
3532,12/11/2018,3780795,SKU_0141,4,REF_SKU_0141,LOC_SKU_0141,1,8,"[5.0, 19.6]",A0520,5.0,19.6
3533,12/11/2018,3780502,SKU_0001,4,REF_SKU_0001,LOC_SKU_0001,7,20,"[35.0, 40.9]",A3541,35.0,40.9
3534,12/11/2018,3780693,SKU_0001,3,REF_SKU_0001,LOC_SKU_0001,7,20,"[35.0, 40.9]",A3541,35.0,40.9
3535,12/11/2018,3780682,SKU_0129,4,REF_SKU_0129,LOC_SKU_0129,3,22,"[15.0, 45.2]",A1545,15.0,45.2
3536,12/11/2018,3780699,SKU_0002,3,REF_SKU_0002,LOC_SKU_0002,8,15,"[40.0, 32.1]",A4032,40.0,32.1
3537,12/11/2018,3780175,SKU_0031,2,REF_SKU_0031,LOC_SKU_0031,4,15,"[20.0, 32.1]",A2032,20.0,32.1
3538,12/11/2018,3780734,SKU_0013,3,REF_SKU_0013,LOC_SKU_0013,10,1,"[50.0, 7.6]",A5008,50.0,7.6
3539,12/11/2018,3780745,SKU_0111,3,REF_SKU_0111,LOC_SKU_0111,6,19,"[30.0, 40.2]",A3040,30.0,40.2
3540,12/11/2018,3780674,SKU_0001,5,REF_SKU_0001,LOC_SKU_0001,7,20,"[35.0, 40.9]",A3541,35.0,40.9
3541,12/11/2018,3780421,SKU_0001,4,REF_SKU_0001,LOC_SKU_0001,7,20,"[35.0, 40.9]",A3541,35.0,40.9
3542,12/11/2018,3780134,SKU_0014,2,REF_SKU_0014,LOC_SKU_0014,3,10,"[15.0, 22.5]",A1522,15.0,22.5
3543,12/11/2018,3780391,SKU_0301,1,REF_SKU_0301,LOC_SKU_0301,5,25,"[25.0, 49.9]",A2550,25.0,49.9
3544,12/11/2018,3780992,SKU_0006,3,REF_SKU_0006,LOC_SKU_0006,8,18,"[40.0, 37.0]",A4037,40.0,37.0
3545,12/11/2018,3780736,SKU_0003,1,REF_SKU_0003,LOC_SKU_0003,7,11,"[35.0, 25.3]",A3525,35.0,25.3
3546,12/11/2018,3780501,SKU_0020,4,REF_SKU_0020,LOC_SKU_0020,2,10,"[10.0, 22.7]",A1023,10.0,22.7
3547,12/11/2018,3780665,SKU_0260,3,REF_SKU_0260,LOC_SKU_0260,9,19,"[45.0, 38.6]",A4539,45.0,38.6
3548,12/11/2018,3780033,SKU_0115,1,REF_SKU_0115,LOC_SKU_0115,3,9,"[15.0, 22.1]",A1522,15.0,22.1
3549,12/11/2018,3780055,SKU_0479,5,REF_SKU_0479,LOC_SKU_0479,8,13,"[40.0, 27.8]",A4028,40.0,27.8
3550,12/11/2018,3780954,SKU_0001,1,REF_SKU_0001,LOC_SKU_0001,7,20,"[35.0, 40.9]",A3541,35.0,40.9
3551,12/11/2018,3780519,SKU_0001,5,REF_SKU_0001,LOC_SKU_0001,7,20,"[35.0, 40.9]",A3541,35.0,40.9
3552,12/11/2018,3780756,SKU_0020,2,REF_SKU_0020,LOC_SKU_0020,2,10,"[10.0, 22.7]",A1023,10.0,22.7
3553,12/11/2018,3780825,SKU_0100,4,REF_SKU_0100,LOC_SKU_0100,2,21,"[10.0, 42.8]",A1043,10.0,42.8
3554,12/11/2018,3780638,SKU_0003,1,REF_SKU_0003,LOC_SKU_0003,7,11,"[35.0, 25.3]",A3525,35.0,25.3
3555,12/11/2018,3780012,SKU_0002,3,REF_SKU_0002,LOC_SKU_0002,8,15,"[40.0, 32.1]",A4032,40.0,32.1
3556,12/11/2018,3780528,SKU_0076,4,REF_SKU_0076,LOC_SKU_0076,8,18,"[40.0, 36.8]",A4037,40.0,36.8
3557,12/11/2018,3780720,SKU_0001,1,REF_SKU_0001,LOC_SKU_0001,7,20,"[35.0, 40.9]",A3541,35.0,40.9
3558,12/11/2018,3780555,SKU_0004,3,REF_SKU_0004,LOC_SKU_0004,7,1,"[35.0, 8.1]",A3508,35.0,8.1
3559,12/11/2018,3780373,SKU_0010,3,REF_SKU_0010,LOC_SKU_0010,5,15,"[25.0, 33.0]",A2533,25.0,33.0
3560,12/11/2018,3780484,SKU_0014,3,REF_SKU_0014,LOC_SKU_0014,3,10,"[15.0, 22.5]",A1522,15.0,22.5
3561,12/11/2018,3780973,SKU_0048,3,REF_SKU_0048,LOC_SKU_0048,8,17,"[40.0, 35.1]",A4035,40.0,35.1
3562,12/11/2018,3780647,SKU_0004,1,REF_SKU_0004,LOC_SKU_0004,7,1,"[35.0, 8.1]",A3508,35.0,8.1
3563,12/11/2018,3780228,SKU_0021,2,REF_SKU_0021,LOC_SKU_0021,10,2,"[50.0, 9.8]",A5010,50.0,9.8
3564,12/11/2018,3780623,SKU_0017,5,REF_SKU_0017,LOC_SKU_0017,7,4,"[35.0, 13.1]",A3513,35.0,13.1
3565,12/11/2018,3780307,SKU_0013,5,REF_SKU_0013,LOC_SKU_0013,10,1,"[50.0, 7.6]",A5008,50.0,7.6
3566,12/11/2018,3780457,SKU_0025,5,REF_SKU_0025,LOC_SKU_0025,1,6,"[5.0, 17.0]",A0517,5.0,17.0
3567,12/11/2018,3780160,SKU_0002,2,REF_SKU_0002,LOC_SKU_0002,8,15,"[40.0, 32.1]",A4032,40.0,32.1
3568,12/11/2018,3780331,SKU_0001,3,REF_SKU_0001,LOC_SKU_0001,7,20,"[35.0, 40.9]",A3541,35.0,40.9
3569,12/11/2018,3780776,SKU_0001,3,REF_SKU_0001,LOC_SKU_0001,7,20,"[35.0, 40.9]",A3541,35.0,40.9
3570,12/11/2018,3780225,SKU_0002,4,REF_SKU_0002,LOC_SKU_0002,8,15,"[40.0, 32.1]",A4032,40.0,32.1
3571,12/11/2018,3780983,SKU_0010,5,REF_SKU_0010,LOC_SKU_0010,5,15,"[25.0, 33.0]",A2533,25.0,33.0
3572,12/11/2018,3780729,SKU_0119,5,REF_SKU_0119,LOC_SKU_0119,3,16,"[15.0, 34.5]",A1534,15.0,34.5
3573,12/11/2018,3780504,SKU_0039,3,REF_SKU_0039,LOC_SKU_0039,9,19,"[45.0, 39.9]",A4540,45.0,39.9
3574,12/11/2018,3780456,SKU_0078,5,REF_SKU_0078,LOC_SKU_0078,10,24,"[50.0, 48.3]",A5048,50.0,48.3
3575,12/11/2018,3780045,SKU_0004,3,REF_SKU_0004,LOC_SKU_0004,7,1,"[35.0, 8.1]",A3508,35.0,8.1
3576,12/11/2018,3780214,SKU_0005,3,REF_SKU_0005,LOC_SKU_0005,8,8,"[40.0, 20.4]",A4020,40.0,20.4
3577,12/11/2018,3780059,SKU_0005,3,REF_SKU_0005,LOC_SKU_0005,8,8,"[40.0, 20.4]",A4020,40.0,20.4
3578,12/11/2018,3780644,SKU_0002,1,REF_SKU_0002,LOC_SKU_0002,8,15,"[40.0, 32.1]",A4032,40.0,32.1
3579,12/11/2018,3780616,SKU_0001,1,REF_SKU_0001,LOC_SKU_0001,7,20,"[35.0, 40.9]",A3541,35.0,40.9
3580,12/11/2018,3780195,SKU_0018,1,REF_SKU_0018,LOC_SKU_0018,7,0,"[35.0, 6.1]",A3506,35.0,6.1
3581,12/11/2018,3780925,SKU_0451,1,REF_SKU_0451,LOC_SKU_0451,8,16,"[40.0, 34.5]",A4034,40.0,34.5
3582,12/11/2018,3780489,SKU_0001,2,REF_SKU_0001,LOC_SKU_0001,7,20,"[35.0, 40.9]",A3541,35.0,40.9
3583,12/11/2018,3780157,SKU_0001,4,REF_SKU_0001,LOC_SKU_0001,7,20,"[35.0, 40.9]",A3541,35.0,40.9
3584,12/11/2018,3780610,SKU_0072,4,REF_SKU_0072,LOC_SKU_0072,9,12,"[45.0, 27.1]",A4527,45.0,27.1
3585,12/11/2018,3780226,SKU_0002,3,REF_SKU_0002,LOC_SKU_0002,8,15,"[40.0, 32.1]",A4032,40.0,32.1
3586,12/11/2018,3780412,SKU_0108,5,REF_SKU_0108,LOC_SKU_0108,7,8,"[35.0, 20.6]",A3521,35.0,20.6
3587,12/11/2018,3780205,SKU_0040,1,REF_SKU_0040,LOC_SKU_0040,8,0,"[40.0, 5.7]",A4006,40.0,5.7
3588,12/11/2018,3780079,SKU_0299,4,REF_SKU_0299,LOC_SKU_0299,7,22,"[35.0, 44.0]",A3544,35.0,44.0
3589,12/11/2018,3780124,SKU_0005,4,REF_SKU_0005,LOC_SKU_0005,8,8,"[40.0, 20.4]",A4020,40.0,20.4
3590,12/11/2018,3780471,SKU_0029,1,REF_SKU_0029,LOC_SKU_0029,2,19,"[10.0, 40.0]",A1040,10.0,40.0
3591,12/11/2018,3780940,SKU_0008,2,REF_SKU_0008,LOC_SKU_0008,8,21,"[40.0, 42.5]",A4042,40.0,42.5
3592,12/11/2018,3780218,SKU_0023,2,REF_SKU_0023,LOC_SKU_0023,7,15,"[35.0, 32.6]",A3533,35.0,32.6
3593,12/11/2018,3780516,SKU_0007,4,REF_SKU_0007,LOC_SKU_0007,6,1,"[30.0, 8.0]",A3008,30.0,8.0
3594,12/11/2018,3780602,SKU_0001,2,REF_SKU_0001,LOC_SKU_0001,7,20,"[35.0, 40.9]",A3541,35.0,40.9
3595,12/11/2018,3780104,SKU_0010,1,REF_SKU_0010,LOC_SKU_0010,5,15,"[25.0, 33.0]",A2533,25.0,33.0
3596,12/11/2018,3780393,SKU_0012,4,REF_SKU_0012,LOC_SKU_0012,9,7,"[45.0, 18.5]",A4518,45.0,18.5
3597,12/11/2018,3780631,SKU_0093,1,REF_SKU_0093,LOC_SKU_0093,6,17,"[30.0, 36.5]",A3036,30.0,36.5
3598,12/11/2018,3780645,SKU_0051,2,REF_SKU_0051,LOC_SKU_0051,5,24,"[25.0, 48.7]",A2549,25.0,48.7
3599,12/11/2018,3780824,SKU_0030,1,REF_SKU_0030,LOC_SKU_0030,2,10,"[10.0, 23.1]",A1023,10.0,23.1
3600,12/11/2018,3780608,SKU_0001,2,REF_SKU_0001,LOC_SKU_0001,7,20,"[35.0, 40.9]",A3541,35.0,40.9
3601,12/11/2018,3780980,SKU_0045,2,REF_SKU_0045,LOC_SKU_0045,7,21,"[35.0, 43.3]",A3543,35.0,43.3
3602,12/11/2018,3780434,SKU_0010,1,REF_SKU_0010,LOC_SKU_0010,5,15,"[25.0, 33.0]",A2533,25.0,33.0
3603,12/11/2018,3780331,SKU_0188,2,REF_SKU_0188,LOC_SKU_0188,5,2,"[25.0, 9.7]",A2510,25.0,9.7
3604,12/11/2018,3780143,SKU_0237,3,REF_SKU_0237,LOC_SKU_0237,10,24,"[50.0, 48.9]",A5049,50.0,48.9
3605,12/11/2018,3780800,SKU_0001,1,REF_SKU_0001,LOC_SKU_0001,7,20,"[35.0, 40.9]",A3541,35.0,40.9
3606,12/11/2018,3780540,SKU_0101,3,REF_SKU_0101,LOC_SKU_0101,9,3,"[45.0, 10.5]",A4510,45.0,10.5
3607,12/11/2018,3780278,SKU_0001,1,REF_SKU_0001,LOC_SKU_0001,7,20,"[35.0, 40.9]",A3541,35.0,40.9
3608,12/11/2018,3780233,SKU_0004,2,REF_SKU_0004,LOC_SKU_0004,7,1,"[35.0, 8.1]",A3508,35.0,8.1
3609,12/11/2018,3780529,SKU_0013,2,REF_SKU_0013,LOC_SKU_0013,10,1,"[50.0, 7.6]",A5008,50.0,7.6
3610,12/11/2018,3780571,SKU_0001,4,REF_SKU_0001,LOC_SKU_0001,7,20,"[35.0, 40.9]",A3541,35.0,40.9
3611,12/11/2018,3780090,SKU_0055,4,REF_SKU_0055,LOC_SKU_0055,10,1,"[50.0, 6.6]",A5007,50.0,6.6
3612,12/11/2018,3780492,SKU_0001,3,REF_SKU_0001,LOC_SKU_0001,7,20,"[35.0, 40.9]",A3541,35.0,40.9
3613,12/11/2018,3780199,SKU_0001,2,REF_SKU_0001,LOC_SKU_0001,7,20,"[35.0, 40.9]",A3541,35.0,40.9
3614,12/11/2018,3780362,SKU_0016,4,REF_SKU_0016,LOC_SKU_0016,3,22,"[15.0, 43.8]",A1544,15.0,43.8
3615,12/11/2018,3780441,SKU_0043,2,REF_SKU_0043,LOC_SKU_0043,5,23,"[25.0, 46.7]",A2547,25.0,46.7
3616,12/11/2018,3780026,SKU_0230,1,REF_SKU_0230,LOC_SKU_0230,9,8,"[45.0, 19.7]",A4520,45.0,19.7
3617,12/11/2018,3780025,SKU_0041,4,REF_SKU_0041,LOC_SKU_0041,3,18,"[15.0, 37.0]",A1537,15.0,37.0
3618,12/11/2018,3780394,SKU_0031,3,REF_SKU_0031,LOC_SKU_0031,4,15,"[20.0, 32.1]",A2032,20.0,32.1
3619,12/11/2018,3780507,SKU_0005,4,REF_SKU_0005,LOC_SKU_0005,8,8,"[40.0, 20.4]",A4020,40.0,20.4
3620,12/11/2018,3780301,SKU_0001,2,REF_SKU_0001,LOC_SKU_0001,7,20,"[35.0, 40.9]",A3541,35.0,40.9
3621,12/11/2018,3780339,SKU_0001,5,REF_SKU_0001,LOC_SKU_0001,7,20,"[35.0, 40.9]",A3541,35.0,40.9
3622,12/11/2018,3780267,SKU_0012,5,REF_SKU_0012,LOC_SKU_0012,9,7,"[45.0, 18.5]",A4518,45.0,18.5
3623,12/11/2018,3780461,SKU_0032,2,REF_SKU_0032,LOC_SKU_0032,8,14,"[40.0, 30.9]",A4031,40.0,30.9
3624,12/11/2018,3780693,SKU_0006,1,REF_SKU_0006,LOC_SKU_0006,8,18,"[40.0, 37.0]",A4037,40.0,37.0
3625,12/11/2018,3780456,SKU_0049,4,REF_SKU_0049,LOC_SKU_0049,8,7,"[40.0, 17.7]",A4018,40.0,17.7
3626,12/11/2018,3780360,SKU_0011,5,REF_SKU_0011,LOC_SKU_0011,10,13,"[50.0, 28.9]",A5029,50.0,28.9
3627,12/11/2018,3780068,SKU_0001,1,REF_SKU_0001,LOC_SKU_0001,7,20,"[35.0, 40.9]",A3541,35.0,40.9
3628,12/11/2018,3780863,SKU_0002,2,REF_SKU_0002,LOC_SKU_0002,8,15,"[40.0, 32.1]",A4032,40.0,32.1
3629,12/11/2018,3780412,SKU_0118,1,REF_SKU_0118,LOC_SKU_0118,2,12,"[10.0, 27.1]",A1027,10.0,27.1
3630,12/11/2018,3780971,SKU_0047,2,REF_SKU_0047,LOC_SKU_0047,7,8,"[35.0, 19.3]",A3519,35.0,19.3
3631,12/11/2018,3780491,SKU_0189,4,REF_SKU_0189,LOC_SKU_0189,4,4,"[20.0, 13.3]",A2013,20.0,13.3
3632,12/11/2018,3780833,SKU_0001,1,REF_SKU_0001,LOC_SKU_0001,7,20,"[35.0, 40.9]",A3541,35.0,40.9
3633,12/11/2018,3780049,SKU_0455,4,REF_SKU_0455,LOC_SKU_0455,8,21,"[40.0, 42.9]",A4043,40.0,42.9
3634,12/11/2018,3780687,SKU_0002,1,REF_SKU_0002,LOC_SKU_0002,8,15,"[40.0, 32.1]",A4032,40.0,32.1
3635,12/11/2018,3780564,SKU_0001,2,REF_SKU_0001,LOC_SKU_0001,7,20,"[35.0, 40.9]",A3541,35.0,40.9
3636,12/11/2018,3780102,SKU_0488,2,REF_SKU_0488,LOC_SKU_0488,6,19,"[30.0, 39.6]",A3040,30.0,39.6
3637,12/11/2018,3780216,SKU_0002,1,REF_SKU_0002,LOC_SKU_0002,8,15,"[40.0, 32.1]",A4032,40.0,32.1
3638,12/11/2018,3780438,SKU_0031,2,REF_SKU_0031,LOC_SKU_0031,4,15,"[20.0, 32.1]",A2032,20.0,32.1
3639,12/11/2018,3780700,SKU_0001,3,REF_SKU_0001,LOC_SKU_0001,7,20,"[35.0, 40.9]",A3541,35.0,40.9
3640,12/11/2018,3780569,SKU_0016,3,REF_SKU_0016,LOC_SKU_0016,3,22,"[15.0, 43.8]",A1544,15.0,43.8
3641,12/11/2018,3780559,SKU_0205,4,REF_SKU_0205,LOC_SKU_0205,3,21,"[15.0, 42.0]",A1542,15.0,42.0
3642,12/11/2018,3780159,SKU_0003,3,REF_SKU_0003,LOC_SKU_0003,7,11,"[35.0, 25.3]",A3525,35.0,25.3
3643,12/11/2018,3780489,SKU_0031,3,REF_SKU_0031,LOC_SKU_0031,4,15,"[20.0, 32.1]",A2032,20.0,32.1
3644,12/11/2018,3780686,SKU_0001,5,REF_SKU_0001,LOC_SKU_0001,7,20,"[35.0, 40.9]",A3541,35.0,40.9
3645,12/11/2018,3780242,SKU_0022,5,REF_SKU_0022,LOC_SKU_0022,4,6,"[20.0, 16.2]",A2016,20.0,16.2
3646,12/11/2018,3780794,SKU_0003,5,REF_SKU_0003,LOC_SKU_0003,7,11,"[35.0, 25.3]",A3525,35.0,25.3
3647,12/11/2018,3780753,SKU_0002,5,REF_SKU_0002,LOC_SKU_0002,8,15,"[40.0, 32.1]",A4032,40.0,32.1
3648,12/11/2018,3780882,SKU_0003,2,REF_SKU_0003,LOC_SKU_0003,7,11,"[35.0, 25.3]",A3525,35.0,25.3
3649,12/11/2018,3780005,SKU_0001,4,REF_SKU_0001,LOC_SKU_0001,7,20,"[35.0, 40.9]",A3541,35.0,40.9
3650,12/11/2018,3780596,SKU_0202,4,REF_SKU_0202,LOC_SKU_0202,2,14,"[10.0, 31.0]",A1031,10.0,31.0
3651,12/11/2018,3780820,SKU_0005,3,REF_SKU_0005,LOC_SKU_0005,8,8,"[40.0, 20.4]",A4020,40.0,20.4
3652,12/11/2018,3780361,SKU_0002,4,REF_SKU_0002,LOC_SKU_0002,8,15,"[40.0, 32.1]",A4032,40.0,32.1
3653,12/11/2018,3780459,SKU_0007,3,REF_SKU_0007,LOC_SKU_0007,6,1,"[30.0, 8.0]",A3008,30.0,8.0
3654,12/11/2018,3780248,SKU_0003,4,REF_SKU_0003,LOC_SKU_0003,7,11,"[35.0, 25.3]",A3525,35.0,25.3
3655,12/11/2018,3780566,SKU_0055,1,REF_SKU_0055,LOC_SKU_0055,10,1,"[50.0, 6.6]",A5007,50.0,6.6
3656,12/11/2018,3780673,SKU_0380,1,REF_SKU_0380,LOC_SKU_0380,8,3,"[40.0, 10.5]",A4010,40.0,10.5
3657,12/11/2018,3780946,SKU_0006,4,REF_SKU_0006,LOC_SKU_0006,8,18,"[40.0, 37.0]",A4037,40.0,37.0
3658,12/11/2018,3780422,SKU_0141,2,REF_SKU_0141,LOC_SKU_0141,1,8,"[5.0, 19.6]",A0520,5.0,19.6
3659,12/11/2018,3780923,SKU_0015,3,REF_SKU_0015,LOC_SKU_0015,4,15,"[20.0, 31.9]",A2032,20.0,31.9
3660,12/11/2018,3780738,SKU_0001,4,REF_SKU_0001,LOC_SKU_0001,7,20,"[35.0, 40.9]",A3541,35.0,40.9
3661,12/11/2018,3780015,SKU_0036,3,REF_SKU_0036,LOC_SKU_0036,8,9,"[40.0, 21.4]",A4021,40.0,21.4
3662,12/11/2018,3780736,SKU_0010,5,REF_SKU_0010,LOC_SKU_0010,5,15,"[25.0, 33.0]",A2533,25.0,33.0
3663,12/11/2018,3780573,SKU_0027,4,REF_SKU_0027,LOC_SKU_0027,6,5,"[30.0, 14.8]",A3015,30.0,14.8
3664,12/11/2018,3780122,SKU_0181,2,REF_SKU_0181,LOC_SKU_0181,8,23,"[40.0, 47.1]",A4047,40.0,47.1
3665,12/11/2018,3780277,SKU_0007,5,REF_SKU_0007,LOC_SKU_0007,6,1,"[30.0, 8.0]",A3008,30.0,8.0
3666,12/11/2018,3780558,SKU_0200,4,REF_SKU_0200,LOC_SKU_0200,7,24,"[35.0, 47.5]",A3548,35.0,47.5
3667,12/11/2018,3780453,SKU_0057,1,REF_SKU_0057,LOC_SKU_0057,7,12,"[35.0, 26.7]",A3527,35.0,26.7
3668,12/11/2018,3780390,SKU_0009,4,REF_SKU_0009,LOC_SKU_0009,6,0,"[30.0, 5.5]",A3006,30.0,5.5
3669,12/11/2018,3780294,SKU_0019,1,REF_SKU_0019,LOC_SKU_0019,9,24,"[45.0, 48.5]",A4548,45.0,48.5
3670,12/11/2018,3780574,SKU_0003,1,REF_SKU_0003,LOC_SKU_0003,7,11,"[35.0, 25.3]",A3525,35.0,25.3
3671,12/11/2018,3780598,SKU_0427,4,REF_SKU_0427,LOC_SKU_0427,1,13,"[5.0, 29.2]",A0529,5.0,29.2
3672,12/11/2018,3780446,SKU_0030,4,REF_SKU_0030,LOC_SKU_0030,2,10,"[10.0, 23.1]",A1023,10.0,23.1
3673,12/11/2018,3780210,SKU_0001,1,REF_SKU_0001,LOC_SKU_0001,7,20,"[35.0, 40.9]",A3541,35.0,40.9
3674,12/11/2018,3780590,SKU_0003,3,REF_SKU_0003,LOC_SKU_0003,7,11,"[35.0, 25.3]",A3525,35.0,25.3
3675,12/11/2018,3780714,SKU_0022,5,REF_SKU_0022,LOC_SKU_0022,4,6,"[20.0, 16.2]",A2016,20.0,16.2
3676,12/11/2018,3780302,SKU_0001,2,REF_SKU_0001,LOC_SKU_0001,7,20,"[35.0, 40.9]",A3541,35.0,40.9
3677,12/11/2018,3780909,SKU_0001,4,REF_SKU_0001,LOC_SKU_0001,7,20,"[35.0, 40.9]",A3541,35.0,40.9
3678,12/11/2018,3780223,SKU_0007,5,REF_SKU_0007,LOC_SKU_0007,6,1,"[30.0, 8.0]",A3008,30.0,8.0
3679,12/11/2018,3780734,SKU_0003,5,REF_SKU_0003,LOC_SKU_0003,7,11,"[35.0, 25.3]",A3525,35.0,25.3
3680,12/11/2018,3780003,SKU_0006,3,REF_SKU_0006,LOC_SKU_0006,8,18,"[40.0, 37.0]",A4037,40.0,37.0
3681,12/11/2018,3780990,SKU_0002,5,REF_SKU_0002,LOC_SKU_0002,8,15,"[40.0, 32.1]",A4032,40.0,32.1
3682,12/11/2018,3780518,SKU_0001,4,REF_SKU_0001,LOC_SKU_0001,7,20,"[35.0, 40.9]",A3541,35.0,40.9
3683,12/11/2018,3780093,SKU_0036,5,REF_SKU_0036,LOC_SKU_0036,8,9,"[40.0, 21.4]",A4021,40.0,21.4
3684,12/11/2018,3780520,SKU_0011,4,REF_SKU_0011,LOC_SKU_0011,10,13,"[50.0, 28.9]",A5029,50.0,28.9
3685,12/11/2018,3780428,SKU_0002,4,REF_SKU_0002,LOC_SKU_0002,8,15,"[40.0, 32.1]",A4032,40.0,32.1
3686,12/11/2018,3780493,SKU_0003,1,REF_SKU_0003,LOC_SKU_0003,7,11,"[35.0, 25.3]",A3525,35.0,25.3
3687,12/11/2018,3780235,SKU_0018,3,REF_SKU_0018,LOC_SKU_0018,7,0,"[35.0, 6.1]",A3506,35.0,6.1
3688,12/11/2018,3780620,SKU_0001,2,REF_SKU_0001,LOC_SKU_0001,7,20,"[35.0, 40.9]",A3541,35.0,40.9
3689,12/11/2018,3780161,SKU_0001,1,REF_SKU_0001,LOC_SKU_0001,7,20,"[35.0, 40.9]",A3541,35.0,40.9
3690,12/11/2018,3780721,SKU_0001,2,REF_SKU_0001,LOC_SKU_0001,7,20,"[35.0, 40.9]",A3541,35.0,40.9
3691,12/11/2018,3780752,SKU_0094,4,REF_SKU_0094,LOC_SKU_0094,3,15,"[15.0, 31.8]",A1532,15.0,31.8
3692,12/11/2018,3780331,SKU_0058,1,REF_SKU_0058,LOC_SKU_0058,4,23,"[20.0, 45.9]",A2046,20.0,45.9
3693,12/11/2018,3780333,SKU_0058,5,REF_SKU_0058,LOC_SKU_0058,4,23,"[20.0, 45.9]",A2046,20.0,45.9
3694,12/11/2018,3780050,SKU_0044,5,REF_SKU_0044,LOC_SKU_0044,10,3,"[50.0, 10.7]",A5011,50.0,10.7
3695,12/11/2018,3780523,SKU_0031,2,REF_SKU_0031,LOC_SKU_0031,4,15,"[20.0, 32.1]",A2032,20.0,32.1
3696,12/11/2018,3780863,SKU_0008,4,REF_SKU_0008,LOC_SKU_0008,8,21,"[40.0, 42.5]",A4042,40.0,42.5
3697,12/11/2018,3780668,SKU_0025,2,REF_SKU_0025,LOC_SKU_0025,1,6,"[5.0, 17.0]",A0517,5.0,17.0
3698,12/11/2018,3780492,SKU_0001,3,REF_SKU_0001,LOC_SKU_0001,7,20,"[35.0, 40.9]",A3541,35.0,40.9
3699,12/11/2018,3780582,SKU_0022,5,REF_SKU_0022,LOC_SKU_0022,4,6,"[20.0, 16.2]",A2016,20.0,16.2
3700,12/11/2018,3780681,SKU_0071,1,REF_SKU_0071,LOC_SKU_0071,6,13,"[30.0, 28.2]",A3028,30.0,28.2
3701,12/11/2018,3780272,SKU_0010,1,REF_SKU_0010,LOC_SKU_0010,5,15,"[25.0, 33.0]",A2533,25.0,33.0
3702,12/11/2018,3780580,SKU_0004,1,REF_SKU_0004,LOC_SKU_0004,7,1,"[35.0, 8.1]",A3508,35.0,8.1
3703,12/11/2018,3780867,SKU_0002,5,REF_SKU_0002,LOC_SKU_0002,8,15,"[40.0, 32.1]",A4032,40.0,32.1
3704,12/11/2018,3780252,SKU_0026,4,REF_SKU_0026,LOC_SKU_0026,8,19,"[40.0, 39.1]",A4039,40.0,39.1
3705,12/11/2018,3780560,SKU_0037,5,REF_SKU_0037,LOC_SKU_0037,9,7,"[45.0, 18.7]",A4519,45.0,18.7
3706,12/11/2018,3780696,SKU_0154,5,REF_SKU_0154,LOC_SKU_0154,4,20,"[20.0, 41.0]",A2041,20.0,41.0
3707,12/11/2018,3780832,SKU_0004,1,REF_SKU_0004,LOC_SKU_0004,7,1,"[35.0, 8.1]",A3508,35.0,8.1
3708,12/11/2018,3780699,SKU_0067,5,REF_SKU_0067,LOC_SKU_0067,9,8,"[45.0, 19.7]",A4520,45.0,19.7
3709,12/11/2018,3780090,SKU_0014,1,REF_SKU_0014,LOC_SKU_0014,3,10,"[15.0, 22.5]",A1522,15.0,22.5
3710,12/11/2018,3780446,SKU_0170,4,REF_SKU_0170,LOC_SKU_0170,4,3,"[20.0, 11.4]",A2011,20.0,11.4
3711,12/11/2018,3780332,SKU_0012,3,REF_SKU_0012,LOC_SKU_0012,9,7,"[45.0, 18.5]",A4518,45.0,18.5
3712,12/11/2018,3780139,SKU_0011,1,REF_SKU_0011,LOC_SKU_0011,10,13,"[50.0, 28.9]",A5029,50.0,28.9
3713,12/11/2018,3780357,SKU_0016,2,REF_SKU_0016,LOC_SKU_0016,3,22,"[15.0, 43.8]",A1544,15.0,43.8
3714,12/11/2018,3780601,SKU_0057,3,REF_SKU_0057,LOC_SKU_0057,7,12,"[35.0, 26.7]",A3527,35.0,26.7
3715,12/11/2018,3780274,SKU_0357,4,REF_SKU_0357,LOC_SKU_0357,2,11,"[10.0, 25.4]",A1025,10.0,25.4
3716,12/11/2018,3780019,SKU_0001,3,REF_SKU_0001,LOC_SKU_0001,7,20,"[35.0, 40.9]",A3541,35.0,40.9
3717,12/11/2018,3780983,SKU_0001,1,REF_SKU_0001,LOC_SKU_0001,7,20,"[35.0, 40.9]",A3541,35.0,40.9
3718,12/11/2018,3780311,SKU_0278,4,REF_SKU_0278,LOC_SKU_0278,8,4,"[40.0, 13.1]",A4013,40.0,13.1
3719,12/11/2018,3780870,SKU_0012,2,REF_SKU_0012,LOC_SKU_0012,9,7,"[45.0, 18.5]",A4518,45.0,18.5
3720,12/11/2018,3780886,SKU_0021,1,REF_SKU_0021,LOC_SKU_0021,10,2,"[50.0, 9.8]",A5010,50.0,9.8
3721,12/11/2018,3780978,SKU_0009,1,REF_SKU_0009,LOC_SKU_0009,6,0,"[30.0, 5.5]",A3006,30.0,5.5
3722,12/11/2018,3780154,SKU_0001,4,REF_SKU_0001,LOC_SKU_0001,7,20,"[35.0, 40.9]",A3541,35.0,40.9
3723,12/11/2018,3780390,SKU_0066,4,REF_SKU_0066,LOC_SKU_0066,10,3,"[50.0, 10.9]",A5011,50.0,10.9
3724,12/11/2018,3780260,SKU_0056,3,REF_SKU_0056,LOC_SKU_0056,3,1,"[15.0, 6.9]",A1507,15.0,6.9
3725,12/11/2018,3780620,SKU_0003,2,REF_SKU_0003,LOC_SKU_0003,7,11,"[35.0, 25.3]",A3525,35.0,25.3
3726,12/11/2018,3780883,SKU_0003,3,REF_SKU_0003,LOC_SKU_0003,7,11,"[35.0, 25.3]",A3525,35.0,25.3
3727,12/11/2018,3780797,SKU_0116,3,REF_SKU_0116,LOC_SKU_0116,9,17,"[45.0, 35.0]",A4535,45.0,35.0
3728,12/11/2018,3780571,SKU_0001,1,REF_SKU_0001,LOC_SKU_0001,7,20,"[35.0, 40.9]",A3541,35.0,40.9
3729,12/11/2018,3780125,SKU_0168,4,REF_SKU_0168,LOC_SKU_0168,4,10,"[20.0, 23.8]",A2024,20.0,23.8
3730,12/11/2018,3780354,SKU_0002,1,REF_SKU_0002,LOC_SKU_0002,8,15,"[40.0, 32.1]",A4032,40.0,32.1
3731,12/11/2018,3780273,SKU_0018,2,REF_SKU_0018,LOC_SKU_0018,7,0,"[35.0, 6.1]",A3506,35.0,6.1
3732,12/11/2018,3780619,SKU_0274,3,REF_SKU_0274,LOC_SKU_0274,7,1,"[35.0, 7.5]",A3508,35.0,7.5
3733,12/11/2018,3780811,SKU_0033,2,REF_SKU_0033,LOC_SKU_0033,9,24,"[45.0, 48.3]",A4548,45.0,48.3
3734,12/11/2018,3780245,SKU_0006,4,REF_SKU_0006,LOC_SKU_0006,8,18,"[40.0, 37.0]",A4037,40.0,37.0
3735,12/11/2018,3780848,SKU_0036,4,REF_SKU_0036,LOC_SKU_0036,8,9,"[40.0, 21.4]",A4021,40.0,21.4
3736,12/11/2018,3780450,SKU_0004,5,REF_SKU_0004,LOC_SKU_0004,7,1,"[35.0, 8.1]",A3508,35.0,8.1
3737,12/11/2018,3780930,SKU_0002,2,REF_SKU_0002,LOC_SKU_0002,8,15,"[40.0, 32.1]",A4032,40.0,32.1
3738,12/11/2018,3780247,SKU_0485,1,REF_SKU_0485,LOC_SKU_0485,1,19,"[5.0, 40.0]",A0540,5.0,40.0
3739,12/11/2018,3780520,SKU_0057,2,REF_SKU_0057,LOC_SKU_0057,7,12,"[35.0, 26.7]",A3527,35.0,26.7
3740,12/11/2018,3780141,SKU_0026,3,REF_SKU_0026,LOC_SKU_0026,8,19,"[40.0, 39.1]",A4039,40.0,39.1
3741,12/11/2018,3780362,SKU_0004,4,REF_SKU_0004,LOC_SKU_0004,7,1,"[35.0, 8.1]",A3508,35.0,8.1
3742,12/11/2018,3780008,SKU_0001,4,REF_SKU_0001,LOC_SKU_0001,7,20,"[35.0, 40.9]",A3541,35.0,40.9
3743,12/11/2018,3780478,SKU_0001,2,REF_SKU_0001,LOC_SKU_0001,7,20,"[35.0, 40.9]",A3541,35.0,40.9
3744,12/11/2018,3780352,SKU_0014,2,REF_SKU_0014,LOC_SKU_0014,3,10,"[15.0, 22.5]",A1522,15.0,22.5
3745,12/11/2018,3780996,SKU_0063,2,REF_SKU_0063,LOC_SKU_0063,10,20,"[50.0, 41.5]",A5042,50.0,41.5
3746,12/11/2018,3780495,SKU_0012,3,REF_SKU_0012,LOC_SKU_0012,9,7,"[45.0, 18.5]",A4518,45.0,18.5
3747,12/11/2018,3780606,SKU_0119,3,REF_SKU_0119,LOC_SKU_0119,3,16,"[15.0, 34.5]",A1534,15.0,34.5
3748,12/11/2018,3780833,SKU_0001,1,REF_SKU_0001,LOC_SKU_0001,7,20,"[35.0, 40.9]",A3541,35.0,40.9
3749,12/11/2018,3780427,SKU_0004,2,REF_SKU_0004,LOC_SKU_0004,7,1,"[35.0, 8.1]",A3508,35.0,8.1
3750,12/11/2018,3780039,SKU_0002,1,REF_SKU_0002,LOC_SKU_0002,8,15,"[40.0, 32.1]",A4032,40.0,32.1
3751,12/11/2018,3780593,SKU_0007,5,REF_SKU_0007,LOC_SKU_0007,6,1,"[30.0, 8.0]",A3008,30.0,8.0
3752,12/11/2018,3780187,SKU_0001,3,REF_SKU_0001,LOC_SKU_0001,7,20,"[35.0, 40.9]",A3541,35.0,40.9
3753,12/11/2018,3780596,SKU_0324,4,REF_SKU_0324,LOC_SKU_0324,7,13,"[35.0, 28.8]",A3529,35.0,28.8
3754,12/11/2018,3780600,SKU_0002,5,REF_SKU_0002,LOC_SKU_0002,8,15,"[40.0, 32.1]",A4032,40.0,32.1
3755,12/11/2018,3780754,SKU_0242,4,REF_SKU_0242,LOC_SKU_0242,1,3,"[5.0, 10.0]",A0510,5.0,10.0
3756,12/11/2018,3780854,SKU_0006,5,REF_SKU_0006,LOC_SKU_0006,8,18,"[40.0, 37.0]",A4037,40.0,37.0
3757,12/11/2018,3780093,SKU_0435,1,REF_SKU_0435,LOC_SKU_0435,4,11,"[20.0, 25.8]",A2026,20.0,25.8
3758,12/11/2018,3780086,SKU_0014,1,REF_SKU_0014,LOC_SKU_0014,3,10,"[15.0, 22.5]",A1522,15.0,22.5
3759,12/11/2018,3780044,SKU_0261,3,REF_SKU_0261,LOC_SKU_0261,3,15,"[15.0, 31.5]",A1532,15.0,31.5
3760,12/11/2018,3780137,SKU_0001,4,REF_SKU_0001,LOC_SKU_0001,7,20,"[35.0, 40.9]",A3541,35.0,40.9
3761,12/11/2018,3780421,SKU_0056,5,REF_SKU_0056,LOC_SKU_0056,3,1,"[15.0, 6.9]",A1507,15.0,6.9
3762,12/11/2018,3780074,SKU_0204,2,REF_SKU_0204,LOC_SKU_0204,3,21,"[15.0, 42.0]",A1542,15.0,42.0
3763,12/11/2018,3780548,SKU_0001,2,REF_SKU_0001,LOC_SKU_0001,7,20,"[35.0, 40.9]",A3541,35.0,40.9
3764,12/11/2018,3780613,SKU_0001,3,REF_SKU_0001,LOC_SKU_0001,7,20,"[35.0, 40.9]",A3541,35.0,40.9
3765,12/11/2018,3780988,SKU_0006,4,REF_SKU_0006,LOC_SKU_0006,8,18,"[40.0, 37.0]",A4037,40.0,37.0
3766,12/11/2018,3780512,SKU_0268,2,REF_SKU_0268,LOC_SKU_0268,5,6,"[25.0, 16.8]",A2517,25.0,16.8
3767,12/11/2018,3780156,SKU_0013,3,REF_SKU_0013,LOC_SKU_0013,10,1,"[50.0, 7.6]",A5008,50.0,7.6
3768,12/11/2018,3780938,SKU_0011,3,REF_SKU_0011,LOC_SKU_0011,10,13,"[50.0, 28.9]",A5029,50.0,28.9
3769,12/11/2018,3780255,SKU_0001,4,REF_SKU_0001,LOC_SKU_0001,7,20,"[35.0, 40.9]",A3541,35.0,40.9
3770,12/11/2018,3780171,SKU_0001,2,REF_SKU_0001,LOC_SKU_0001,7,20,"[35.0, 40.9]",A3541,35.0,40.9
3771,12/11/2018,3780981,SKU_0092,2,REF_SKU_0092,LOC_SKU_0092,1,4,"[5.0, 12.2]",A0512,5.0,12.2
3772,12/11/2018,3780728,SKU_0001,2,REF_SKU_0001,LOC_SKU_0001,7,20,"[35.0, 40.9]",A3541,35.0,40.9
3773,12/11/2018,3780170,SKU_0024,1,REF_SKU_0024,LOC_SKU_0024,8,1,"[40.0, 7.0]",A4007,40.0,7.0
3774,12/11/2018,3780764,SKU_0226,2,REF_SKU_0226,LOC_SKU_0226,4,21,"[20.0, 42.3]",A2042,20.0,42.3
3775,12/11/2018,3780872,SKU_0002,5,REF_SKU_0002,LOC_SKU_0002,8,15,"[40.0, 32.1]",A4032,40.0,32.1
3776,12/11/2018,3780322,SKU_0030,1,REF_SKU_0030,LOC_SKU_0030,2,10,"[10.0, 23.1]",A1023,10.0,23.1
3777,12/11/2018,3780567,SKU_0001,1,REF_SKU_0001,LOC_SKU_0001,7,20,"[35.0, 40.9]",A3541,35.0,40.9
3778,12/11/2018,3780456,SKU_0019,1,REF_SKU_0019,LOC_SKU_0019,9,24,"[45.0, 48.5]",A4548,45.0,48.5
3779,12/11/2018,3780944,SKU_0001,1,REF_SKU_0001,LOC_SKU_0001,7,20,"[35.0, 40.9]",A3541,35.0,40.9
3780,12/11/2018,3780603,SKU_0051,3,REF_SKU_0051,LOC_SKU_0051,5,24,"[25.0, 48.7]",A2549,25.0,48.7
3781,12/11/2018,3780790,SKU_0003,5,REF_SKU_0003,LOC_SKU_0003,7,11,"[35.0, 25.3]",A3525,35.0,25.3
3782,12/11/2018,3780613,SKU_0008,4,REF_SKU_0008,LOC_SKU_0008,8,21,"[40.0, 42.5]",A4042,40.0,42.5
3783,12/11/2018,3780155,SKU_0019,2,REF_SKU_0019,LOC_SKU_0019,9,24,"[45.0, 48.5]",A4548,45.0,48.5
3784,12/11/2018,3780889,SKU_0001,1,REF_SKU_0001,LOC_SKU_0001,7,20,"[35.0, 40.9]",A3541,35.0,40.9
3785,12/11/2018,3780349,SKU_0053,4,REF_SKU_0053,LOC_SKU_0053,10,6,"[50.0, 16.0]",A5016,50.0,16.0
3786,12/11/2018,3780451,SKU_0003,3,REF_SKU_0003,LOC_SKU_0003,7,11,"[35.0, 25.3]",A3525,35.0,25.3
3787,12/11/2018,3780876,SKU_0029,4,REF_SKU_0029,LOC_SKU_0029,2,19,"[10.0, 40.0]",A1040,10.0,40.0
3788,12/11/2018,3780653,SKU_0001,1,REF_SKU_0001,LOC_SKU_0001,7,20,"[35.0, 40.9]",A3541,35.0,40.9
3789,12/11/2018,3780173,SKU_0036,5,REF_SKU_0036,LOC_SKU_0036,8,9,"[40.0, 21.4]",A4021,40.0,21.4
3790,12/11/2018,3780010,SKU_0001,4,REF_SKU_0001,LOC_SKU_0001,7,20,"[35.0, 40.9]",A3541,35.0,40.9
3791,12/11/2018,3780740,SKU_0006,1,REF_SKU_0006,LOC_SKU_0006,8,18,"[40.0, 37.0]",A4037,40.0,37.0
3792,12/11/2018,3780265,SKU_0002,1,REF_SKU_0002,LOC_SKU_0002,8,15,"[40.0, 32.1]",A4032,40.0,32.1
3793,12/11/2018,3780438,SKU_0056,2,REF_SKU_0056,LOC_SKU_0056,3,1,"[15.0, 6.9]",A1507,15.0,6.9
3794,12/11/2018,3780760,SKU_0002,2,REF_SKU_0002,LOC_SKU_0002,8,15,"[40.0, 32.1]",A4032,40.0,32.1
3795,12/11/2018,3780247,SKU_0169,5,REF_SKU_0169,LOC_SKU_0169,3,16,"[15.0, 33.9]",A1534,15.0,33.9
3796,12/11/2018,3780667,SKU_0184,2,REF_SKU_0184,LOC_SKU_0184,5,15,"[25.0, 32.7]",A2533,25.0,32.7
3797,12/11/2018,3780546,SKU_0002,5,REF_SKU_0002,LOC_SKU_0002,8,15,"[40.0, 32.1]",A4032,40.0,32.1
3798,12/11/2018,3780499,SKU_0021,3,REF_SKU_0021,LOC_SKU_0021,10,2,"[50.0, 9.8]",A5010,50.0,9.8
3799,12/11/2018,3780129,SKU_0001,3,REF_SKU_0001,LOC_SKU_0001,7,20,"[35.0, 40.9]",A3541,35.0,40.9
3800,12/11/2018,3780672,SKU_0005,2,REF_SKU_0005,LOC_SKU_0005,8,8,"[40.0, 20.4]",A4020,40.0,20.4
3801,12/11/2018,3780601,SKU_0043,3,REF_SKU_0043,LOC_SKU_0043,5,23,"[25.0, 46.7]",A2547,25.0,46.7
3802,12/11/2018,3780605,SKU_0029,4,REF_SKU_0029,LOC_SKU_0029,2,19,"[10.0, 40.0]",A1040,10.0,40.0
3803,12/11/2018,3780327,SKU_0022,4,REF_SKU_0022,LOC_SKU_0022,4,6,"[20.0, 16.2]",A2016,20.0,16.2
3804,12/11/2018,3780753,SKU_0003,4,REF_SKU_0003,LOC_SKU_0003,7,11,"[35.0, 25.3]",A3525,35.0,25.3
3805,12/11/2018,3780835,SKU_0004,3,REF_SKU_0004,LOC_SKU_0004,7,1,"[35.0, 8.1]",A3508,35.0,8.1
3806,12/11/2018,3780980,SKU_0001,4,REF_SKU_0001,LOC_SKU_0001,7,20,"[35.0, 40.9]",A3541,35.0,40.9
3807,12/11/2018,3780404,SKU_0045,5,REF_SKU_0045,LOC_SKU_0045,7,21,"[35.0, 43.3]",A3543,35.0,43.3
3808,12/11/2018,3780629,SKU_0010,1,REF_SKU_0010,LOC_SKU_0010,5,15,"[25.0, 33.0]",A2533,25.0,33.0
3809,12/11/2018,3780606,SKU_0042,2,REF_SKU_0042,LOC_SKU_0042,3,20,"[15.0, 40.7]",A1541,15.0,40.7
3810,12/11/2018,3780675,SKU_0002,5,REF_SKU_0002,LOC_SKU_0002,8,15,"[40.0, 32.1]",A4032,40.0,32.1
3811,12/11/2018,3780611,SKU_0003,4,REF_SKU_0003,LOC_SKU_0003,7,11,"[35.0, 25.3]",A3525,35.0,25.3
3812,12/11/2018,3780625,SKU_0003,1,REF_SKU_0003,LOC_SKU_0003,7,11,"[35.0, 25.3]",A3525,35.0,25.3
3813,12/11/2018,3780359,SKU_0001,2,REF_SKU_0001,LOC_SKU_0001,7,20,"[35.0, 40.9]",A3541,35.0,40.9
3814,12/11/2018,3780603,SKU_0004,5,REF_SKU_0004,LOC_SKU_0004,7,1,"[35.0, 8.1]",A3508,35.0,8.1
3815,12/11/2018,3780858,SKU_0087,2,REF_SKU_0087,LOC_SKU_0087,7,17,"[35.0, 35.4]",A3535,35.0,35.4
3816,12/11/2018,3780718,SKU_0194,3,REF_SKU_0194,LOC_SKU_0194,10,24,"[50.0, 47.7]",A5048,50.0,47.7
3817,12/11/2018,3780017,SKU_0011,4,REF_SKU_0011,LOC_SKU_0011,10,13,"[50.0, 28.9]",A5029,50.0,28.9
3818,12/11/2018,3780274,SKU_0007,5,REF_SKU_0007,LOC_SKU_0007,6,1,"[30.0, 8.0]",A3008,30.0,8.0
3819,12/11/2018,3780685,SKU_0001,5,REF_SKU_0001,LOC_SKU_0001,7,20,"[35.0, 40.9]",A3541,35.0,40.9
3820,12/11/2018,3780116,SKU_0165,1,REF_SKU_0165,LOC_SKU_0165,5,7,"[25.0, 17.6]",A2518,25.0,17.6
3821,12/11/2018,3780861,SKU_0001,1,REF_SKU_0001,LOC_SKU_0001,7,20,"[35.0, 40.9]",A3541,35.0,40.9
3822,12/11/2018,3780980,SKU_0297,1,REF_SKU_0297,LOC_SKU_0297,2,1,"[10.0, 7.1]",A1007,10.0,7.1
3823,12/11/2018,3780693,SKU_0009,2,REF_SKU_0009,LOC_SKU_0009,6,0,"[30.0, 5.5]",A3006,30.0,5.5
3824,12/11/2018,3780091,SKU_0004,4,REF_SKU_0004,LOC_SKU_0004,7,1,"[35.0, 8.1]",A3508,35.0,8.1
3825,12/11/2018,3780082,SKU_0246,2,REF_SKU_0246,LOC_SKU_0246,2,2,"[10.0, 9.1]",A1009,10.0,9.1
3826,12/11/2018,3780324,SKU_0001,4,REF_SKU_0001,LOC_SKU_0001,7,20,"[35.0, 40.9]",A3541,35.0,40.9
3827,12/11/2018,3780961,SKU_0017,5,REF_SKU_0017,LOC_SKU_0017,7,4,"[35.0, 13.1]",A3513,35.0,13.1
3828,12/11/2018,3780114,SKU_0013,2,REF_SKU_0013,LOC_SKU_0013,10,1,"[50.0, 7.6]",A5008,50.0,7.6
3829,12/11/2018,3780769,SKU_0002,2,REF_SKU_0002,LOC_SKU_0002,8,15,"[40.0, 32.1]",A4032,40.0,32.1
3830,12/11/2018,3780058,SKU_0006,2,REF_SKU_0006,LOC_SKU_0006,8,18,"[40.0, 37.0]",A4037,40.0,37.0
3831,12/11/2018,3780154,SKU_0027,3,REF_SKU_0027,LOC_SKU_0027,6,5,"[30.0, 14.8]",A3015,30.0,14.8
3832,12/11/2018,3780877,SKU_0048,4,REF_SKU_0048,LOC_SKU_0048,8,17,"[40.0, 35.1]",A4035,40.0,35.1
3833,12/11/2018,3780404,SKU_0001,4,REF_SKU_0001,LOC_SKU_0001,7,20,"[35.0, 40.9]",A3541,35.0,40.9
3834,12/11/2018,3780628,SKU_0276,2,REF_SKU_0276,LOC_SKU_0276,8,10,"[40.0, 23.1]",A4023,40.0,23.1
3835,12/11/2018,3780855,SKU_0001,3,REF_SKU_0001,LOC_SKU_0001,7,20,"[35.0, 40.9]",A3541,35.0,40.9
3836,12/11/2018,3780266,SKU_0002,2,REF_SKU_0002,LOC_SKU_0002,8,15,"[40.0, 32.1]",A4032,40.0,32.1
3837,12/11/2018,3780315,SKU_0002,4,REF_SKU_0002,LOC_SKU_0002,8,15,"[40.0, 32.1]",A4032,40.0,32.1
3838,12/11/2018,3780715,SKU_0001,5,REF_SKU_0001,LOC_SKU_0001,7,20,"[35.0, 40.9]",A3541,35.0,40.9
3839,12/11/2018,3780041,SKU_0001,3,REF_SKU_0001,LOC_SKU_0001,7,20,"[35.0, 40.9]",A3541,35.0,40.9
3840,12/11/2018,3780105,SKU_0439,3,REF_SKU_0439,LOC_SKU_0439,2,0,"[10.0, 6.0]",A1006,10.0,6.0
3841,12/11/2018,3780901,SKU_0003,2,REF_SKU_0003,LOC_SKU_0003,7,11,"[35.0, 25.3]",A3525,35.0,25.3
3842,12/11/2018,3780890,SKU_0001,5,REF_SKU_0001,LOC_SKU_0001,7,20,"[35.0, 40.9]",A3541,35.0,40.9
3843,12/11/2018,3780193,SKU_0001,4,REF_SKU_0001,LOC_SKU_0001,7,20,"[35.0, 40.9]",A3541,35.0,40.9
3844,12/11/2018,3780401,SKU_0045,1,REF_SKU_0045,LOC_SKU_0045,7,21,"[35.0, 43.3]",A3543,35.0,43.3
3845,12/11/2018,3780278,SKU_0134,4,REF_SKU_0134,LOC_SKU_0134,1,1,"[5.0, 7.4]",A0507,5.0,7.4
3846,12/11/2018,3780354,SKU_0002,4,REF_SKU_0002,LOC_SKU_0002,8,15,"[40.0, 32.1]",A4032,40.0,32.1
3847,12/11/2018,3780749,SKU_0001,5,REF_SKU_0001,LOC_SKU_0001,7,20,"[35.0, 40.9]",A3541,35.0,40.9
3848,12/11/2018,3780937,SKU_0002,3,REF_SKU_0002,LOC_SKU_0002,8,15,"[40.0, 32.1]",A4032,40.0,32.1
3849,12/11/2018,3780733,SKU_0001,4,REF_SKU_0001,LOC_SKU_0001,7,20,"[35.0, 40.9]",A3541,35.0,40.9
3850,12/11/2018,3780580,SKU_0001,3,REF_SKU_0001,LOC_SKU_0001,7,20,"[35.0, 40.9]",A3541,35.0,40.9
3851,12/11/2018,3780709,SKU_0006,5,REF_SKU_0006,LOC_SKU_0006,8,18,"[40.0, 37.0]",A4037,40.0,37.0
3852,12/11/2018,3780256,SKU_0002,5,REF_SKU_0002,LOC_SKU_0002,8,15,"[40.0, 32.1]",A4032,40.0,32.1
3853,12/11/2018,3780651,SKU_0011,2,REF_SKU_0011,LOC_SKU_0011,10,13,"[50.0, 28.9]",A5029,50.0,28.9
3854,12/11/2018,3780824,SKU_0002,1,REF_SKU_0002,LOC_SKU_0002,8,15,"[40.0, 32.1]",A4032,40.0,32.1
3855,12/11/2018,3780947,SKU_0286,5,REF_SKU_0286,LOC_SKU_0286,2,10,"[10.0, 24.0]",A1024,10.0,24.0
3856,12/11/2018,3780661,SKU_0209,5,REF_SKU_0209,LOC_SKU_0209,1,16,"[5.0, 34.7]",A0535,5.0,34.7
3857,12/11/2018,3780099,SKU_0015,3,REF_SKU_0015,LOC_SKU_0015,4,15,"[20.0, 31.9]",A2032,20.0,31.9
3858,12/11/2018,3780588,SKU_0004,5,REF_SKU_0004,LOC_SKU_0004,7,1,"[35.0, 8.1]",A3508,35.0,8.1
3859,12/11/2018,3780282,SKU_0005,4,REF_SKU_0005,LOC_SKU_0005,8,8,"[40.0, 20.4]",A4020,40.0,20.4
3860,12/11/2018,3780883,SKU_0005,2,REF_SKU_0005,LOC_SKU_0005,8,8,"[40.0, 20.4]",A4020,40.0,20.4
3861,12/11/2018,3780403,SKU_0048,2,REF_SKU_0048,LOC_SKU_0048,8,17,"[40.0, 35.1]",A4035,40.0,35.1
3862,12/11/2018,3780109,SKU_0007,4,REF_SKU_0007,LOC_SKU_0007,6,1,"[30.0, 8.0]",A3008,30.0,8.0
3863,12/11/2018,3780700,SKU_0136,5,REF_SKU_0136,LOC_SKU_0136,9,24,"[45.0, 47.9]",A4548,45.0,47.9
3864,12/11/2018,3780199,SKU_0295,1,REF_SKU_0295,LOC_SKU_0295,6,21,"[30.0, 42.4]",A3042,30.0,42.4
3865,12/11/2018,3780303,SKU_0003,5,REF_SKU_0003,LOC_SKU_0003,7,11,"[35.0, 25.3]",A3525,35.0,25.3
3866,12/11/2018,3780327,SKU_0014,2,REF_SKU_0014,LOC_SKU_0014,3,10,"[15.0, 22.5]",A1522,15.0,22.5
3867,12/11/2018,3780154,SKU_0001,1,REF_SKU_0001,LOC_SKU_0001,7,20,"[35.0, 40.9]",A3541,35.0,40.9
3868,12/11/2018,3780552,SKU_0002,3,REF_SKU_0002,LOC_SKU_0002,8,15,"[40.0, 32.1]",A4032,40.0,32.1
3869,12/11/2018,3780645,SKU_0006,3,REF_SKU_0006,LOC_SKU_0006,8,18,"[40.0, 37.0]",A4037,40.0,37.0
3870,12/11/2018,3780405,SKU_0002,5,REF_SKU_0002,LOC_SKU_0002,8,15,"[40.0, 32.1]",A4032,40.0,32.1
3871,12/11/2018,3780462,SKU_0161,5,REF_SKU_0161,LOC_SKU_0161,6,6,"[30.0, 16.6]",A3017,30.0,16.6
3872,12/11/2018,3780132,SKU_0001,1,REF_SKU_0001,LOC_SKU_0001,7,20,"[35.0, 40.9]",A3541,35.0,40.9
3873,12/11/2018,3780791,SKU_0007,1,REF_SKU_0007,LOC_SKU_0007,6,1,"[30.0, 8.0]",A3008,30.0,8.0
3874,12/11/2018,3780874,SKU_0020,5,REF_SKU_0020,LOC_SKU_0020,2,10,"[10.0, 22.7]",A1023,10.0,22.7
3875,12/11/2018,3780084,SKU_0037,2,REF_SKU_0037,LOC_SKU_0037,9,7,"[45.0, 18.7]",A4519,45.0,18.7
3876,12/11/2018,3780399,SKU_0005,3,REF_SKU_0005,LOC_SKU_0005,8,8,"[40.0, 20.4]",A4020,40.0,20.4
3877,12/11/2018,3780754,SKU_0151,1,REF_SKU_0151,LOC_SKU_0151,7,11,"[35.0, 24.2]",A3524,35.0,24.2
3878,12/11/2018,3780628,SKU_0015,2,REF_SKU_0015,LOC_SKU_0015,4,15,"[20.0, 31.9]",A2032,20.0,31.9
3879,12/11/2018,3780109,SKU_0006,5,REF_SKU_0006,LOC_SKU_0006,8,18,"[40.0, 37.0]",A4037,40.0,37.0
3880,12/11/2018,3780221,SKU_0001,4,REF_SKU_0001,LOC_SKU_0001,7,20,"[35.0, 40.9]",A3541,35.0,40.9
3881,12/11/2018,3780904,SKU_0008,1,REF_SKU_0008,LOC_SKU_0008,8,21,"[40.0, 42.5]",A4042,40.0,42.5
3882,12/11/2018,3780553,SKU_0101,4,REF_SKU_0101,LOC_SKU_0101,9,3,"[45.0, 10.5]",A4510,45.0,10.5
3883,12/11/2018,3780368,SKU_0021,2,REF_SKU_0021,LOC_SKU_0021,10,2,"[50.0, 9.8]",A5010,50.0,9.8
3884,12/11/2018,3780147,SKU_0111,3,REF_SKU_0111,LOC_SKU_0111,6,19,"[30.0, 40.2]",A3040,30.0,40.2
3885,12/11/2018,3780112,SKU_0009,2,REF_SKU_0009,LOC_SKU_0009,6,0,"[30.0, 5.5]",A3006,30.0,5.5
3886,12/11/2018,3780615,SKU_0001,3,REF_SKU_0001,LOC_SKU_0001,7,20,"[35.0, 40.9]",A3541,35.0,40.9
3887,12/11/2018,3780558,SKU_0001,2,REF_SKU_0001,LOC_SKU_0001,7,20,"[35.0, 40.9]",A3541,35.0,40.9
3888,12/11/2018,3780924,SKU_0003,1,REF_SKU_0003,LOC_SKU_0003,7,11,"[35.0, 25.3]",A3525,35.0,25.3
3889,12/11/2018,3780494,SKU_0038,1,REF_SKU_0038,LOC_SKU_0038,1,0,"[5.0, 6.2]",A0506,5.0,6.2
3890,12/11/2018,3780505,SKU_0078,4,REF_SKU_0078,LOC_SKU_0078,10,24,"[50.0, 48.3]",A5048,50.0,48.3
3891,12/11/2018,3780475,SKU_0003,2,REF_SKU_0003,LOC_SKU_0003,7,11,"[35.0, 25.3]",A3525,35.0,25.3
3892,12/11/2018,3780836,SKU_0009,2,REF_SKU_0009,LOC_SKU_0009,6,0,"[30.0, 5.5]",A3006,30.0,5.5
3893,12/11/2018,3780890,SKU_0006,4,REF_SKU_0006,LOC_SKU_0006,8,18,"[40.0, 37.0]",A4037,40.0,37.0
3894,12/11/2018,3780271,SKU_0005,5,REF_SKU_0005,LOC_SKU_0005,8,8,"[40.0, 20.4]",A4020,40.0,20.4
3895,12/11/2018,3780995,SKU_0002,2,REF_SKU_0002,LOC_SKU_0002,8,15,"[40.0, 32.1]",A4032,40.0,32.1
3896,12/11/2018,3780421,SKU_0001,2,REF_SKU_0001,LOC_SKU_0001,7,20,"[35.0, 40.9]",A3541,35.0,40.9
3897,12/11/2018,3780897,SKU_0002,2,REF_SKU_0002,LOC_SKU_0002,8,15,"[40.0, 32.1]",A4032,40.0,32.1
3898,12/11/2018,3780707,SKU_0001,5,REF_SKU_0001,LOC_SKU_0001,7,20,"[35.0, 40.9]",A3541,35.0,40.9
3899,12/11/2018,3780367,SKU_0002,1,REF_SKU_0002,LOC_SKU_0002,8,15,"[40.0, 32.1]",A4032,40.0,32.1
3900,12/11/2018,3780280,SKU_0001,4,REF_SKU_0001,LOC_SKU_0001,7,20,"[35.0, 40.9]",A3541,35.0,40.9
3901,12/11/2018,3780283,SKU_0023,5,REF_SKU_0023,LOC_SKU_0023,7,15,"[35.0, 32.6]",A3533,35.0,32.6
3902,12/11/2018,3780040,SKU_0003,3,REF_SKU_0003,LOC_SKU_0003,7,11,"[35.0, 25.3]",A3525,35.0,25.3
3903,12/11/2018,3780959,SKU_0387,3,REF_SKU_0387,LOC_SKU_0387,5,5,"[25.0, 13.8]",A2514,25.0,13.8
3904,12/11/2018,3780189,SKU_0002,5,REF_SKU_0002,LOC_SKU_0002,8,15,"[40.0, 32.1]",A4032,40.0,32.1
3905,12/11/2018,3780164,SKU_0004,5,REF_SKU_0004,LOC_SKU_0004,7,1,"[35.0, 8.1]",A3508,35.0,8.1
3906,12/11/2018,3780994,SKU_0004,1,REF_SKU_0004,LOC_SKU_0004,7,1,"[35.0, 8.1]",A3508,35.0,8.1
3907,12/11/2018,3780989,SKU_0001,3,REF_SKU_0001,LOC_SKU_0001,7,20,"[35.0, 40.9]",A3541,35.0,40.9
3908,12/11/2018,3780536,SKU_0117,4,REF_SKU_0117,LOC_SKU_0117,2,4,"[10.0, 12.7]",A1013,10.0,12.7
3909,12/11/2018,3780536,SKU_0001,2,REF_SKU_0001,LOC_SKU_0001,7,20,"[35.0, 40.9]",A3541,35.0,40.9
3910,12/11/2018,3780004,SKU_0285,2,REF_SKU_0285,LOC_SKU_0285,3,21,"[15.0, 42.1]",A1542,15.0,42.1
3911,12/11/2018,3780835,SKU_0185,1,REF_SKU_0185,LOC_SKU_0185,7,1,"[35.0, 7.6]",A3508,35.0,7.6
3912,12/11/2018,3780290,SKU_0012,1,REF_SKU_0012,LOC_SKU_0012,9,7,"[45.0, 18.5]",A4518,45.0,18.5
3913,12/11/2018,3780953,SKU_0013,3,REF_SKU_0013,LOC_SKU_0013,10,1,"[50.0, 7.6]",A5008,50.0,7.6
3914,12/11/2018,3780433,SKU_0028,4,REF_SKU_0028,LOC_SKU_0028,4,5,"[20.0, 13.7]",A2014,20.0,13.7
3915,12/11/2018,3780471,SKU_0005,4,REF_SKU_0005,LOC_SKU_0005,8,8,"[40.0, 20.4]",A4020,40.0,20.4
3916,12/11/2018,3780181,SKU_0026,5,REF_SKU_0026,LOC_SKU_0026,8,19,"[40.0, 39.1]",A4039,40.0,39.1
3917,12/11/2018,3780248,SKU_0001,1,REF_SKU_0001,LOC_SKU_0001,7,20,"[35.0, 40.9]",A3541,35.0,40.9
3918,12/11/2018,3780628,SKU_0001,2,REF_SKU_0001,LOC_SKU_0001,7,20,"[35.0, 40.9]",A3541,35.0,40.9
3919,12/11/2018,3780279,SKU_0007,2,REF_SKU_0007,LOC_SKU_0007,6,1,"[30.0, 8.0]",A3008,30.0,8.0
3920,12/11/2018,3780877,SKU_0013,3,REF_SKU_0013,LOC_SKU_0013,10,1,"[50.0, 7.6]",A5008,50.0,7.6
3921,12/11/2018,3780581,SKU_0178,2,REF_SKU_0178,LOC_SKU_0178,10,4,"[50.0, 12.5]",A5012,50.0,12.5
3922,12/11/2018,3780863,SKU_0001,4,REF_SKU_0001,LOC_SKU_0001,7,20,"[35.0, 40.9]",A3541,35.0,40.9
3923,12/11/2018,3780254,SKU_0102,4,REF_SKU_0102,LOC_SKU_0102,7,14,"[35.0, 29.6]",A3530,35.0,29.6
3924,12/11/2018,3780181,SKU_0002,1,REF_SKU_0002,LOC_SKU_0002,8,15,"[40.0, 32.1]",A4032,40.0,32.1
3925,12/11/2018,3780830,SKU_0005,3,REF_SKU_0005,LOC_SKU_0005,8,8,"[40.0, 20.4]",A4020,40.0,20.4
3926,12/11/2018,3780681,SKU_0003,2,REF_SKU_0003,LOC_SKU_0003,7,11,"[35.0, 25.3]",A3525,35.0,25.3
3927,12/11/2018,3780825,SKU_0005,1,REF_SKU_0005,LOC_SKU_0005,8,8,"[40.0, 20.4]",A4020,40.0,20.4
3928,12/11/2018,3780509,SKU_0001,5,REF_SKU_0001,LOC_SKU_0001,7,20,"[35.0, 40.9]",A3541,35.0,40.9
3929,12/11/2018,3780761,SKU_0010,5,REF_SKU_0010,LOC_SKU_0010,5,15,"[25.0, 33.0]",A2533,25.0,33.0
3930,12/11/2018,3780700,SKU_0086,2,REF_SKU_0086,LOC_SKU_0086,10,25,"[50.0, 49.4]",A5049,50.0,49.4
3931,12/11/2018,3780566,SKU_0007,2,REF_SKU_0007,LOC_SKU_0007,6,1,"[30.0, 8.0]",A3008,30.0,8.0
3932,12/11/2018,3780326,SKU_0009,2,REF_SKU_0009,LOC_SKU_0009,6,0,"[30.0, 5.5]",A3006,30.0,5.5
3933,12/11/2018,3780357,SKU_0127,4,REF_SKU_0127,LOC_SKU_0127,6,6,"[30.0, 16.4]",A3016,30.0,16.4
3934,12/11/2018,3780825,SKU_0041,2,REF_SKU_0041,LOC_SKU_0041,3,18,"[15.0, 37.0]",A1537,15.0,37.0
3935,12/11/2018,3780650,SKU_0009,5,REF_SKU_0009,LOC_SKU_0009,6,0,"[30.0, 5.5]",A3006,30.0,5.5
3936,12/11/2018,3780680,SKU_0002,2,REF_SKU_0002,LOC_SKU_0002,8,15,"[40.0, 32.1]",A4032,40.0,32.1
3937,12/11/2018,3780391,SKU_0174,3,REF_SKU_0174,LOC_SKU_0174,7,6,"[35.0, 16.7]",A3517,35.0,16.7
3938,12/11/2018,3780615,SKU_0016,5,REF_SKU_0016,LOC_SKU_0016,3,22,"[15.0, 43.8]",A1544,15.0,43.8
3939,12/11/2018,3780934,SKU_0002,3,REF_SKU_0002,LOC_SKU_0002,8,15,"[40.0, 32.1]",A4032,40.0,32.1
3940,12/11/2018,3780085,SKU_0002,5,REF_SKU_0002,LOC_SKU_0002,8,15,"[40.0, 32.1]",A4032,40.0,32.1
3941,12/11/2018,3780317,SKU_0087,1,REF_SKU_0087,LOC_SKU_0087,7,17,"[35.0, 35.4]",A3535,35.0,35.4
3942,12/11/2018,3780212,SKU_0001,5,REF_SKU_0001,LOC_SKU_0001,7,20,"[35.0, 40.9]",A3541,35.0,40.9
3943,12/11/2018,3780515,SKU_0464,5,REF_SKU_0464,LOC_SKU_0464,5,15,"[25.0, 32.4]",A2532,25.0,32.4
3944,12/11/2018,3780384,SKU_0001,3,REF_SKU_0001,LOC_SKU_0001,7,20,"[35.0, 40.9]",A3541,35.0,40.9
3945,12/11/2018,3780691,SKU_0082,3,REF_SKU_0082,LOC_SKU_0082,1,24,"[5.0, 49.0]",A0549,5.0,49.0
3946,12/11/2018,3780342,SKU_0005,5,REF_SKU_0005,LOC_SKU_0005,8,8,"[40.0, 20.4]",A4020,40.0,20.4
3947,12/11/2018,3780815,SKU_0009,5,REF_SKU_0009,LOC_SKU_0009,6,0,"[30.0, 5.5]",A3006,30.0,5.5
3948,12/11/2018,3780964,SKU_0167,4,REF_SKU_0167,LOC_SKU_0167,6,1,"[30.0, 7.8]",A3008,30.0,7.8
3949,12/11/2018,3780988,SKU_0005,1,REF_SKU_0005,LOC_SKU_0005,8,8,"[40.0, 20.4]",A4020,40.0,20.4
3950,12/11/2018,3780844,SKU_0012,1,REF_SKU_0012,LOC_SKU_0012,9,7,"[45.0, 18.5]",A4518,45.0,18.5
3951,12/11/2018,3780038,SKU_0001,2,REF_SKU_0001,LOC_SKU_0001,7,20,"[35.0, 40.9]",A3541,35.0,40.9
3952,12/11/2018,3780511,SKU_0001,5,REF_SKU_0001,LOC_SKU_0001,7,20,"[35.0, 40.9]",A3541,35.0,40.9
3953,12/11/2018,3780420,SKU_0002,5,REF_SKU_0002,LOC_SKU_0002,8,15,"[40.0, 32.1]",A4032,40.0,32.1
3954,12/11/2018,3780751,SKU_0034,5,REF_SKU_0034,LOC_SKU_0034,5,10,"[25.0, 22.8]",A2523,25.0,22.8
3955,12/11/2018,3780169,SKU_0001,5,REF_SKU_0001,LOC_SKU_0001,7,20,"[35.0, 40.9]",A3541,35.0,40.9
3956,12/11/2018,3780965,SKU_0001,1,REF_SKU_0001,LOC_SKU_0001,7,20,"[35.0, 40.9]",A3541,35.0,40.9
3957,12/11/2018,3780909,SKU_0005,3,REF_SKU_0005,LOC_SKU_0005,8,8,"[40.0, 20.4]",A4020,40.0,20.4
3958,12/11/2018,3780343,SKU_0026,4,REF_SKU_0026,LOC_SKU_0026,8,19,"[40.0, 39.1]",A4039,40.0,39.1
3959,12/11/2018,3780826,SKU_0043,3,REF_SKU_0043,LOC_SKU_0043,5,23,"[25.0, 46.7]",A2547,25.0,46.7
3960,12/11/2018,3780306,SKU_0001,3,REF_SKU_0001,LOC_SKU_0001,7,20,"[35.0, 40.9]",A3541,35.0,40.9
3961,12/11/2018,3780542,SKU_0001,1,REF_SKU_0001,LOC_SKU_0001,7,20,"[35.0, 40.9]",A3541,35.0,40.9
3962,12/11/2018,3780702,SKU_0285,4,REF_SKU_0285,LOC_SKU_0285,3,21,"[15.0, 42.1]",A1542,15.0,42.1
3963,12/11/2018,3780869,SKU_0002,5,REF_SKU_0002,LOC_SKU_0002,8,15,"[40.0, 32.1]",A4032,40.0,32.1
3964,12/11/2018,3780537,SKU_0132,1,REF_SKU_0132,LOC_SKU_0132,1,5,"[5.0, 14.2]",A0514,5.0,14.2
3965,12/11/2018,3780112,SKU_0144,1,REF_SKU_0144,LOC_SKU_0144,8,2,"[40.0, 8.6]",A4009,40.0,8.6
3966,12/11/2018,3780411,SKU_0068,4,REF_SKU_0068,LOC_SKU_0068,1,7,"[5.0, 17.6]",A0518,5.0,17.6
3967,12/11/2018,3780947,SKU_0001,2,REF_SKU_0001,LOC_SKU_0001,7,20,"[35.0, 40.9]",A3541,35.0,40.9
3968,12/11/2018,3780206,SKU_0102,1,REF_SKU_0102,LOC_SKU_0102,7,14,"[35.0, 29.6]",A3530,35.0,29.6
3969,12/11/2018,3780185,SKU_0066,3,REF_SKU_0066,LOC_SKU_0066,10,3,"[50.0, 10.9]",A5011,50.0,10.9
3970,12/11/2018,3780382,SKU_0018,3,REF_SKU_0018,LOC_SKU_0018,7,0,"[35.0, 6.1]",A3506,35.0,6.1
3971,12/11/2018,3780496,SKU_0003,5,REF_SKU_0003,LOC_SKU_0003,7,11,"[35.0, 25.3]",A3525,35.0,25.3
3972,12/11/2018,3780379,SKU_0002,1,REF_SKU_0002,LOC_SKU_0002,8,15,"[40.0, 32.1]",A4032,40.0,32.1
3973,12/11/2018,3780047,SKU_0001,5,REF_SKU_0001,LOC_SKU_0001,7,20,"[35.0, 40.9]",A3541,35.0,40.9
3974,12/11/2018,3780886,SKU_0010,1,REF_SKU_0010,LOC_SKU_0010,5,15,"[25.0, 33.0]",A2533,25.0,33.0
3975,12/11/2018,3780740,SKU_0017,4,REF_SKU_0017,LOC_SKU_0017,7,4,"[35.0, 13.1]",A3513,35.0,13.1
3976,12/11/2018,3780551,SKU_0004,1,REF_SKU_0004,LOC_SKU_0004,7,1,"[35.0, 8.1]",A3508,35.0,8.1
3977,12/11/2018,3780528,SKU_0008,2,REF_SKU_0008,LOC_SKU_0008,8,21,"[40.0, 42.5]",A4042,40.0,42.5
3978,12/11/2018,3780504,SKU_0004,3,REF_SKU_0004,LOC_SKU_0004,7,1,"[35.0, 8.1]",A3508,35.0,8.1
3979,12/11/2018,3780022,SKU_0025,4,REF_SKU_0025,LOC_SKU_0025,1,6,"[5.0, 17.0]",A0517,5.0,17.0
3980,12/11/2018,3780213,SKU_0200,3,REF_SKU_0200,LOC_SKU_0200,7,24,"[35.0, 47.5]",A3548,35.0,47.5
3981,12/11/2018,3780310,SKU_0001,5,REF_SKU_0001,LOC_SKU_0001,7,20,"[35.0, 40.9]",A3541,35.0,40.9
3982,12/11/2018,3780661,SKU_0005,4,REF_SKU_0005,LOC_SKU_0005,8,8,"[40.0, 20.4]",A4020,40.0,20.4
3983,12/11/2018,3780968,SKU_0001,2,REF_SKU_0001,LOC_SKU_0001,7,20,"[35.0, 40.9]",A3541,35.0,40.9
3984,12/11/2018,3780753,SKU_0022,3,REF_SKU_0022,LOC_SKU_0022,4,6,"[20.0, 16.2]",A2016,20.0,16.2
3985,12/11/2018,3780272,SKU_0048,1,REF_SKU_0048,LOC_SKU_0048,8,17,"[40.0, 35.1]",A4035,40.0,35.1
3986,12/11/2018,3780571,SKU_0264,1,REF_SKU_0264,LOC_SKU_0264,1,6,"[5.0, 15.5]",A0516,5.0,15.5
3987,12/11/2018,3780799,SKU_0002,1,REF_SKU_0002,LOC_SKU_0002,8,15,"[40.0, 32.1]",A4032,40.0,32.1
3988,12/11/2018,3780938,SKU_0312,4,REF_SKU_0312,LOC_SKU_0312,6,21,"[30.0, 42.5]",A3042,30.0,42.5
3989,12/11/2018,3780202,SKU_0001,2,REF_SKU_0001,LOC_SKU_0001,7,20,"[35.0, 40.9]",A3541,35.0,40.9
3990,12/11/2018,3780032,SKU_0019,2,REF_SKU_0019,LOC_SKU_0019,9,24,"[45.0, 48.5]",A4548,45.0,48.5
3991,12/11/2018,3780443,SKU_0001,2,REF_SKU_0001,LOC_SKU_0001,7,20,"[35.0, 40.9]",A3541,35.0,40.9
3992,12/11/2018,3780162,SKU_0188,3,REF_SKU_0188,LOC_SKU_0188,5,2,"[25.0, 9.7]",A2510,25.0,9.7
3993,12/11/2018,3780767,SKU_0012,4,REF_SKU_0012,LOC_SKU_0012,9,7,"[45.0, 18.5]",A4518,45.0,18.5
3994,12/11/2018,3780254,SKU_0031,1,REF_SKU_0031,LOC_SKU_0031,4,15,"[20.0, 32.1]",A2032,20.0,32.1
3995,12/11/2018,3780521,SKU_0110,3,REF_SKU_0110,LOC_SKU_0110,3,21,"[15.0, 43.6]",A1544,15.0,43.6
3996,12/11/2018,3780977,SKU_0001,2,REF_SKU_0001,LOC_SKU_0001,7,20,"[35.0, 40.9]",A3541,35.0,40.9
3997,12/11/2018,3780651,SKU_0001,1,REF_SKU_0001,LOC_SKU_0001,7,20,"[35.0, 40.9]",A3541,35.0,40.9
3998,12/11/2018,3780480,SKU_0165,4,REF_SKU_0165,LOC_SKU_0165,5,7,"[25.0, 17.6]",A2518,25.0,17.6
3999,12/11/2018,3780010,SKU_0003,5,REF_SKU_0003,LOC_SKU_0003,7,11,"[35.0, 25.3]",A3525,35.0,25.3
4000,12/11/2018,3780726,SKU_0001,2,REF_SKU_0001,LOC_SKU_0001,7,20,"[35.0, 40.9]",A3541,35.0,40.9
4001,12/11/2018,3780505,SKU_0008,2,REF_SKU_0008,LOC_SKU_0008,8,21,"[40.0, 42.5]",A4042,40.0,42.5
4002,12/11/2018,3780785,SKU_0019,2,REF_SKU_0019,LOC_SKU_0019,9,24,"[45.0, 48.5]",A4548,45.0,48.5
4003,12/11/2018,3780836,SKU_0001,2,REF_SKU_0001,LOC_SKU_0001,7,20,"[35.0, 40.9]",A3541,35.0,40.9
4004,12/11/2018,3780560,SKU_0002,1,REF_SKU_0002,LOC_SKU_0002,8,15,"[40.0, 32.1]",A4032,40.0,32.1
4005,12/11/2018,3780436,SKU_0001,4,REF_SKU_0001,LOC_SKU_0001,7,20,"[35.0, 40.9]",A3541,35.0,40.9
4006,12/11/2018,3780111,SKU_0006,3,REF_SKU_0006,LOC_SKU_0006,8,18,"[40.0, 37.0]",A4037,40.0,37.0
4007,12/11/2018,3780153,SKU_0190,1,REF_SKU_0190,LOC_SKU_0190,10,19,"[50.0, 39.5]",A5040,50.0,39.5
4008,12/11/2018,3780635,SKU_0424,4,REF_SKU_0424,LOC_SKU_0424,6,8,"[30.0, 20.3]",A3020,30.0,20.3
4009,12/11/2018,3780917,SKU_0024,3,REF_SKU_0024,LOC_SKU_0024,8,1,"[40.0, 7.0]",A4007,40.0,7.0
4010,12/11/2018,3780869,SKU_0001,2,REF_SKU_0001,LOC_SKU_0001,7,20,"[35.0, 40.9]",A3541,35.0,40.9
4011,12/11/2018,3780102,SKU_0209,4,REF_SKU_0209,LOC_SKU_0209,1,16,"[5.0, 34.7]",A0535,5.0,34.7
4012,12/11/2018,3780753,SKU_0011,2,REF_SKU_0011,LOC_SKU_0011,10,13,"[50.0, 28.9]",A5029,50.0,28.9
4013,12/11/2018,3780833,SKU_0001,4,REF_SKU_0001,LOC_SKU_0001,7,20,"[35.0, 40.9]",A3541,35.0,40.9
4014,12/11/2018,3780191,SKU_0241,5,REF_SKU_0241,LOC_SKU_0241,9,19,"[45.0, 39.4]",A4539,45.0,39.4
4015,12/11/2018,3780729,SKU_0060,2,REF_SKU_0060,LOC_SKU_0060,4,24,"[20.0, 47.5]",A2048,20.0,47.5
4016,12/11/2018,3780563,SKU_0049,2,REF_SKU_0049,LOC_SKU_0049,8,7,"[40.0, 17.7]",A4018,40.0,17.7
4017,12/11/2018,3780804,SKU_0042,2,REF_SKU_0042,LOC_SKU_0042,3,20,"[15.0, 40.7]",A1541,15.0,40.7
4018,12/11/2018,3780081,SKU_0002,1,REF_SKU_0002,LOC_SKU_0002,8,15,"[40.0, 32.1]",A4032,40.0,32.1
4019,12/11/2018,3780489,SKU_0002,3,REF_SKU_0002,LOC_SKU_0002,8,15,"[40.0, 32.1]",A4032,40.0,32.1
4020,12/11/2018,3780895,SKU_0036,2,REF_SKU_0036,LOC_SKU_0036,8,9,"[40.0, 21.4]",A4021,40.0,21.4
4021,12/11/2018,3780088,SKU_0002,2,REF_SKU_0002,LOC_SKU_0002,8,15,"[40.0, 32.1]",A4032,40.0,32.1
4022,12/11/2018,3780194,SKU_0006,1,REF_SKU_0006,LOC_SKU_0006,8,18,"[40.0, 37.0]",A4037,40.0,37.0
4023,12/11/2018,3780104,SKU_0073,1,REF_SKU_0073,LOC_SKU_0073,1,3,"[5.0, 10.8]",A0511,5.0,10.8
4024,12/11/2018,3780783,SKU_0075,5,REF_SKU_0075,LOC_SKU_0075,6,5,"[30.0, 15.2]",A3015,30.0,15.2
4025,12/11/2018,3780096,SKU_0007,4,REF_SKU_0007,LOC_SKU_0007,6,1,"[30.0, 8.0]",A3008,30.0,8.0
4026,12/11/2018,3780423,SKU_0080,2,REF_SKU_0080,LOC_SKU_0080,1,4,"[5.0, 12.1]",A0512,5.0,12.1
4027,12/11/2018,3780891,SKU_0117,4,REF_SKU_0117,LOC_SKU_0117,2,4,"[10.0, 12.7]",A1013,10.0,12.7
4028,12/11/2018,3780198,SKU_0028,1,REF_SKU_0028,LOC_SKU_0028,4,5,"[20.0, 13.7]",A2014,20.0,13.7
4029,12/11/2018,3780001,SKU_0002,1,REF_SKU_0002,LOC_SKU_0002,8,15,"[40.0, 32.1]",A4032,40.0,32.1
4030,12/11/2018,3780407,SKU_0002,5,REF_SKU_0002,LOC_SKU_0002,8,15,"[40.0, 32.1]",A4032,40.0,32.1
4031,12/11/2018,3780378,SKU_0003,3,REF_SKU_0003,LOC_SKU_0003,7,11,"[35.0, 25.3]",A3525,35.0,25.3
4032,12/11/2018,3780167,SKU_0001,1,REF_SKU_0001,LOC_SKU_0001,7,20,"[35.0, 40.9]",A3541,35.0,40.9
4033,12/11/2018,3780509,SKU_0002,2,REF_SKU_0002,LOC_SKU_0002,8,15,"[40.0, 32.1]",A4032,40.0,32.1
4034,12/11/2018,3780638,SKU_0002,5,REF_SKU_0002,LOC_SKU_0002,8,15,"[40.0, 32.1]",A4032,40.0,32.1
4035,12/11/2018,3780313,SKU_0007,3,REF_SKU_0007,LOC_SKU_0007,6,1,"[30.0, 8.0]",A3008,30.0,8.0
4036,12/11/2018,3780593,SKU_0214,5,REF_SKU_0214,LOC_SKU_0214,8,18,"[40.0, 38.2]",A4038,40.0,38.2
4037,12/11/2018,3780418,SKU_0001,1,REF_SKU_0001,LOC_SKU_0001,7,20,"[35.0, 40.9]",A3541,35.0,40.9
4038,12/11/2018,3780763,SKU_0045,3,REF_SKU_0045,LOC_SKU_0045,7,21,"[35.0, 43.3]",A3543,35.0,43.3
4039,12/11/2018,3780681,SKU_0035,4,REF_SKU_0035,LOC_SKU_0035,2,13,"[10.0, 29.5]",A1030,10.0,29.5
4040,12/11/2018,3780477,SKU_0001,3,REF_SKU_0001,LOC_SKU_0001,7,20,"[35.0, 40.9]",A3541,35.0,40.9
4041,12/11/2018,3780073,SKU_0242,2,REF_SKU_0242,LOC_SKU_0242,1,3,"[5.0, 10.0]",A0510,5.0,10.0
4042,12/11/2018,3780141,SKU_0015,4,REF_SKU_0015,LOC_SKU_0015,4,15,"[20.0, 31.9]",A2032,20.0,31.9
4043,12/11/2018,3780582,SKU_0004,4,REF_SKU_0004,LOC_SKU_0004,7,1,"[35.0, 8.1]",A3508,35.0,8.1
4044,12/11/2018,3780262,SKU_0060,2,REF_SKU_0060,LOC_SKU_0060,4,24,"[20.0, 47.5]",A2048,20.0,47.5
4045,12/11/2018,3780340,SKU_0002,4,REF_SKU_0002,LOC_SKU_0002,8,15,"[40.0, 32.1]",A4032,40.0,32.1
4046,12/11/2018,3780308,SKU_0037,1,REF_SKU_0037,LOC_SKU_0037,9,7,"[45.0, 18.7]",A4519,45.0,18.7
4047,12/11/2018,3780245,SKU_0001,3,REF_SKU_0001,LOC_SKU_0001,7,20,"[35.0, 40.9]",A3541,35.0,40.9
4048,12/11/2018,3780515,SKU_0118,3,REF_SKU_0118,LOC_SKU_0118,2,12,"[10.0, 27.1]",A1027,10.0,27.1
4049,12/11/2018,3780337,SKU_0007,2,REF_SKU_0007,LOC_SKU_0007,6,1,"[30.0, 8.0]",A3008,30.0,8.0
4050,12/11/2018,3780575,SKU_0024,1,REF_SKU_0024,LOC_SKU_0024,8,1,"[40.0, 7.0]",A4007,40.0,7.0
4051,12/11/2018,3780561,SKU_0002,4,REF_SKU_0002,LOC_SKU_0002,8,15,"[40.0, 32.1]",A4032,40.0,32.1
4052,12/11/2018,3780076,SKU_0033,3,REF_SKU_0033,LOC_SKU_0033,9,24,"[45.0, 48.3]",A4548,45.0,48.3
4053,12/11/2018,3780880,SKU_0068,3,REF_SKU_0068,LOC_SKU_0068,1,7,"[5.0, 17.6]",A0518,5.0,17.6
4054,12/11/2018,3780175,SKU_0008,3,REF_SKU_0008,LOC_SKU_0008,8,21,"[40.0, 42.5]",A4042,40.0,42.5
4055,12/11/2018,3780109,SKU_0021,3,REF_SKU_0021,LOC_SKU_0021,10,2,"[50.0, 9.8]",A5010,50.0,9.8
4056,12/11/2018,3780183,SKU_0007,5,REF_SKU_0007,LOC_SKU_0007,6,1,"[30.0, 8.0]",A3008,30.0,8.0
4057,12/11/2018,3780192,SKU_0188,2,REF_SKU_0188,LOC_SKU_0188,5,2,"[25.0, 9.7]",A2510,25.0,9.7
4058,12/11/2018,3780065,SKU_0009,4,REF_SKU_0009,LOC_SKU_0009,6,0,"[30.0, 5.5]",A3006,30.0,5.5
4059,12/11/2018,3780849,SKU_0120,4,REF_SKU_0120,LOC_SKU_0120,9,4,"[45.0, 13.3]",A4513,45.0,13.3
4060,12/11/2018,3780963,SKU_0086,2,REF_SKU_0086,LOC_SKU_0086,10,25,"[50.0, 49.4]",A5049,50.0,49.4
4061,12/11/2018,3780474,SKU_0005,1,REF_SKU_0005,LOC_SKU_0005,8,8,"[40.0, 20.4]",A4020,40.0,20.4
4062,12/11/2018,3780783,SKU_0002,2,REF_SKU_0002,LOC_SKU_0002,8,15,"[40.0, 32.1]",A4032,40.0,32.1
4063,12/11/2018,3780100,SKU_0005,3,REF_SKU_0005,LOC_SKU_0005,8,8,"[40.0, 20.4]",A4020,40.0,20.4
4064,12/11/2018,3780544,SKU_0105,3,REF_SKU_0105,LOC_SKU_0105,4,13,"[20.0, 29.1]",A2029,20.0,29.1
4065,12/11/2018,3780864,SKU_0002,2,REF_SKU_0002,LOC_SKU_0002,8,15,"[40.0, 32.1]",A4032,40.0,32.1
4066,12/11/2018,3780128,SKU_0011,2,REF_SKU_0011,LOC_SKU_0011,10,13,"[50.0, 28.9]",A5029,50.0,28.9
4067,12/11/2018,3780452,SKU_0089,4,REF_SKU_0089,LOC_SKU_0089,6,9,"[30.0, 21.9]",A3022,30.0,21.9
4068,12/11/2018,3780914,SKU_0004,4,REF_SKU_0004,LOC_SKU_0004,7,1,"[35.0, 8.1]",A3508,35.0,8.1
4069,12/11/2018,3780369,SKU_0025,5,REF_SKU_0025,LOC_SKU_0025,1,6,"[5.0, 17.0]",A0517,5.0,17.0
4070,12/11/2018,3780851,SKU_0002,5,REF_SKU_0002,LOC_SKU_0002,8,15,"[40.0, 32.1]",A4032,40.0,32.1
4071,12/11/2018,3780043,SKU_0001,3,REF_SKU_0001,LOC_SKU_0001,7,20,"[35.0, 40.9]",A3541,35.0,40.9
4072,12/11/2018,3780884,SKU_0081,5,REF_SKU_0081,LOC_SKU_0081,8,1,"[40.0, 7.1]",A4007,40.0,7.1
4073,12/11/2018,3780419,SKU_0001,5,REF_SKU_0001,LOC_SKU_0001,7,20,"[35.0, 40.9]",A3541,35.0,40.9
4074,12/11/2018,3780488,SKU_0002,1,REF_SKU_0002,LOC_SKU_0002,8,15,"[40.0, 32.1]",A4032,40.0,32.1
4075,12/11/2018,3780078,SKU_0134,2,REF_SKU_0134,LOC_SKU_0134,1,1,"[5.0, 7.4]",A0507,5.0,7.4
4076,12/11/2018,3780826,SKU_0004,4,REF_SKU_0004,LOC_SKU_0004,7,1,"[35.0, 8.1]",A3508,35.0,8.1
4077,12/11/2018,3780801,SKU_0387,5,REF_SKU_0387,LOC_SKU_0387,5,5,"[25.0, 13.8]",A2514,25.0,13.8
4078,12/11/2018,3780270,SKU_0412,4,REF_SKU_0412,LOC_SKU_0412,5,6,"[25.0, 16.0]",A2516,25.0,16.0
4079,12/11/2018,3780674,SKU_0002,5,REF_SKU_0002,LOC_SKU_0002,8,15,"[40.0, 32.1]",A4032,40.0,32.1
4080,12/11/2018,3780701,SKU_0001,5,REF_SKU_0001,LOC_SKU_0001,7,20,"[35.0, 40.9]",A3541,35.0,40.9
4081,12/11/2018,3780759,SKU_0040,3,REF_SKU_0040,LOC_SKU_0040,8,0,"[40.0, 5.7]",A4006,40.0,5.7
4082,12/11/2018,3780900,SKU_0007,1,REF_SKU_0007,LOC_SKU_0007,6,1,"[30.0, 8.0]",A3008,30.0,8.0
4083,12/11/2018,3780728,SKU_0001,2,REF_SKU_0001,LOC_SKU_0001,7,20,"[35.0, 40.9]",A3541,35.0,40.9
4084,12/11/2018,3780315,SKU_0041,2,REF_SKU_0041,LOC_SKU_0041,3,18,"[15.0, 37.0]",A1537,15.0,37.0
4085,12/11/2018,3780925,SKU_0001,3,REF_SKU_0001,LOC_SKU_0001,7,20,"[35.0, 40.9]",A3541,35.0,40.9
4086,12/11/2018,3780851,SKU_0153,3,REF_SKU_0153,LOC_SKU_0153,10,0,"[50.0, 5.7]",A5006,50.0,5.7
4087,12/11/2018,3780902,SKU_0001,2,REF_SKU_0001,LOC_SKU_0001,7,20,"[35.0, 40.9]",A3541,35.0,40.9
4088,12/11/2018,3780889,SKU_0001,2,REF_SKU_0001,LOC_SKU_0001,7,20,"[35.0, 40.9]",A3541,35.0,40.9
4089,12/11/2018,3780993,SKU_0001,1,REF_SKU_0001,LOC_SKU_0001,7,20,"[35.0, 40.9]",A3541,35.0,40.9
4090,12/11/2018,3780945,SKU_0343,5,REF_SKU_0343,LOC_SKU_0343,10,22,"[50.0, 45.3]",A5045,50.0,45.3
4091,12/11/2018,3780168,SKU_0037,1,REF_SKU_0037,LOC_SKU_0037,9,7,"[45.0, 18.7]",A4519,45.0,18.7
4092,12/11/2018,3780339,SKU_0086,2,REF_SKU_0086,LOC_SKU_0086,10,25,"[50.0, 49.4]",A5049,50.0,49.4
4093,12/11/2018,3780193,SKU_0005,5,REF_SKU_0005,LOC_SKU_0005,8,8,"[40.0, 20.4]",A4020,40.0,20.4
4094,12/11/2018,3780453,SKU_0003,2,REF_SKU_0003,LOC_SKU_0003,7,11,"[35.0, 25.3]",A3525,35.0,25.3
4095,12/11/2018,3780283,SKU_0002,1,REF_SKU_0002,LOC_SKU_0002,8,15,"[40.0, 32.1]",A4032,40.0,32.1
4096,12/11/2018,3780336,SKU_0008,1,REF_SKU_0008,LOC_SKU_0008,8,21,"[40.0, 42.5]",A4042,40.0,42.5
4097,12/11/2018,3780390,SKU_0014,1,REF_SKU_0014,LOC_SKU_0014,3,10,"[15.0, 22.5]",A1522,15.0,22.5
4098,12/11/2018,3781000,SKU_0024,5,REF_SKU_0024,LOC_SKU_0024,8,1,"[40.0, 7.0]",A4007,40.0,7.0
4099,12/11/2018,3780525,SKU_0002,4,REF_SKU_0002,LOC_SKU_0002,8,15,"[40.0, 32.1]",A4032,40.0,32.1
4100,12/11/2018,3780240,SKU_0308,4,REF_SKU_0308,LOC_SKU_0308,1,19,"[5.0, 39.2]",A0539,5.0,39.2
4101,12/11/2018,3780832,SKU_0001,2,REF_SKU_0001,LOC_SKU_0001,7,20,"[35.0, 40.9]",A3541,35.0,40.9
4102,12/11/2018,3780958,SKU_0361,5,REF_SKU_0361,LOC_SKU_0361,1,5,"[5.0, 14.9]",A0515,5.0,14.9
4103,12/11/2018,3780483,SKU_0001,3,REF_SKU_0001,LOC_SKU_0001,7,20,"[35.0, 40.9]",A3541,35.0,40.9
4104,12/11/2018,3780659,SKU_0008,4,REF_SKU_0008,LOC_SKU_0008,8,21,"[40.0, 42.5]",A4042,40.0,42.5
4105,12/11/2018,3780716,SKU_0003,5,REF_SKU_0003,LOC_SKU_0003,7,11,"[35.0, 25.3]",A3525,35.0,25.3
4106,12/11/2018,3780592,SKU_0007,5,REF_SKU_0007,LOC_SKU_0007,6,1,"[30.0, 8.0]",A3008,30.0,8.0
4107,12/11/2018,3780891,SKU_0015,4,REF_SKU_0015,LOC_SKU_0015,4,15,"[20.0, 31.9]",A2032,20.0,31.9
4108,12/11/2018,3780555,SKU_0006,5,REF_SKU_0006,LOC_SKU_0006,8,18,"[40.0, 37.0]",A4037,40.0,37.0
4109,12/11/2018,3780458,SKU_0006,5,REF_SKU_0006,LOC_SKU_0006,8,18,"[40.0, 37.0]",A4037,40.0,37.0
4110,12/11/2018,3780089,SKU_0050,4,REF_SKU_0050,LOC_SKU_0050,3,12,"[15.0, 26.5]",A1526,15.0,26.5
4111,12/11/2018,3780660,SKU_0035,1,REF_SKU_0035,LOC_SKU_0035,2,13,"[10.0, 29.5]",A1030,10.0,29.5
4112,12/11/2018,3780095,SKU_0112,2,REF_SKU_0112,LOC_SKU_0112,8,21,"[40.0, 43.4]",A4043,40.0,43.4
4113,12/11/2018,3780452,SKU_0002,3,REF_SKU_0002,LOC_SKU_0002,8,15,"[40.0, 32.1]",A4032,40.0,32.1
4114,12/11/2018,3780428,SKU_0020,2,REF_SKU_0020,LOC_SKU_0020,2,10,"[10.0, 22.7]",A1023,10.0,22.7
4115,12/11/2018,3780151,SKU_0017,1,REF_SKU_0017,LOC_SKU_0017,7,4,"[35.0, 13.1]",A3513,35.0,13.1
4116,12/11/2018,3780514,SKU_0004,1,REF_SKU_0004,LOC_SKU_0004,7,1,"[35.0, 8.1]",A3508,35.0,8.1
4117,12/11/2018,3780376,SKU_0009,5,REF_SKU_0009,LOC_SKU_0009,6,0,"[30.0, 5.5]",A3006,30.0,5.5
4118,12/11/2018,3780022,SKU_0003,2,REF_SKU_0003,LOC_SKU_0003,7,11,"[35.0, 25.3]",A3525,35.0,25.3
4119,12/11/2018,3780883,SKU_0001,1,REF_SKU_0001,LOC_SKU_0001,7,20,"[35.0, 40.9]",A3541,35.0,40.9
4120,12/11/2018,3780313,SKU_0002,2,REF_SKU_0002,LOC_SKU_0002,8,15,"[40.0, 32.1]",A4032,40.0,32.1
4121,12/11/2018,3780997,SKU_0001,1,REF_SKU_0001,LOC_SKU_0001,7,20,"[35.0, 40.9]",A3541,35.0,40.9
4122,12/11/2018,3780840,SKU_0034,3,REF_SKU_0034,LOC_SKU_0034,5,10,"[25.0, 22.8]",A2523,25.0,22.8
4123,12/11/2018,3780519,SKU_0029,1,REF_SKU_0029,LOC_SKU_0029,2,19,"[10.0, 40.0]",A1040,10.0,40.0
4124,12/11/2018,3780206,SKU_0313,2,REF_SKU_0313,LOC_SKU_0313,2,21,"[10.0, 43.4]",A1043,10.0,43.4
4125,12/11/2018,3780952,SKU_0049,5,REF_SKU_0049,LOC_SKU_0049,8,7,"[40.0, 17.7]",A4018,40.0,17.7
4126,12/11/2018,3780375,SKU_0001,2,REF_SKU_0001,LOC_SKU_0001,7,20,"[35.0, 40.9]",A3541,35.0,40.9
4127,12/11/2018,3780451,SKU_0173,4,REF_SKU_0173,LOC_SKU_0173,3,11,"[15.0, 25.0]",A1525,15.0,25.0
4128,12/11/2018,3780626,SKU_0143,2,REF_SKU_0143,LOC_SKU_0143,6,17,"[30.0, 36.5]",A3036,30.0,36.5
4129,12/11/2018,3780784,SKU_0007,3,REF_SKU_0007,LOC_SKU_0007,6,1,"[30.0, 8.0]",A3008,30.0,8.0
4130,12/11/2018,3780595,SKU_0017,3,REF_SKU_0017,LOC_SKU_0017,7,4,"[35.0, 13.1]",A3513,35.0,13.1
4131,12/11/2018,3780179,SKU_0398,3,REF_SKU_0398,LOC_SKU_0398,2,2,"[10.0, 9.4]",A1009,10.0,9.4
4132,12/11/2018,3780210,SKU_0012,1,REF_SKU_0012,LOC_SKU_0012,9,7,"[45.0, 18.5]",A4518,45.0,18.5
4133,12/11/2018,3780500,SKU_0208,3,REF_SKU_0208,LOC_SKU_0208,2,17,"[10.0, 35.9]",A1036,10.0,35.9
4134,12/11/2018,3780464,SKU_0001,2,REF_SKU_0001,LOC_SKU_0001,7,20,"[35.0, 40.9]",A3541,35.0,40.9
4135,12/11/2018,3780840,SKU_0001,5,REF_SKU_0001,LOC_SKU_0001,7,20,"[35.0, 40.9]",A3541,35.0,40.9
4136,12/11/2018,3780124,SKU_0007,3,REF_SKU_0007,LOC_SKU_0007,6,1,"[30.0, 8.0]",A3008,30.0,8.0
4137,12/11/2018,3780993,SKU_0017,2,REF_SKU_0017,LOC_SKU_0017,7,4,"[35.0, 13.1]",A3513,35.0,13.1
4138,12/11/2018,3780113,SKU_0097,1,REF_SKU_0097,LOC_SKU_0097,4,16,"[20.0, 34.2]",A2034,20.0,34.2
4139,12/11/2018,3780012,SKU_0447,1,REF_SKU_0447,LOC_SKU_0447,2,15,"[10.0, 32.7]",A1033,10.0,32.7
4140,12/11/2018,3780126,SKU_0005,5,REF_SKU_0005,LOC_SKU_0005,8,8,"[40.0, 20.4]",A4020,40.0,20.4
4141,12/11/2018,3780565,SKU_0001,5,REF_SKU_0001,LOC_SKU_0001,7,20,"[35.0, 40.9]",A3541,35.0,40.9
4142,12/11/2018,3780331,SKU_0086,2,REF_SKU_0086,LOC_SKU_0086,10,25,"[50.0, 49.4]",A5049,50.0,49.4
4143,12/11/2018,3780901,SKU_0019,5,REF_SKU_0019,LOC_SKU_0019,9,24,"[45.0, 48.5]",A4548,45.0,48.5
4144,12/11/2018,3780283,SKU_0002,5,REF_SKU_0002,LOC_SKU_0002,8,15,"[40.0, 32.1]",A4032,40.0,32.1
4145,12/11/2018,3780140,SKU_0009,1,REF_SKU_0009,LOC_SKU_0009,6,0,"[30.0, 5.5]",A3006,30.0,5.5
4146,12/11/2018,3780401,SKU_0054,2,REF_SKU_0054,LOC_SKU_0054,7,1,"[35.0, 7.3]",A3507,35.0,7.3
4147,12/11/2018,3780902,SKU_0067,5,REF_SKU_0067,LOC_SKU_0067,9,8,"[45.0, 19.7]",A4520,45.0,19.7
4148,12/11/2018,3780097,SKU_0010,2,REF_SKU_0010,LOC_SKU_0010,5,15,"[25.0, 33.0]",A2533,25.0,33.0
4149,12/11/2018,3780517,SKU_0003,3,REF_SKU_0003,LOC_SKU_0003,7,11,"[35.0, 25.3]",A3525,35.0,25.3
4150,12/11/2018,3780569,SKU_0389,1,REF_SKU_0389,LOC_SKU_0389,4,13,"[20.0, 28.1]",A2028,20.0,28.1
4151,12/11/2018,3780924,SKU_0030,1,REF_SKU_0030,LOC_SKU_0030,2,10,"[10.0, 23.1]",A1023,10.0,23.1
4152,12/11/2018,3780846,SKU_0005,1,REF_SKU_0005,LOC_SKU_0005,8,8,"[40.0, 20.4]",A4020,40.0,20.4
4153,12/11/2018,3780069,SKU_0002,4,REF_SKU_0002,LOC_SKU_0002,8,15,"[40.0, 32.1]",A4032,40.0,32.1
4154,12/11/2018,3780118,SKU_0049,2,REF_SKU_0049,LOC_SKU_0049,8,7,"[40.0, 17.7]",A4018,40.0,17.7
4155,12/11/2018,3780888,SKU_0002,3,REF_SKU_0002,LOC_SKU_0002,8,15,"[40.0, 32.1]",A4032,40.0,32.1
4156,12/11/2018,3780059,SKU_0001,5,REF_SKU_0001,LOC_SKU_0001,7,20,"[35.0, 40.9]",A3541,35.0,40.9
4157,12/11/2018,3780033,SKU_0012,3,REF_SKU_0012,LOC_SKU_0012,9,7,"[45.0, 18.5]",A4518,45.0,18.5
4158,12/11/2018,3780318,SKU_0003,2,REF_SKU_0003,LOC_SKU_0003,7,11,"[35.0, 25.3]",A3525,35.0,25.3
4159,12/11/2018,3780050,SKU_0023,1,REF_SKU_0023,LOC_SKU_0023,7,15,"[35.0, 32.6]",A3533,35.0,32.6
4160,12/11/2018,3780880,SKU_0001,4,REF_SKU_0001,LOC_SKU_0001,7,20,"[35.0, 40.9]",A3541,35.0,40.9
4161,12/11/2018,3780489,SKU_0028,2,REF_SKU_0028,LOC_SKU_0028,4,5,"[20.0, 13.7]",A2014,20.0,13.7
4162,12/11/2018,3780019,SKU_0003,2,REF_SKU_0003,LOC_SKU_0003,7,11,"[35.0, 25.3]",A3525,35.0,25.3
4163,12/11/2018,3780726,SKU_0001,5,REF_SKU_0001,LOC_SKU_0001,7,20,"[35.0, 40.9]",A3541,35.0,40.9
4164,12/11/2018,3780197,SKU_0001,3,REF_SKU_0001,LOC_SKU_0001,7,20,"[35.0, 40.9]",A3541,35.0,40.9
4165,12/11/2018,3780891,SKU_0268,3,REF_SKU_0268,LOC_SKU_0268,5,6,"[25.0, 16.8]",A2517,25.0,16.8
4166,12/11/2018,3780450,SKU_0149,5,REF_SKU_0149,LOC_SKU_0149,9,18,"[45.0, 36.8]",A4537,45.0,36.8
4167,12/11/2018,3780990,SKU_0002,4,REF_SKU_0002,LOC_SKU_0002,8,15,"[40.0, 32.1]",A4032,40.0,32.1
4168,12/11/2018,3780559,SKU_0071,1,REF_SKU_0071,LOC_SKU_0071,6,13,"[30.0, 28.2]",A3028,30.0,28.2
4169,12/11/2018,3780679,SKU_0020,1,REF_SKU_0020,LOC_SKU_0020,2,10,"[10.0, 22.7]",A1023,10.0,22.7
4170,12/11/2018,3780452,SKU_0379,4,REF_SKU_0379,LOC_SKU_0379,8,17,"[40.0, 36.5]",A4036,40.0,36.5
4171,12/11/2018,3780289,SKU_0004,5,REF_SKU_0004,LOC_SKU_0004,7,1,"[35.0, 8.1]",A3508,35.0,8.1
4172,12/11/2018,3780141,SKU_0034,2,REF_SKU_0034,LOC_SKU_0034,5,10,"[25.0, 22.8]",A2523,25.0,22.8
4173,12/11/2018,3780084,SKU_0001,3,REF_SKU_0001,LOC_SKU_0001,7,20,"[35.0, 40.9]",A3541,35.0,40.9
4174,12/11/2018,3780694,SKU_0005,2,REF_SKU_0005,LOC_SKU_0005,8,8,"[40.0, 20.4]",A4020,40.0,20.4
4175,12/11/2018,3780391,SKU_0354,3,REF_SKU_0354,LOC_SKU_0354,10,1,"[50.0, 7.1]",A5007,50.0,7.1
4176,12/11/2018,3780591,SKU_0012,2,REF_SKU_0012,LOC_SKU_0012,9,7,"[45.0, 18.5]",A4518,45.0,18.5
4177,12/11/2018,3780215,SKU_0003,5,REF_SKU_0003,LOC_SKU_0003,7,11,"[35.0, 25.3]",A3525,35.0,25.3
4178,12/11/2018,3780526,SKU_0001,5,REF_SKU_0001,LOC_SKU_0001,7,20,"[35.0, 40.9]",A3541,35.0,40.9
4179,12/11/2018,3780215,SKU_0040,4,REF_SKU_0040,LOC_SKU_0040,8,0,"[40.0, 5.7]",A4006,40.0,5.7
4180,12/11/2018,3780403,SKU_0026,2,REF_SKU_0026,LOC_SKU_0026,8,19,"[40.0, 39.1]",A4039,40.0,39.1
4181,12/11/2018,3780128,SKU_0004,2,REF_SKU_0004,LOC_SKU_0004,7,1,"[35.0, 8.1]",A3508,35.0,8.1
4182,12/11/2018,3780822,SKU_0314,4,REF_SKU_0314,LOC_SKU_0314,6,24,"[30.0, 48.6]",A3049,30.0,48.6
4183,12/11/2018,3780477,SKU_0001,4,REF_SKU_0001,LOC_SKU_0001,7,20,"[35.0, 40.9]",A3541,35.0,40.9
4184,12/11/2018,3780760,SKU_0003,5,REF_SKU_0003,LOC_SKU_0003,7,11,"[35.0, 25.3]",A3525,35.0,25.3
4185,12/11/2018,3780404,SKU_0239,5,REF_SKU_0239,LOC_SKU_0239,7,14,"[35.0, 29.8]",A3530,35.0,29.8
4186,12/11/2018,3780029,SKU_0003,2,REF_SKU_0003,LOC_SKU_0003,7,11,"[35.0, 25.3]",A3525,35.0,25.3
4187,12/11/2018,3780792,SKU_0002,5,REF_SKU_0002,LOC_SKU_0002,8,15,"[40.0, 32.1]",A4032,40.0,32.1
4188,12/11/2018,3780338,SKU_0012,5,REF_SKU_0012,LOC_SKU_0012,9,7,"[45.0, 18.5]",A4518,45.0,18.5
4189,12/11/2018,3780831,SKU_0103,2,REF_SKU_0103,LOC_SKU_0103,10,6,"[50.0, 17.0]",A5017,50.0,17.0
4190,12/11/2018,3780714,SKU_0001,4,REF_SKU_0001,LOC_SKU_0001,7,20,"[35.0, 40.9]",A3541,35.0,40.9
4191,12/11/2018,3780361,SKU_0292,2,REF_SKU_0292,LOC_SKU_0292,2,25,"[10.0, 49.4]",A1049,10.0,49.4
4192,12/11/2018,3780569,SKU_0082,1,REF_SKU_0082,LOC_SKU_0082,1,24,"[5.0, 49.0]",A0549,5.0,49.0
4193,12/11/2018,3780392,SKU_0001,2,REF_SKU_0001,LOC_SKU_0001,7,20,"[35.0, 40.9]",A3541,35.0,40.9
4194,12/11/2018,3780218,SKU_0043,1,REF_SKU_0043,LOC_SKU_0043,5,23,"[25.0, 46.7]",A2547,25.0,46.7
4195,12/11/2018,3780574,SKU_0005,2,REF_SKU_0005,LOC_SKU_0005,8,8,"[40.0, 20.4]",A4020,40.0,20.4
4196,12/11/2018,3780669,SKU_0005,1,REF_SKU_0005,LOC_SKU_0005,8,8,"[40.0, 20.4]",A4020,40.0,20.4
4197,12/11/2018,3780202,SKU_0074,1,REF_SKU_0074,LOC_SKU_0074,8,24,"[40.0, 47.5]",A4048,40.0,47.5
4198,12/11/2018,3780017,SKU_0351,2,REF_SKU_0351,LOC_SKU_0351,8,12,"[40.0, 27.1]",A4027,40.0,27.1
4199,12/11/2018,3780322,SKU_0001,5,REF_SKU_0001,LOC_SKU_0001,7,20,"[35.0, 40.9]",A3541,35.0,40.9
4200,12/11/2018,3780518,SKU_0006,3,REF_SKU_0006,LOC_SKU_0006,8,18,"[40.0, 37.0]",A4037,40.0,37.0
4201,12/11/2018,3780570,SKU_0008,5,REF_SKU_0008,LOC_SKU_0008,8,21,"[40.0, 42.5]",A4042,40.0,42.5
4202,12/11/2018,3780325,SKU_0004,1,REF_SKU_0004,LOC_SKU_0004,7,1,"[35.0, 8.1]",A3508,35.0,8.1
4203,12/11/2018,3780412,SKU_0004,2,REF_SKU_0004,LOC_SKU_0004,7,1,"[35.0, 8.1]",A3508,35.0,8.1
4204,12/11/2018,3780318,SKU_0001,2,REF_SKU_0001,LOC_SKU_0001,7,20,"[35.0, 40.9]",A3541,35.0,40.9
4205,12/11/2018,3780681,SKU_0035,2,REF_SKU_0035,LOC_SKU_0035,2,13,"[10.0, 29.5]",A1030,10.0,29.5
4206,12/11/2018,3780965,SKU_0006,2,REF_SKU_0006,LOC_SKU_0006,8,18,"[40.0, 37.0]",A4037,40.0,37.0
4207,12/11/2018,3780082,SKU_0002,3,REF_SKU_0002,LOC_SKU_0002,8,15,"[40.0, 32.1]",A4032,40.0,32.1
4208,12/11/2018,3780474,SKU_0097,4,REF_SKU_0097,LOC_SKU_0097,4,16,"[20.0, 34.2]",A2034,20.0,34.2
4209,12/11/2018,3780468,SKU_0087,1,REF_SKU_0087,LOC_SKU_0087,7,17,"[35.0, 35.4]",A3535,35.0,35.4
4210,12/11/2018,3780425,SKU_0009,3,REF_SKU_0009,LOC_SKU_0009,6,0,"[30.0, 5.5]",A3006,30.0,5.5
4211,12/11/2018,3780945,SKU_0003,5,REF_SKU_0003,LOC_SKU_0003,7,11,"[35.0, 25.3]",A3525,35.0,25.3
4212,12/11/2018,3780731,SKU_0025,4,REF_SKU_0025,LOC_SKU_0025,1,6,"[5.0, 17.0]",A0517,5.0,17.0
4213,12/11/2018,3780689,SKU_0003,4,REF_SKU_0003,LOC_SKU_0003,7,11,"[35.0, 25.3]",A3525,35.0,25.3
4214,12/11/2018,3780204,SKU_0002,2,REF_SKU_0002,LOC_SKU_0002,8,15,"[40.0, 32.1]",A4032,40.0,32.1
4215,12/11/2018,3780583,SKU_0049,3,REF_SKU_0049,LOC_SKU_0049,8,7,"[40.0, 17.7]",A4018,40.0,17.7
4216,12/11/2018,3780387,SKU_0001,5,REF_SKU_0001,LOC_SKU_0001,7,20,"[35.0, 40.9]",A3541,35.0,40.9
4217,12/11/2018,3780778,SKU_0001,2,REF_SKU_0001,LOC_SKU_0001,7,20,"[35.0, 40.9]",A3541,35.0,40.9
4218,12/11/2018,3780098,SKU_0001,2,REF_SKU_0001,LOC_SKU_0001,7,20,"[35.0, 40.9]",A3541,35.0,40.9
4219,12/11/2018,3780345,SKU_0001,1,REF_SKU_0001,LOC_SKU_0001,7,20,"[35.0, 40.9]",A3541,35.0,40.9
4220,12/11/2018,3780803,SKU_0001,4,REF_SKU_0001,LOC_SKU_0001,7,20,"[35.0, 40.9]",A3541,35.0,40.9
4221,12/11/2018,3780208,SKU_0481,5,REF_SKU_0481,LOC_SKU_0481,7,11,"[35.0, 24.5]",A3524,35.0,24.5
4222,12/11/2018,3780514,SKU_0003,4,REF_SKU_0003,LOC_SKU_0003,7,11,"[35.0, 25.3]",A3525,35.0,25.3
4223,12/11/2018,3780636,SKU_0001,3,REF_SKU_0001,LOC_SKU_0001,7,20,"[35.0, 40.9]",A3541,35.0,40.9
4224,12/11/2018,3780792,SKU_0002,1,REF_SKU_0002,LOC_SKU_0002,8,15,"[40.0, 32.1]",A4032,40.0,32.1
4225,12/11/2018,3780586,SKU_0274,2,REF_SKU_0274,LOC_SKU_0274,7,1,"[35.0, 7.5]",A3508,35.0,7.5
4226,12/11/2018,3780166,SKU_0011,1,REF_SKU_0011,LOC_SKU_0011,10,13,"[50.0, 28.9]",A5029,50.0,28.9
4227,12/11/2018,3780022,SKU_0004,2,REF_SKU_0004,LOC_SKU_0004,7,1,"[35.0, 8.1]",A3508,35.0,8.1
4228,12/11/2018,3780154,SKU_0157,1,REF_SKU_0157,LOC_SKU_0157,2,2,"[10.0, 9.7]",A1010,10.0,9.7
4229,12/11/2018,3780939,SKU_0005,2,REF_SKU_0005,LOC_SKU_0005,8,8,"[40.0, 20.4]",A4020,40.0,20.4
4230,12/11/2018,3780439,SKU_0003,4,REF_SKU_0003,LOC_SKU_0003,7,11,"[35.0, 25.3]",A3525,35.0,25.3
4231,12/11/2018,3780295,SKU_0002,4,REF_SKU_0002,LOC_SKU_0002,8,15,"[40.0, 32.1]",A4032,40.0,32.1
4232,12/11/2018,3780219,SKU_0004,4,REF_SKU_0004,LOC_SKU_0004,7,1,"[35.0, 8.1]",A3508,35.0,8.1
4233,12/11/2018,3780669,SKU_0003,4,REF_SKU_0003,LOC_SKU_0003,7,11,"[35.0, 25.3]",A3525,35.0,25.3
4234,12/11/2018,3780495,SKU_0033,1,REF_SKU_0033,LOC_SKU_0033,9,24,"[45.0, 48.3]",A4548,45.0,48.3
4235,12/11/2018,3780230,SKU_0003,2,REF_SKU_0003,LOC_SKU_0003,7,11,"[35.0, 25.3]",A3525,35.0,25.3
4236,12/11/2018,3780020,SKU_0016,4,REF_SKU_0016,LOC_SKU_0016,3,22,"[15.0, 43.8]",A1544,15.0,43.8
4237,12/11/2018,3780987,SKU_0001,1,REF_SKU_0001,LOC_SKU_0001,7,20,"[35.0, 40.9]",A3541,35.0,40.9
4238,12/11/2018,3780553,SKU_0001,2,REF_SKU_0001,LOC_SKU_0001,7,20,"[35.0, 40.9]",A3541,35.0,40.9
4239,12/11/2018,3780950,SKU_0005,1,REF_SKU_0005,LOC_SKU_0005,8,8,"[40.0, 20.4]",A4020,40.0,20.4
4240,12/11/2018,3780148,SKU_0276,4,REF_SKU_0276,LOC_SKU_0276,8,10,"[40.0, 23.1]",A4023,40.0,23.1
4241,12/11/2018,3780108,SKU_0004,3,REF_SKU_0004,LOC_SKU_0004,7,1,"[35.0, 8.1]",A3508,35.0,8.1
4242,12/11/2018,3780403,SKU_0030,1,REF_SKU_0030,LOC_SKU_0030,2,10,"[10.0, 23.1]",A1023,10.0,23.1
4243,12/11/2018,3780596,SKU_0002,4,REF_SKU_0002,LOC_SKU_0002,8,15,"[40.0, 32.1]",A4032,40.0,32.1
4244,12/11/2018,3780483,SKU_0001,5,REF_SKU_0001,LOC_SKU_0001,7,20,"[35.0, 40.9]",A3541,35.0,40.9
4245,12/11/2018,3780367,SKU_0001,2,REF_SKU_0001,LOC_SKU_0001,7,20,"[35.0, 40.9]",A3541,35.0,40.9
4246,12/11/2018,3780834,SKU_0003,4,REF_SKU_0003,LOC_SKU_0003,7,11,"[35.0, 25.3]",A3525,35.0,25.3
4247,12/11/2018,3780414,SKU_0001,5,REF_SKU_0001,LOC_SKU_0001,7,20,"[35.0, 40.9]",A3541,35.0,40.9
4248,12/11/2018,3780309,SKU_0001,1,REF_SKU_0001,LOC_SKU_0001,7,20,"[35.0, 40.9]",A3541,35.0,40.9
4249,12/11/2018,3780802,SKU_0062,1,REF_SKU_0062,LOC_SKU_0062,6,22,"[30.0, 44.7]",A3045,30.0,44.7
4250,12/11/2018,3780918,SKU_0001,5,REF_SKU_0001,LOC_SKU_0001,7,20,"[35.0, 40.9]",A3541,35.0,40.9
4251,12/11/2018,3780835,SKU_0014,5,REF_SKU_0014,LOC_SKU_0014,3,10,"[15.0, 22.5]",A1522,15.0,22.5
4252,12/11/2018,3780134,SKU_0004,2,REF_SKU_0004,LOC_SKU_0004,7,1,"[35.0, 8.1]",A3508,35.0,8.1
4253,12/11/2018,3780719,SKU_0010,1,REF_SKU_0010,LOC_SKU_0010,5,15,"[25.0, 33.0]",A2533,25.0,33.0
4254,12/11/2018,3780283,SKU_0015,5,REF_SKU_0015,LOC_SKU_0015,4,15,"[20.0, 31.9]",A2032,20.0,31.9
4255,12/11/2018,3780778,SKU_0003,3,REF_SKU_0003,LOC_SKU_0003,7,11,"[35.0, 25.3]",A3525,35.0,25.3
4256,12/11/2018,3780073,SKU_0003,3,REF_SKU_0003,LOC_SKU_0003,7,11,"[35.0, 25.3]",A3525,35.0,25.3
4257,12/11/2018,3780481,SKU_0050,5,REF_SKU_0050,LOC_SKU_0050,3,12,"[15.0, 26.5]",A1526,15.0,26.5
4258,12/11/2018,3780352,SKU_0154,2,REF_SKU_0154,LOC_SKU_0154,4,20,"[20.0, 41.0]",A2041,20.0,41.0
4259,12/11/2018,3780560,SKU_0002,1,REF_SKU_0002,LOC_SKU_0002,8,15,"[40.0, 32.1]",A4032,40.0,32.1
4260,12/11/2018,3780326,SKU_0001,3,REF_SKU_0001,LOC_SKU_0001,7,20,"[35.0, 40.9]",A3541,35.0,40.9
4261,12/11/2018,3780745,SKU_0194,5,REF_SKU_0194,LOC_SKU_0194,10,24,"[50.0, 47.7]",A5048,50.0,47.7
4262,12/11/2018,3780443,SKU_0004,5,REF_SKU_0004,LOC_SKU_0004,7,1,"[35.0, 8.1]",A3508,35.0,8.1
4263,12/11/2018,3780100,SKU_0013,4,REF_SKU_0013,LOC_SKU_0013,10,1,"[50.0, 7.6]",A5008,50.0,7.6
4264,12/11/2018,3780059,SKU_0004,5,REF_SKU_0004,LOC_SKU_0004,7,1,"[35.0, 8.1]",A3508,35.0,8.1
4265,12/11/2018,3780508,SKU_0001,2,REF_SKU_0001,LOC_SKU_0001,7,20,"[35.0, 40.9]",A3541,35.0,40.9
4266,12/11/2018,3780258,SKU_0017,3,REF_SKU_0017,LOC_SKU_0017,7,4,"[35.0, 13.1]",A3513,35.0,13.1
4267,12/11/2018,3780413,SKU_0011,4,REF_SKU_0011,LOC_SKU_0011,10,13,"[50.0, 28.9]",A5029,50.0,28.9
4268,12/11/2018,3780452,SKU_0002,3,REF_SKU_0002,LOC_SKU_0002,8,15,"[40.0, 32.1]",A4032,40.0,32.1
4269,12/11/2018,3780065,SKU_0007,3,REF_SKU_0007,LOC_SKU_0007,6,1,"[30.0, 8.0]",A3008,30.0,8.0
4270,12/11/2018,3780595,SKU_0083,2,REF_SKU_0083,LOC_SKU_0083,6,1,"[30.0, 7.0]",A3007,30.0,7.0
4271,12/11/2018,3780154,SKU_0018,5,REF_SKU_0018,LOC_SKU_0018,7,0,"[35.0, 6.1]",A3506,35.0,6.1
4272,12/11/2018,3780985,SKU_0001,2,REF_SKU_0001,LOC_SKU_0001,7,20,"[35.0, 40.9]",A3541,35.0,40.9
4273,12/11/2018,3780266,SKU_0013,5,REF_SKU_0013,LOC_SKU_0013,10,1,"[50.0, 7.6]",A5008,50.0,7.6
4274,12/11/2018,3780821,SKU_0040,4,REF_SKU_0040,LOC_SKU_0040,8,0,"[40.0, 5.7]",A4006,40.0,5.7
4275,12/11/2018,3780079,SKU_0080,2,REF_SKU_0080,LOC_SKU_0080,1,4,"[5.0, 12.1]",A0512,5.0,12.1
4276,12/11/2018,3780315,SKU_0023,2,REF_SKU_0023,LOC_SKU_0023,7,15,"[35.0, 32.6]",A3533,35.0,32.6
4277,12/11/2018,3780662,SKU_0001,1,REF_SKU_0001,LOC_SKU_0001,7,20,"[35.0, 40.9]",A3541,35.0,40.9
4278,12/11/2018,3780947,SKU_0042,2,REF_SKU_0042,LOC_SKU_0042,3,20,"[15.0, 40.7]",A1541,15.0,40.7
4279,12/11/2018,3780560,SKU_0033,1,REF_SKU_0033,LOC_SKU_0033,9,24,"[45.0, 48.3]",A4548,45.0,48.3
4280,12/11/2018,3780917,SKU_0001,5,REF_SKU_0001,LOC_SKU_0001,7,20,"[35.0, 40.9]",A3541,35.0,40.9
4281,12/11/2018,3780891,SKU_0005,5,REF_SKU_0005,LOC_SKU_0005,8,8,"[40.0, 20.4]",A4020,40.0,20.4
4282,12/11/2018,3780248,SKU_0003,5,REF_SKU_0003,LOC_SKU_0003,7,11,"[35.0, 25.3]",A3525,35.0,25.3
4283,12/11/2018,3780790,SKU_0031,1,REF_SKU_0031,LOC_SKU_0031,4,15,"[20.0, 32.1]",A2032,20.0,32.1
4284,12/11/2018,3780868,SKU_0002,5,REF_SKU_0002,LOC_SKU_0002,8,15,"[40.0, 32.1]",A4032,40.0,32.1
4285,12/11/2018,3780610,SKU_0018,3,REF_SKU_0018,LOC_SKU_0018,7,0,"[35.0, 6.1]",A3506,35.0,6.1
4286,12/11/2018,3780414,SKU_0223,2,REF_SKU_0223,LOC_SKU_0223,7,19,"[35.0, 38.9]",A3539,35.0,38.9
4287,12/11/2018,3780025,SKU_0083,1,REF_SKU_0083,LOC_SKU_0083,6,1,"[30.0, 7.0]",A3007,30.0,7.0
4288,12/11/2018,3780284,SKU_0240,5,REF_SKU_0240,LOC_SKU_0240,2,24,"[10.0, 48.6]",A1049,10.0,48.6
4289,12/11/2018,3780449,SKU_0407,3,REF_SKU_0407,LOC_SKU_0407,3,23,"[15.0, 46.7]",A1547,15.0,46.7
4290,12/11/2018,3780881,SKU_0001,2,REF_SKU_0001,LOC_SKU_0001,7,20,"[35.0, 40.9]",A3541,35.0,40.9
4291,12/11/2018,3780301,SKU_0022,2,REF_SKU_0022,LOC_SKU_0022,4,6,"[20.0, 16.2]",A2016,20.0,16.2
4292,12/11/2018,3780068,SKU_0005,5,REF_SKU_0005,LOC_SKU_0005,8,8,"[40.0, 20.4]",A4020,40.0,20.4
4293,12/11/2018,3780007,SKU_0140,3,REF_SKU_0140,LOC_SKU_0140,5,5,"[25.0, 14.0]",A2514,25.0,14.0
4294,12/11/2018,3780817,SKU_0002,1,REF_SKU_0002,LOC_SKU_0002,8,15,"[40.0, 32.1]",A4032,40.0,32.1
4295,12/11/2018,3780137,SKU_0417,5,REF_SKU_0417,LOC_SKU_0417,3,16,"[15.0, 33.3]",A1533,15.0,33.3
4296,12/11/2018,3780164,SKU_0021,2,REF_SKU_0021,LOC_SKU_0021,10,2,"[50.0, 9.8]",A5010,50.0,9.8
4297,12/11/2018,3780083,SKU_0081,2,REF_SKU_0081,LOC_SKU_0081,8,1,"[40.0, 7.1]",A4007,40.0,7.1
4298,12/11/2018,3780897,SKU_0001,2,REF_SKU_0001,LOC_SKU_0001,7,20,"[35.0, 40.9]",A3541,35.0,40.9
4299,12/11/2018,3780650,SKU_0001,5,REF_SKU_0001,LOC_SKU_0001,7,20,"[35.0, 40.9]",A3541,35.0,40.9
4300,12/11/2018,3780420,SKU_0061,4,REF_SKU_0061,LOC_SKU_0061,7,7,"[35.0, 18.4]",A3518,35.0,18.4
4301,12/11/2018,3780073,SKU_0001,4,REF_SKU_0001,LOC_SKU_0001,7,20,"[35.0, 40.9]",A3541,35.0,40.9
4302,12/11/2018,3780237,SKU_0097,4,REF_SKU_0097,LOC_SKU_0097,4,16,"[20.0, 34.2]",A2034,20.0,34.2
4303,12/11/2018,3780046,SKU_0001,3,REF_SKU_0001,LOC_SKU_0001,7,20,"[35.0, 40.9]",A3541,35.0,40.9
4304,12/11/2018,3780618,SKU_0028,5,REF_SKU_0028,LOC_SKU_0028,4,5,"[20.0, 13.7]",A2014,20.0,13.7
4305,12/11/2018,3780928,SKU_0004,2,REF_SKU_0004,LOC_SKU_0004,7,1,"[35.0, 8.1]",A3508,35.0,8.1
4306,12/11/2018,3780800,SKU_0020,3,REF_SKU_0020,LOC_SKU_0020,2,10,"[10.0, 22.7]",A1023,10.0,22.7
4307,12/11/2018,3780262,SKU_0038,4,REF_SKU_0038,LOC_SKU_0038,1,0,"[5.0, 6.2]",A0506,5.0,6.2
4308,12/11/2018,3780176,SKU_0004,1,REF_SKU_0004,LOC_SKU_0004,7,1,"[35.0, 8.1]",A3508,35.0,8.1
4309,12/11/2018,3780166,SKU_0001,3,REF_SKU_0001,LOC_SKU_0001,7,20,"[35.0, 40.9]",A3541,35.0,40.9
4310,12/11/2018,3780657,SKU_0001,3,REF_SKU_0001,LOC_SKU_0001,7,20,"[35.0, 40.9]",A3541,35.0,40.9
4311,12/11/2018,3780842,SKU_0017,5,REF_SKU_0017,LOC_SKU_0017,7,4,"[35.0, 13.1]",A3513,35.0,13.1
4312,12/11/2018,3780370,SKU_0011,3,REF_SKU_0011,LOC_SKU_0011,10,13,"[50.0, 28.9]",A5029,50.0,28.9
4313,12/11/2018,3780795,SKU_0054,5,REF_SKU_0054,LOC_SKU_0054,7,1,"[35.0, 7.3]",A3507,35.0,7.3
4314,12/11/2018,3780054,SKU_0010,1,REF_SKU_0010,LOC_SKU_0010,5,15,"[25.0, 33.0]",A2533,25.0,33.0
4315,12/11/2018,3780690,SKU_0006,2,REF_SKU_0006,LOC_SKU_0006,8,18,"[40.0, 37.0]",A4037,40.0,37.0
4316,12/11/2018,3780419,SKU_0005,2,REF_SKU_0005,LOC_SKU_0005,8,8,"[40.0, 20.4]",A4020,40.0,20.4
4317,12/11/2018,3780756,SKU_0001,4,REF_SKU_0001,LOC_SKU_0001,7,20,"[35.0, 40.9]",A3541,35.0,40.9
4318,12/11/2018,3780507,SKU_0003,4,REF_SKU_0003,LOC_SKU_0003,7,11,"[35.0, 25.3]",A3525,35.0,25.3
4319,12/11/2018,3780341,SKU_0398,1,REF_SKU_0398,LOC_SKU_0398,2,2,"[10.0, 9.4]",A1009,10.0,9.4
4320,12/11/2018,3780127,SKU_0157,2,REF_SKU_0157,LOC_SKU_0157,2,2,"[10.0, 9.7]",A1010,10.0,9.7
4321,12/11/2018,3780409,SKU_0003,4,REF_SKU_0003,LOC_SKU_0003,7,11,"[35.0, 25.3]",A3525,35.0,25.3
4322,12/11/2018,3780924,SKU_0017,3,REF_SKU_0017,LOC_SKU_0017,7,4,"[35.0, 13.1]",A3513,35.0,13.1
4323,12/11/2018,3780367,SKU_0126,5,REF_SKU_0126,LOC_SKU_0126,3,16,"[15.0, 33.8]",A1534,15.0,33.8
4324,12/11/2018,3780271,SKU_0007,4,REF_SKU_0007,LOC_SKU_0007,6,1,"[30.0, 8.0]",A3008,30.0,8.0
4325,12/11/2018,3780644,SKU_0001,1,REF_SKU_0001,LOC_SKU_0001,7,20,"[35.0, 40.9]",A3541,35.0,40.9
4326,12/11/2018,3780605,SKU_0001,2,REF_SKU_0001,LOC_SKU_0001,7,20,"[35.0, 40.9]",A3541,35.0,40.9
4327,12/11/2018,3780379,SKU_0010,1,REF_SKU_0010,LOC_SKU_0010,5,15,"[25.0, 33.0]",A2533,25.0,33.0
4328,12/11/2018,3780073,SKU_0374,5,REF_SKU_0374,LOC_SKU_0374,1,0,"[5.0, 5.8]",A0506,5.0,5.8
4329,12/11/2018,3780923,SKU_0037,5,REF_SKU_0037,LOC_SKU_0037,9,7,"[45.0, 18.7]",A4519,45.0,18.7
4330,12/11/2018,3780922,SKU_0001,1,REF_SKU_0001,LOC_SKU_0001,7,20,"[35.0, 40.9]",A3541,35.0,40.9
4331,12/11/2018,3780915,SKU_0001,4,REF_SKU_0001,LOC_SKU_0001,7,20,"[35.0, 40.9]",A3541,35.0,40.9
4332,12/11/2018,3780248,SKU_0067,4,REF_SKU_0067,LOC_SKU_0067,9,8,"[45.0, 19.7]",A4520,45.0,19.7
4333,12/11/2018,3780860,SKU_0120,2,REF_SKU_0120,LOC_SKU_0120,9,4,"[45.0, 13.3]",A4513,45.0,13.3
4334,12/11/2018,3780785,SKU_0021,2,REF_SKU_0021,LOC_SKU_0021,10,2,"[50.0, 9.8]",A5010,50.0,9.8
4335,12/11/2018,3780043,SKU_0026,3,REF_SKU_0026,LOC_SKU_0026,8,19,"[40.0, 39.1]",A4039,40.0,39.1
4336,12/11/2018,3780377,SKU_0001,3,REF_SKU_0001,LOC_SKU_0001,7,20,"[35.0, 40.9]",A3541,35.0,40.9
4337,12/11/2018,3780041,SKU_0107,2,REF_SKU_0107,LOC_SKU_0107,5,23,"[25.0, 45.6]",A2546,25.0,45.6
4338,12/11/2018,3780170,SKU_0077,3,REF_SKU_0077,LOC_SKU_0077,1,2,"[5.0, 8.4]",A0508,5.0,8.4
4339,12/11/2018,3780946,SKU_0002,1,REF_SKU_0002,LOC_SKU_0002,8,15,"[40.0, 32.1]",A4032,40.0,32.1
4340,12/11/2018,3780212,SKU_0041,4,REF_SKU_0041,LOC_SKU_0041,3,18,"[15.0, 37.0]",A1537,15.0,37.0
4341,12/11/2018,3780493,SKU_0002,3,REF_SKU_0002,LOC_SKU_0002,8,15,"[40.0, 32.1]",A4032,40.0,32.1
4342,12/11/2018,3780680,SKU_0001,3,REF_SKU_0001,LOC_SKU_0001,7,20,"[35.0, 40.9]",A3541,35.0,40.9
4343,12/11/2018,3780039,SKU_0002,1,REF_SKU_0002,LOC_SKU_0002,8,15,"[40.0, 32.1]",A4032,40.0,32.1
4344,12/11/2018,3780369,SKU_0001,5,REF_SKU_0001,LOC_SKU_0001,7,20,"[35.0, 40.9]",A3541,35.0,40.9
4345,12/11/2018,3780757,SKU_0003,2,REF_SKU_0003,LOC_SKU_0003,7,11,"[35.0, 25.3]",A3525,35.0,25.3
4346,12/11/2018,3780151,SKU_0006,1,REF_SKU_0006,LOC_SKU_0006,8,18,"[40.0, 37.0]",A4037,40.0,37.0
4347,12/11/2018,3780111,SKU_0010,5,REF_SKU_0010,LOC_SKU_0010,5,15,"[25.0, 33.0]",A2533,25.0,33.0
4348,12/11/2018,3780480,SKU_0008,1,REF_SKU_0008,LOC_SKU_0008,8,21,"[40.0, 42.5]",A4042,40.0,42.5
4349,12/11/2018,3780436,SKU_0002,4,REF_SKU_0002,LOC_SKU_0002,8,15,"[40.0, 32.1]",A4032,40.0,32.1
4350,12/11/2018,3780047,SKU_0001,1,REF_SKU_0001,LOC_SKU_0001,7,20,"[35.0, 40.9]",A3541,35.0,40.9
4351,12/11/2018,3780575,SKU_0020,1,REF_SKU_0020,LOC_SKU_0020,2,10,"[10.0, 22.7]",A1023,10.0,22.7
4352,12/11/2018,3780737,SKU_0005,4,REF_SKU_0005,LOC_SKU_0005,8,8,"[40.0, 20.4]",A4020,40.0,20.4
4353,12/11/2018,3780366,SKU_0003,2,REF_SKU_0003,LOC_SKU_0003,7,11,"[35.0, 25.3]",A3525,35.0,25.3
4354,12/11/2018,3780069,SKU_0149,5,REF_SKU_0149,LOC_SKU_0149,9,18,"[45.0, 36.8]",A4537,45.0,36.8
4355,12/11/2018,3780299,SKU_0056,3,REF_SKU_0056,LOC_SKU_0056,3,1,"[15.0, 6.9]",A1507,15.0,6.9
4356,12/11/2018,3780944,SKU_0137,2,REF_SKU_0137,LOC_SKU_0137,1,14,"[5.0, 30.1]",A0530,5.0,30.1
4357,12/11/2018,3780802,SKU_0009,1,REF_SKU_0009,LOC_SKU_0009,6,0,"[30.0, 5.5]",A3006,30.0,5.5
4358,12/11/2018,3780296,SKU_0001,3,REF_SKU_0001,LOC_SKU_0001,7,20,"[35.0, 40.9]",A3541,35.0,40.9
4359,12/11/2018,3780203,SKU_0038,4,REF_SKU_0038,LOC_SKU_0038,1,0,"[5.0, 6.2]",A0506,5.0,6.2
4360,12/11/2018,3780061,SKU_0002,2,REF_SKU_0002,LOC_SKU_0002,8,15,"[40.0, 32.1]",A4032,40.0,32.1
4361,12/11/2018,3780946,SKU_0007,5,REF_SKU_0007,LOC_SKU_0007,6,1,"[30.0, 8.0]",A3008,30.0,8.0
4362,12/11/2018,3780963,SKU_0001,2,REF_SKU_0001,LOC_SKU_0001,7,20,"[35.0, 40.9]",A3541,35.0,40.9
4363,12/11/2018,3780830,SKU_0105,2,REF_SKU_0105,LOC_SKU_0105,4,13,"[20.0, 29.1]",A2029,20.0,29.1
4364,12/11/2018,3780314,SKU_0001,3,REF_SKU_0001,LOC_SKU_0001,7,20,"[35.0, 40.9]",A3541,35.0,40.9
4365,12/11/2018,3780161,SKU_0204,4,REF_SKU_0204,LOC_SKU_0204,3,21,"[15.0, 42.0]",A1542,15.0,42.0
4366,12/11/2018,3780331,SKU_0145,4,REF_SKU_0145,LOC_SKU_0145,2,15,"[10.0, 32.9]",A1033,10.0,32.9
4367,12/11/2018,3780528,SKU_0008,2,REF_SKU_0008,LOC_SKU_0008,8,21,"[40.0, 42.5]",A4042,40.0,42.5
4368,12/11/2018,3780338,SKU_0055,4,REF_SKU_0055,LOC_SKU_0055,10,1,"[50.0, 6.6]",A5007,50.0,6.6
4369,12/11/2018,3780606,SKU_0022,3,REF_SKU_0022,LOC_SKU_0022,4,6,"[20.0, 16.2]",A2016,20.0,16.2
4370,12/11/2018,3780304,SKU_0087,3,REF_SKU_0087,LOC_SKU_0087,7,17,"[35.0, 35.4]",A3535,35.0,35.4
4371,12/11/2018,3780503,SKU_0006,5,REF_SKU_0006,LOC_SKU_0006,8,18,"[40.0, 37.0]",A4037,40.0,37.0
4372,12/11/2018,3780650,SKU_0076,4,REF_SKU_0076,LOC_SKU_0076,8,18,"[40.0, 36.8]",A4037,40.0,36.8
4373,12/11/2018,3780338,SKU_0008,5,REF_SKU_0008,LOC_SKU_0008,8,21,"[40.0, 42.5]",A4042,40.0,42.5
4374,12/11/2018,3780550,SKU_0287,1,REF_SKU_0287,LOC_SKU_0287,5,15,"[25.0, 32.8]",A2533,25.0,32.8
4375,12/11/2018,3780639,SKU_0009,3,REF_SKU_0009,LOC_SKU_0009,6,0,"[30.0, 5.5]",A3006,30.0,5.5
4376,12/11/2018,3780275,SKU_0008,2,REF_SKU_0008,LOC_SKU_0008,8,21,"[40.0, 42.5]",A4042,40.0,42.5
4377,12/11/2018,3780164,SKU_0075,3,REF_SKU_0075,LOC_SKU_0075,6,5,"[30.0, 15.2]",A3015,30.0,15.2
4378,12/11/2018,3780443,SKU_0101,1,REF_SKU_0101,LOC_SKU_0101,9,3,"[45.0, 10.5]",A4510,45.0,10.5
4379,12/11/2018,3780319,SKU_0014,2,REF_SKU_0014,LOC_SKU_0014,3,10,"[15.0, 22.5]",A1522,15.0,22.5
4380,12/11/2018,3780589,SKU_0001,4,REF_SKU_0001,LOC_SKU_0001,7,20,"[35.0, 40.9]",A3541,35.0,40.9
4381,12/11/2018,3780504,SKU_0008,4,REF_SKU_0008,LOC_SKU_0008,8,21,"[40.0, 42.5]",A4042,40.0,42.5
4382,12/11/2018,3780686,SKU_0369,3,REF_SKU_0369,LOC_SKU_0369,3,9,"[15.0, 22.4]",A1522,15.0,22.4
4383,12/11/2018,3780387,SKU_0058,2,REF_SKU_0058,LOC_SKU_0058,4,23,"[20.0, 45.9]",A2046,20.0,45.9
4384,12/11/2018,3780970,SKU_0093,2,REF_SKU_0093,LOC_SKU_0093,6,17,"[30.0, 36.5]",A3036,30.0,36.5
4385,12/11/2018,3780870,SKU_0001,5,REF_SKU_0001,LOC_SKU_0001,7,20,"[35.0, 40.9]",A3541,35.0,40.9
4386,12/11/2018,3780833,SKU_0008,1,REF_SKU_0008,LOC_SKU_0008,8,21,"[40.0, 42.5]",A4042,40.0,42.5
4387,12/11/2018,3780888,SKU_0026,4,REF_SKU_0026,LOC_SKU_0026,8,19,"[40.0, 39.1]",A4039,40.0,39.1
4388,12/11/2018,3780603,SKU_0109,3,REF_SKU_0109,LOC_SKU_0109,3,18,"[15.0, 36.7]",A1537,15.0,36.7
4389,12/11/2018,3780750,SKU_0001,2,REF_SKU_0001,LOC_SKU_0001,7,20,"[35.0, 40.9]",A3541,35.0,40.9
4390,12/11/2018,3780776,SKU_0131,4,REF_SKU_0131,LOC_SKU_0131,1,14,"[5.0, 31.2]",A0531,5.0,31.2
4391,12/11/2018,3780691,SKU_0013,3,REF_SKU_0013,LOC_SKU_0013,10,1,"[50.0, 7.6]",A5008,50.0,7.6
4392,12/11/2018,3780494,SKU_0002,4,REF_SKU_0002,LOC_SKU_0002,8,15,"[40.0, 32.1]",A4032,40.0,32.1
4393,12/11/2018,3780490,SKU_0003,3,REF_SKU_0003,LOC_SKU_0003,7,11,"[35.0, 25.3]",A3525,35.0,25.3
4394,12/11/2018,3780721,SKU_0003,4,REF_SKU_0003,LOC_SKU_0003,7,11,"[35.0, 25.3]",A3525,35.0,25.3
4395,12/11/2018,3780073,SKU_0012,5,REF_SKU_0012,LOC_SKU_0012,9,7,"[45.0, 18.5]",A4518,45.0,18.5
4396,12/11/2018,3780509,SKU_0001,1,REF_SKU_0001,LOC_SKU_0001,7,20,"[35.0, 40.9]",A3541,35.0,40.9
4397,12/11/2018,3780390,SKU_0001,4,REF_SKU_0001,LOC_SKU_0001,7,20,"[35.0, 40.9]",A3541,35.0,40.9
4398,12/11/2018,3780619,SKU_0094,1,REF_SKU_0094,LOC_SKU_0094,3,15,"[15.0, 31.8]",A1532,15.0,31.8
4399,12/11/2018,3780857,SKU_0001,4,REF_SKU_0001,LOC_SKU_0001,7,20,"[35.0, 40.9]",A3541,35.0,40.9
4400,12/11/2018,3780295,SKU_0002,2,REF_SKU_0002,LOC_SKU_0002,8,15,"[40.0, 32.1]",A4032,40.0,32.1
4401,12/11/2018,3780369,SKU_0007,5,REF_SKU_0007,LOC_SKU_0007,6,1,"[30.0, 8.0]",A3008,30.0,8.0
4402,12/11/2018,3780956,SKU_0011,5,REF_SKU_0011,LOC_SKU_0011,10,13,"[50.0, 28.9]",A5029,50.0,28.9
4403,12/11/2018,3780796,SKU_0063,1,REF_SKU_0063,LOC_SKU_0063,10,20,"[50.0, 41.5]",A5042,50.0,41.5
4404,12/11/2018,3780865,SKU_0007,2,REF_SKU_0007,LOC_SKU_0007,6,1,"[30.0, 8.0]",A3008,30.0,8.0
4405,12/11/2018,3780694,SKU_0078,3,REF_SKU_0078,LOC_SKU_0078,10,24,"[50.0, 48.3]",A5048,50.0,48.3
4406,12/11/2018,3780549,SKU_0021,5,REF_SKU_0021,LOC_SKU_0021,10,2,"[50.0, 9.8]",A5010,50.0,9.8
4407,12/11/2018,3780649,SKU_0001,2,REF_SKU_0001,LOC_SKU_0001,7,20,"[35.0, 40.9]",A3541,35.0,40.9
4408,12/11/2018,3780850,SKU_0001,2,REF_SKU_0001,LOC_SKU_0001,7,20,"[35.0, 40.9]",A3541,35.0,40.9
4409,12/11/2018,3780568,SKU_0006,1,REF_SKU_0006,LOC_SKU_0006,8,18,"[40.0, 37.0]",A4037,40.0,37.0
4410,12/11/2018,3780187,SKU_0005,2,REF_SKU_0005,LOC_SKU_0005,8,8,"[40.0, 20.4]",A4020,40.0,20.4
4411,12/11/2018,3780853,SKU_0054,2,REF_SKU_0054,LOC_SKU_0054,7,1,"[35.0, 7.3]",A3507,35.0,7.3
4412,12/11/2018,3780770,SKU_0016,3,REF_SKU_0016,LOC_SKU_0016,3,22,"[15.0, 43.8]",A1544,15.0,43.8
4413,12/11/2018,3780445,SKU_0005,1,REF_SKU_0005,LOC_SKU_0005,8,8,"[40.0, 20.4]",A4020,40.0,20.4
4414,12/11/2018,3780570,SKU_0001,1,REF_SKU_0001,LOC_SKU_0001,7,20,"[35.0, 40.9]",A3541,35.0,40.9
4415,12/11/2018,3780363,SKU_0002,2,REF_SKU_0002,LOC_SKU_0002,8,15,"[40.0, 32.1]",A4032,40.0,32.1
4416,12/11/2018,3780123,SKU_0016,3,REF_SKU_0016,LOC_SKU_0016,3,22,"[15.0, 43.8]",A1544,15.0,43.8
4417,12/11/2018,3780188,SKU_0006,4,REF_SKU_0006,LOC_SKU_0006,8,18,"[40.0, 37.0]",A4037,40.0,37.0
4418,12/11/2018,3780742,SKU_0011,5,REF_SKU_0011,LOC_SKU_0011,10,13,"[50.0, 28.9]",A5029,50.0,28.9
4419,12/11/2018,3780680,SKU_0001,1,REF_SKU_0001,LOC_SKU_0001,7,20,"[35.0, 40.9]",A3541,35.0,40.9
4420,12/11/2018,3780420,SKU_0030,3,REF_SKU_0030,LOC_SKU_0030,2,10,"[10.0, 23.1]",A1023,10.0,23.1
4421,12/11/2018,3780626,SKU_0131,3,REF_SKU_0131,LOC_SKU_0131,1,14,"[5.0, 31.2]",A0531,5.0,31.2
4422,12/11/2018,3780252,SKU_0002,2,REF_SKU_0002,LOC_SKU_0002,8,15,"[40.0, 32.1]",A4032,40.0,32.1
4423,12/11/2018,3780619,SKU_0009,5,REF_SKU_0009,LOC_SKU_0009,6,0,"[30.0, 5.5]",A3006,30.0,5.5
4424,12/11/2018,3780549,SKU_0396,1,REF_SKU_0396,LOC_SKU_0396,5,2,"[25.0, 8.3]",A2508,25.0,8.3
4425,12/11/2018,3780335,SKU_0003,4,REF_SKU_0003,LOC_SKU_0003,7,11,"[35.0, 25.3]",A3525,35.0,25.3
4426,12/11/2018,3780092,SKU_0018,2,REF_SKU_0018,LOC_SKU_0018,7,0,"[35.0, 6.1]",A3506,35.0,6.1
4427,12/11/2018,3780530,SKU_0001,1,REF_SKU_0001,LOC_SKU_0001,7,20,"[35.0, 40.9]",A3541,35.0,40.9
4428,12/11/2018,3780866,SKU_0020,1,REF_SKU_0020,LOC_SKU_0020,2,10,"[10.0, 22.7]",A1023,10.0,22.7
4429,12/11/2018,3780063,SKU_0001,3,REF_SKU_0001,LOC_SKU_0001,7,20,"[35.0, 40.9]",A3541,35.0,40.9
4430,12/11/2018,3780662,SKU_0340,5,REF_SKU_0340,LOC_SKU_0340,10,4,"[50.0, 13.4]",A5013,50.0,13.4
4431,12/11/2018,3780512,SKU_0044,4,REF_SKU_0044,LOC_SKU_0044,10,3,"[50.0, 10.7]",A5011,50.0,10.7
4432,12/11/2018,3780139,SKU_0077,5,REF_SKU_0077,LOC_SKU_0077,1,2,"[5.0, 8.4]",A0508,5.0,8.4
4433,12/11/2018,3780698,SKU_0040,3,REF_SKU_0040,LOC_SKU_0040,8,0,"[40.0, 5.7]",A4006,40.0,5.7
4434,12/11/2018,3780185,SKU_0018,4,REF_SKU_0018,LOC_SKU_0018,7,0,"[35.0, 6.1]",A3506,35.0,6.1
4435,12/11/2018,3780205,SKU_0007,4,REF_SKU_0007,LOC_SKU_0007,6,1,"[30.0, 8.0]",A3008,30.0,8.0
4436,12/11/2018,3780772,SKU_0138,2,REF_SKU_0138,LOC_SKU_0138,3,24,"[15.0, 49.1]",A1549,15.0,49.1
4437,12/11/2018,3780214,SKU_0332,4,REF_SKU_0332,LOC_SKU_0332,7,3,"[35.0, 11.2]",A3511,35.0,11.2
4438,12/11/2018,3780256,SKU_0010,1,REF_SKU_0010,LOC_SKU_0010,5,15,"[25.0, 33.0]",A2533,25.0,33.0
4439,12/11/2018,3780135,SKU_0263,5,REF_SKU_0263,LOC_SKU_0263,1,2,"[5.0, 9.2]",A0509,5.0,9.2
4440,12/11/2018,3780573,SKU_0017,5,REF_SKU_0017,LOC_SKU_0017,7,4,"[35.0, 13.1]",A3513,35.0,13.1
4441,12/11/2018,3780875,SKU_0012,2,REF_SKU_0012,LOC_SKU_0012,9,7,"[45.0, 18.5]",A4518,45.0,18.5
4442,12/11/2018,3780822,SKU_0007,4,REF_SKU_0007,LOC_SKU_0007,6,1,"[30.0, 8.0]",A3008,30.0,8.0
4443,12/11/2018,3780088,SKU_0002,3,REF_SKU_0002,LOC_SKU_0002,8,15,"[40.0, 32.1]",A4032,40.0,32.1
4444,12/11/2018,3780836,SKU_0001,1,REF_SKU_0001,LOC_SKU_0001,7,20,"[35.0, 40.9]",A3541,35.0,40.9
4445,12/11/2018,3780988,SKU_0002,2,REF_SKU_0002,LOC_SKU_0002,8,15,"[40.0, 32.1]",A4032,40.0,32.1
4446,12/11/2018,3780207,SKU_0010,4,REF_SKU_0010,LOC_SKU_0010,5,15,"[25.0, 33.0]",A2533,25.0,33.0
4447,12/11/2018,3780129,SKU_0004,3,REF_SKU_0004,LOC_SKU_0004,7,1,"[35.0, 8.1]",A3508,35.0,8.1
4448,12/11/2018,3780823,SKU_0007,4,REF_SKU_0007,LOC_SKU_0007,6,1,"[30.0, 8.0]",A3008,30.0,8.0
4449,12/11/2018,3780003,SKU_0416,2,REF_SKU_0416,LOC_SKU_0416,8,11,"[40.0, 25.0]",A4025,40.0,25.0
4450,12/11/2018,3780974,SKU_0004,3,REF_SKU_0004,LOC_SKU_0004,7,1,"[35.0, 8.1]",A3508,35.0,8.1
4451,12/11/2018,3780934,SKU_0007,3,REF_SKU_0007,LOC_SKU_0007,6,1,"[30.0, 8.0]",A3008,30.0,8.0
4452,12/11/2018,3780754,SKU_0001,3,REF_SKU_0001,LOC_SKU_0001,7,20,"[35.0, 40.9]",A3541,35.0,40.9
4453,12/11/2018,3780121,SKU_0001,3,REF_SKU_0001,LOC_SKU_0001,7,20,"[35.0, 40.9]",A3541,35.0,40.9
4454,12/11/2018,3780385,SKU_0070,4,REF_SKU_0070,LOC_SKU_0070,9,8,"[45.0, 19.1]",A4519,45.0,19.1
4455,12/11/2018,3780614,SKU_0015,3,REF_SKU_0015,LOC_SKU_0015,4,15,"[20.0, 31.9]",A2032,20.0,31.9
4456,12/11/2018,3780038,SKU_0062,4,REF_SKU_0062,LOC_SKU_0062,6,22,"[30.0, 44.7]",A3045,30.0,44.7
4457,12/11/2018,3780341,SKU_0001,3,REF_SKU_0001,LOC_SKU_0001,7,20,"[35.0, 40.9]",A3541,35.0,40.9
4458,12/11/2018,3780925,SKU_0015,3,REF_SKU_0015,LOC_SKU_0015,4,15,"[20.0, 31.9]",A2032,20.0,31.9
4459,12/11/2018,3780645,SKU_0002,2,REF_SKU_0002,LOC_SKU_0002,8,15,"[40.0, 32.1]",A4032,40.0,32.1
4460,12/11/2018,3780714,SKU_0002,4,REF_SKU_0002,LOC_SKU_0002,8,15,"[40.0, 32.1]",A4032,40.0,32.1
4461,12/11/2018,3780860,SKU_0001,4,REF_SKU_0001,LOC_SKU_0001,7,20,"[35.0, 40.9]",A3541,35.0,40.9
4462,12/11/2018,3780021,SKU_0001,5,REF_SKU_0001,LOC_SKU_0001,7,20,"[35.0, 40.9]",A3541,35.0,40.9
4463,12/11/2018,3780242,SKU_0003,2,REF_SKU_0003,LOC_SKU_0003,7,11,"[35.0, 25.3]",A3525,35.0,25.3
4464,12/11/2018,3780455,SKU_0001,4,REF_SKU_0001,LOC_SKU_0001,7,20,"[35.0, 40.9]",A3541,35.0,40.9
4465,12/11/2018,3780963,SKU_0437,2,REF_SKU_0437,LOC_SKU_0437,8,4,"[40.0, 12.2]",A4012,40.0,12.2
4466,12/11/2018,3780621,SKU_0003,2,REF_SKU_0003,LOC_SKU_0003,7,11,"[35.0, 25.3]",A3525,35.0,25.3
4467,12/11/2018,3780303,SKU_0001,2,REF_SKU_0001,LOC_SKU_0001,7,20,"[35.0, 40.9]",A3541,35.0,40.9
4468,12/11/2018,3780596,SKU_0002,1,REF_SKU_0002,LOC_SKU_0002,8,15,"[40.0, 32.1]",A4032,40.0,32.1
4469,12/11/2018,3780595,SKU_0017,4,REF_SKU_0017,LOC_SKU_0017,7,4,"[35.0, 13.1]",A3513,35.0,13.1
4470,12/11/2018,3780803,SKU_0001,2,REF_SKU_0001,LOC_SKU_0001,7,20,"[35.0, 40.9]",A3541,35.0,40.9
4471,12/11/2018,3780964,SKU_0143,1,REF_SKU_0143,LOC_SKU_0143,6,17,"[30.0, 36.5]",A3036,30.0,36.5
4472,12/11/2018,3780069,SKU_0347,1,REF_SKU_0347,LOC_SKU_0347,8,22,"[40.0, 44.4]",A4044,40.0,44.4
4473,12/11/2018,3780129,SKU_0002,3,REF_SKU_0002,LOC_SKU_0002,8,15,"[40.0, 32.1]",A4032,40.0,32.1
4474,12/11/2018,3780196,SKU_0007,3,REF_SKU_0007,LOC_SKU_0007,6,1,"[30.0, 8.0]",A3008,30.0,8.0
4475,12/11/2018,3780140,SKU_0001,4,REF_SKU_0001,LOC_SKU_0001,7,20,"[35.0, 40.9]",A3541,35.0,40.9
4476,12/11/2018,3780444,SKU_0025,3,REF_SKU_0025,LOC_SKU_0025,1,6,"[5.0, 17.0]",A0517,5.0,17.0
4477,12/11/2018,3780283,SKU_0006,4,REF_SKU_0006,LOC_SKU_0006,8,18,"[40.0, 37.0]",A4037,40.0,37.0
4478,12/11/2018,3780312,SKU_0002,1,REF_SKU_0002,LOC_SKU_0002,8,15,"[40.0, 32.1]",A4032,40.0,32.1
4479,12/11/2018,3780746,SKU_0002,1,REF_SKU_0002,LOC_SKU_0002,8,15,"[40.0, 32.1]",A4032,40.0,32.1
4480,12/11/2018,3780535,SKU_0028,4,REF_SKU_0028,LOC_SKU_0028,4,5,"[20.0, 13.7]",A2014,20.0,13.7
4481,12/11/2018,3780665,SKU_0006,3,REF_SKU_0006,LOC_SKU_0006,8,18,"[40.0, 37.0]",A4037,40.0,37.0
4482,12/11/2018,3780277,SKU_0001,3,REF_SKU_0001,LOC_SKU_0001,7,20,"[35.0, 40.9]",A3541,35.0,40.9
4483,12/11/2018,3780061,SKU_0036,4,REF_SKU_0036,LOC_SKU_0036,8,9,"[40.0, 21.4]",A4021,40.0,21.4
4484,12/11/2018,3780319,SKU_0015,5,REF_SKU_0015,LOC_SKU_0015,4,15,"[20.0, 31.9]",A2032,20.0,31.9
4485,12/11/2018,3780890,SKU_0138,3,REF_SKU_0138,LOC_SKU_0138,3,24,"[15.0, 49.1]",A1549,15.0,49.1
4486,12/11/2018,3780052,SKU_0001,2,REF_SKU_0001,LOC_SKU_0001,7,20,"[35.0, 40.9]",A3541,35.0,40.9
4487,12/11/2018,3780856,SKU_0076,3,REF_SKU_0076,LOC_SKU_0076,8,18,"[40.0, 36.8]",A4037,40.0,36.8
4488,12/11/2018,3780153,SKU_0032,5,REF_SKU_0032,LOC_SKU_0032,8,14,"[40.0, 30.9]",A4031,40.0,30.9
4489,12/11/2018,3780749,SKU_0001,1,REF_SKU_0001,LOC_SKU_0001,7,20,"[35.0, 40.9]",A3541,35.0,40.9
4490,12/11/2018,3780311,SKU_0037,1,REF_SKU_0037,LOC_SKU_0037,9,7,"[45.0, 18.7]",A4519,45.0,18.7
4491,12/11/2018,3780814,SKU_0007,1,REF_SKU_0007,LOC_SKU_0007,6,1,"[30.0, 8.0]",A3008,30.0,8.0
4492,12/11/2018,3780544,SKU_0297,3,REF_SKU_0297,LOC_SKU_0297,2,1,"[10.0, 7.1]",A1007,10.0,7.1
4493,12/11/2018,3780567,SKU_0001,1,REF_SKU_0001,LOC_SKU_0001,7,20,"[35.0, 40.9]",A3541,35.0,40.9
4494,12/11/2018,3780864,SKU_0026,5,REF_SKU_0026,LOC_SKU_0026,8,19,"[40.0, 39.1]",A4039,40.0,39.1
4495,12/11/2018,3780389,SKU_0005,5,REF_SKU_0005,LOC_SKU_0005,8,8,"[40.0, 20.4]",A4020,40.0,20.4
4496,12/11/2018,3780548,SKU_0332,3,REF_SKU_0332,LOC_SKU_0332,7,3,"[35.0, 11.2]",A3511,35.0,11.2
4497,12/11/2018,3780622,SKU_0003,2,REF_SKU_0003,LOC_SKU_0003,7,11,"[35.0, 25.3]",A3525,35.0,25.3
4498,12/11/2018,3780177,SKU_0349,3,REF_SKU_0349,LOC_SKU_0349,1,2,"[5.0, 9.3]",A0509,5.0,9.3
4499,12/11/2018,3780362,SKU_0201,1,REF_SKU_0201,LOC_SKU_0201,4,14,"[20.0, 31.1]",A2031,20.0,31.1
4500,12/11/2018,3780314,SKU_0002,3,REF_SKU_0002,LOC_SKU_0002,8,15,"[40.0, 32.1]",A4032,40.0,32.1
4501,12/11/2018,3780807,SKU_0087,5,REF_SKU_0087,LOC_SKU_0087,7,17,"[35.0, 35.4]",A3535,35.0,35.4
4502,12/11/2018,3780848,SKU_0480,3,REF_SKU_0480,LOC_SKU_0480,1,8,"[5.0, 19.3]",A0519,5.0,19.3
4503,12/11/2018,3780097,SKU_0002,3,REF_SKU_0002,LOC_SKU_0002,8,15,"[40.0, 32.1]",A4032,40.0,32.1
4504,12/11/2018,3780881,SKU_0006,2,REF_SKU_0006,LOC_SKU_0006,8,18,"[40.0, 37.0]",A4037,40.0,37.0
4505,12/11/2018,3780213,SKU_0011,5,REF_SKU_0011,LOC_SKU_0011,10,13,"[50.0, 28.9]",A5029,50.0,28.9
4506,12/11/2018,3780829,SKU_0003,4,REF_SKU_0003,LOC_SKU_0003,7,11,"[35.0, 25.3]",A3525,35.0,25.3
4507,12/11/2018,3780137,SKU_0001,4,REF_SKU_0001,LOC_SKU_0001,7,20,"[35.0, 40.9]",A3541,35.0,40.9
4508,12/11/2018,3780006,SKU_0002,5,REF_SKU_0002,LOC_SKU_0002,8,15,"[40.0, 32.1]",A4032,40.0,32.1
4509,12/11/2018,3780109,SKU_0003,4,REF_SKU_0003,LOC_SKU_0003,7,11,"[35.0, 25.3]",A3525,35.0,25.3
4510,12/11/2018,3780547,SKU_0007,1,REF_SKU_0007,LOC_SKU_0007,6,1,"[30.0, 8.0]",A3008,30.0,8.0
4511,12/11/2018,3780039,SKU_0001,4,REF_SKU_0001,LOC_SKU_0001,7,20,"[35.0, 40.9]",A3541,35.0,40.9
4512,12/11/2018,3780662,SKU_0157,1,REF_SKU_0157,LOC_SKU_0157,2,2,"[10.0, 9.7]",A1010,10.0,9.7
4513,12/11/2018,3780425,SKU_0040,5,REF_SKU_0040,LOC_SKU_0040,8,0,"[40.0, 5.7]",A4006,40.0,5.7
4514,12/11/2018,3780630,SKU_0001,4,REF_SKU_0001,LOC_SKU_0001,7,20,"[35.0, 40.9]",A3541,35.0,40.9
4515,12/11/2018,3780261,SKU_0027,4,REF_SKU_0027,LOC_SKU_0027,6,5,"[30.0, 14.8]",A3015,30.0,14.8
4516,12/11/2018,3780426,SKU_0028,1,REF_SKU_0028,LOC_SKU_0028,4,5,"[20.0, 13.7]",A2014,20.0,13.7
4517,12/11/2018,3780087,SKU_0330,1,REF_SKU_0330,LOC_SKU_0330,2,8,"[10.0, 20.1]",A1020,10.0,20.1
4518,12/11/2018,3780465,SKU_0001,3,REF_SKU_0001,LOC_SKU_0001,7,20,"[35.0, 40.9]",A3541,35.0,40.9
4519,12/11/2018,3780076,SKU_0002,2,REF_SKU_0002,LOC_SKU_0002,8,15,"[40.0, 32.1]",A4032,40.0,32.1
4520,12/11/2018,3780471,SKU_0254,4,REF_SKU_0254,LOC_SKU_0254,6,18,"[30.0, 36.9]",A3037,30.0,36.9
4521,12/11/2018,3780976,SKU_0264,2,REF_SKU_0264,LOC_SKU_0264,1,6,"[5.0, 15.5]",A0516,5.0,15.5
4522,12/11/2018,3780963,SKU_0045,2,REF_SKU_0045,LOC_SKU_0045,7,21,"[35.0, 43.3]",A3543,35.0,43.3
4523,12/11/2018,3780414,SKU_0065,4,REF_SKU_0065,LOC_SKU_0065,4,22,"[20.0, 45.2]",A2045,20.0,45.2
4524,12/11/2018,3780825,SKU_0001,1,REF_SKU_0001,LOC_SKU_0001,7,20,"[35.0, 40.9]",A3541,35.0,40.9
4525,12/11/2018,3780895,SKU_0010,3,REF_SKU_0010,LOC_SKU_0010,5,15,"[25.0, 33.0]",A2533,25.0,33.0
4526,12/11/2018,3780726,SKU_0002,5,REF_SKU_0002,LOC_SKU_0002,8,15,"[40.0, 32.1]",A4032,40.0,32.1
4527,12/11/2018,3780457,SKU_0001,4,REF_SKU_0001,LOC_SKU_0001,7,20,"[35.0, 40.9]",A3541,35.0,40.9
4528,12/11/2018,3780285,SKU_0092,4,REF_SKU_0092,LOC_SKU_0092,1,4,"[5.0, 12.2]",A0512,5.0,12.2
4529,12/11/2018,3780239,SKU_0001,5,REF_SKU_0001,LOC_SKU_0001,7,20,"[35.0, 40.9]",A3541,35.0,40.9
4530,12/11/2018,3780677,SKU_0008,2,REF_SKU_0008,LOC_SKU_0008,8,21,"[40.0, 42.5]",A4042,40.0,42.5
4531,12/11/2018,3780599,SKU_0280,3,REF_SKU_0280,LOC_SKU_0280,10,6,"[50.0, 15.7]",A5016,50.0,15.7
4532,12/11/2018,3780653,SKU_0001,2,REF_SKU_0001,LOC_SKU_0001,7,20,"[35.0, 40.9]",A3541,35.0,40.9
4533,12/11/2018,3780672,SKU_0405,5,REF_SKU_0405,LOC_SKU_0405,8,25,"[40.0, 49.6]",A4050,40.0,49.6
4534,12/11/2018,3780558,SKU_0474,5,REF_SKU_0474,LOC_SKU_0474,6,6,"[30.0, 15.3]",A3015,30.0,15.3
4535,12/11/2018,3780372,SKU_0014,3,REF_SKU_0014,LOC_SKU_0014,3,10,"[15.0, 22.5]",A1522,15.0,22.5
4536,12/11/2018,3780495,SKU_0001,5,REF_SKU_0001,LOC_SKU_0001,7,20,"[35.0, 40.9]",A3541,35.0,40.9
4537,12/11/2018,3780624,SKU_0003,5,REF_SKU_0003,LOC_SKU_0003,7,11,"[35.0, 25.3]",A3525,35.0,25.3
4538,12/11/2018,3780919,SKU_0006,3,REF_SKU_0006,LOC_SKU_0006,8,18,"[40.0, 37.0]",A4037,40.0,37.0
4539,12/11/2018,3780045,SKU_0003,4,REF_SKU_0003,LOC_SKU_0003,7,11,"[35.0, 25.3]",A3525,35.0,25.3
4540,12/11/2018,3780401,SKU_0002,2,REF_SKU_0002,LOC_SKU_0002,8,15,"[40.0, 32.1]",A4032,40.0,32.1
4541,12/11/2018,3780247,SKU_0384,4,REF_SKU_0384,LOC_SKU_0384,8,18,"[40.0, 37.7]",A4038,40.0,37.7
4542,12/11/2018,3780616,SKU_0001,4,REF_SKU_0001,LOC_SKU_0001,7,20,"[35.0, 40.9]",A3541,35.0,40.9
4543,12/11/2018,3780597,SKU_0050,2,REF_SKU_0050,LOC_SKU_0050,3,12,"[15.0, 26.5]",A1526,15.0,26.5
4544,12/11/2018,3780450,SKU_0001,4,REF_SKU_0001,LOC_SKU_0001,7,20,"[35.0, 40.9]",A3541,35.0,40.9
4545,12/11/2018,3780485,SKU_0018,3,REF_SKU_0018,LOC_SKU_0018,7,0,"[35.0, 6.1]",A3506,35.0,6.1
4546,12/11/2018,3780646,SKU_0228,2,REF_SKU_0228,LOC_SKU_0228,3,10,"[15.0, 22.8]",A1523,15.0,22.8
4547,12/11/2018,3780620,SKU_0003,1,REF_SKU_0003,LOC_SKU_0003,7,11,"[35.0, 25.3]",A3525,35.0,25.3
4548,12/11/2018,3780018,SKU_0001,4,REF_SKU_0001,LOC_SKU_0001,7,20,"[35.0, 40.9]",A3541,35.0,40.9
4549,12/11/2018,3780606,SKU_0027,5,REF_SKU_0027,LOC_SKU_0027,6,5,"[30.0, 14.8]",A3015,30.0,14.8
4550,12/11/2018,3780662,SKU_0043,2,REF_SKU_0043,LOC_SKU_0043,5,23,"[25.0, 46.7]",A2547,25.0,46.7
4551,12/11/2018,3780758,SKU_0036,1,REF_SKU_0036,LOC_SKU_0036,8,9,"[40.0, 21.4]",A4021,40.0,21.4
4552,12/11/2018,3780289,SKU_0003,5,REF_SKU_0003,LOC_SKU_0003,7,11,"[35.0, 25.3]",A3525,35.0,25.3
4553,12/11/2018,3780414,SKU_0002,1,REF_SKU_0002,LOC_SKU_0002,8,15,"[40.0, 32.1]",A4032,40.0,32.1
4554,12/11/2018,3780721,SKU_0329,4,REF_SKU_0329,LOC_SKU_0329,2,16,"[10.0, 33.1]",A1033,10.0,33.1
4555,12/11/2018,3780638,SKU_0244,5,REF_SKU_0244,LOC_SKU_0244,8,2,"[40.0, 8.7]",A4009,40.0,8.7
4556,12/11/2018,3780235,SKU_0007,4,REF_SKU_0007,LOC_SKU_0007,6,1,"[30.0, 8.0]",A3008,30.0,8.0
4557,12/11/2018,3780416,SKU_0124,5,REF_SKU_0124,LOC_SKU_0124,7,18,"[35.0, 37.6]",A3538,35.0,37.6
4558,12/11/2018,3780938,SKU_0007,2,REF_SKU_0007,LOC_SKU_0007,6,1,"[30.0, 8.0]",A3008,30.0,8.0
4559,12/11/2018,3780499,SKU_0006,3,REF_SKU_0006,LOC_SKU_0006,8,18,"[40.0, 37.0]",A4037,40.0,37.0
4560,12/11/2018,3780974,SKU_0001,3,REF_SKU_0001,LOC_SKU_0001,7,20,"[35.0, 40.9]",A3541,35.0,40.9
4561,12/11/2018,3780634,SKU_0006,1,REF_SKU_0006,LOC_SKU_0006,8,18,"[40.0, 37.0]",A4037,40.0,37.0
4562,12/11/2018,3780650,SKU_0012,5,REF_SKU_0012,LOC_SKU_0012,9,7,"[45.0, 18.5]",A4518,45.0,18.5
4563,12/11/2018,3780115,SKU_0001,4,REF_SKU_0001,LOC_SKU_0001,7,20,"[35.0, 40.9]",A3541,35.0,40.9
4564,12/11/2018,3780932,SKU_0007,2,REF_SKU_0007,LOC_SKU_0007,6,1,"[30.0, 8.0]",A3008,30.0,8.0
4565,12/11/2018,3780674,SKU_0073,2,REF_SKU_0073,LOC_SKU_0073,1,3,"[5.0, 10.8]",A0511,5.0,10.8
4566,12/11/2018,3780713,SKU_0033,2,REF_SKU_0033,LOC_SKU_0033,9,24,"[45.0, 48.3]",A4548,45.0,48.3
4567,12/11/2018,3780234,SKU_0024,3,REF_SKU_0024,LOC_SKU_0024,8,1,"[40.0, 7.0]",A4007,40.0,7.0
4568,12/11/2018,3780540,SKU_0216,4,REF_SKU_0216,LOC_SKU_0216,4,4,"[20.0, 13.4]",A2013,20.0,13.4
4569,12/11/2018,3780011,SKU_0001,2,REF_SKU_0001,LOC_SKU_0001,7,20,"[35.0, 40.9]",A3541,35.0,40.9
4570,12/11/2018,3780206,SKU_0014,2,REF_SKU_0014,LOC_SKU_0014,3,10,"[15.0, 22.5]",A1522,15.0,22.5
4571,12/11/2018,3780679,SKU_0077,1,REF_SKU_0077,LOC_SKU_0077,1,2,"[5.0, 8.4]",A0508,5.0,8.4
4572,12/11/2018,3780247,SKU_0013,5,REF_SKU_0013,LOC_SKU_0013,10,1,"[50.0, 7.6]",A5008,50.0,7.6
4573,12/11/2018,3780559,SKU_0003,5,REF_SKU_0003,LOC_SKU_0003,7,11,"[35.0, 25.3]",A3525,35.0,25.3
4574,12/11/2018,3780758,SKU_0001,5,REF_SKU_0001,LOC_SKU_0001,7,20,"[35.0, 40.9]",A3541,35.0,40.9
4575,12/11/2018,3780127,SKU_0178,1,REF_SKU_0178,LOC_SKU_0178,10,4,"[50.0, 12.5]",A5012,50.0,12.5
4576,12/11/2018,3780147,SKU_0008,3,REF_SKU_0008,LOC_SKU_0008,8,21,"[40.0, 42.5]",A4042,40.0,42.5
4577,12/11/2018,3780118,SKU_0164,1,REF_SKU_0164,LOC_SKU_0164,5,13,"[25.0, 28.7]",A2529,25.0,28.7
4578,12/11/2018,3780911,SKU_0017,2,REF_SKU_0017,LOC_SKU_0017,7,4,"[35.0, 13.1]",A3513,35.0,13.1
4579,12/11/2018,3780382,SKU_0032,4,REF_SKU_0032,LOC_SKU_0032,8,14,"[40.0, 30.9]",A4031,40.0,30.9
4580,12/11/2018,3780412,SKU_0088,2,REF_SKU_0088,LOC_SKU_0088,8,6,"[40.0, 16.1]",A4016,40.0,16.1
4581,12/11/2018,3780664,SKU_0029,2,REF_SKU_0029,LOC_SKU_0029,2,19,"[10.0, 40.0]",A1040,10.0,40.0
4582,12/11/2018,3780584,SKU_0005,4,REF_SKU_0005,LOC_SKU_0005,8,8,"[40.0, 20.4]",A4020,40.0,20.4
4583,12/11/2018,3780363,SKU_0010,5,REF_SKU_0010,LOC_SKU_0010,5,15,"[25.0, 33.0]",A2533,25.0,33.0
4584,12/11/2018,3780509,SKU_0087,1,REF_SKU_0087,LOC_SKU_0087,7,17,"[35.0, 35.4]",A3535,35.0,35.4
4585,12/11/2018,3780137,SKU_0004,3,REF_SKU_0004,LOC_SKU_0004,7,1,"[35.0, 8.1]",A3508,35.0,8.1
4586,12/11/2018,3780175,SKU_0005,2,REF_SKU_0005,LOC_SKU_0005,8,8,"[40.0, 20.4]",A4020,40.0,20.4
4587,12/11/2018,3780289,SKU_0001,2,REF_SKU_0001,LOC_SKU_0001,7,20,"[35.0, 40.9]",A3541,35.0,40.9
4588,12/11/2018,3780958,SKU_0226,3,REF_SKU_0226,LOC_SKU_0226,4,21,"[20.0, 42.3]",A2042,20.0,42.3
4589,12/11/2018,3780481,SKU_0001,1,REF_SKU_0001,LOC_SKU_0001,7,20,"[35.0, 40.9]",A3541,35.0,40.9
4590,12/11/2018,3780019,SKU_0027,2,REF_SKU_0027,LOC_SKU_0027,6,5,"[30.0, 14.8]",A3015,30.0,14.8
4591,12/11/2018,3780195,SKU_0006,3,REF_SKU_0006,LOC_SKU_0006,8,18,"[40.0, 37.0]",A4037,40.0,37.0
4592,12/11/2018,3780330,SKU_0005,2,REF_SKU_0005,LOC_SKU_0005,8,8,"[40.0, 20.4]",A4020,40.0,20.4
4593,12/11/2018,3780936,SKU_0033,5,REF_SKU_0033,LOC_SKU_0033,9,24,"[45.0, 48.3]",A4548,45.0,48.3
4594,12/11/2018,3780175,SKU_0001,5,REF_SKU_0001,LOC_SKU_0001,7,20,"[35.0, 40.9]",A3541,35.0,40.9
4595,12/11/2018,3780449,SKU_0018,2,REF_SKU_0018,LOC_SKU_0018,7,0,"[35.0, 6.1]",A3506,35.0,6.1
4596,12/11/2018,3780925,SKU_0068,2,REF_SKU_0068,LOC_SKU_0068,1,7,"[5.0, 17.6]",A0518,5.0,17.6
4597,12/11/2018,3780946,SKU_0107,5,REF_SKU_0107,LOC_SKU_0107,5,23,"[25.0, 45.6]",A2546,25.0,45.6
4598,12/11/2018,3780354,SKU_0001,2,REF_SKU_0001,LOC_SKU_0001,7,20,"[35.0, 40.9]",A3541,35.0,40.9
4599,12/11/2018,3780499,SKU_0194,1,REF_SKU_0194,LOC_SKU_0194,10,24,"[50.0, 47.7]",A5048,50.0,47.7
4600,12/11/2018,3780141,SKU_0028,1,REF_SKU_0028,LOC_SKU_0028,4,5,"[20.0, 13.7]",A2014,20.0,13.7
4601,12/11/2018,3780758,SKU_0169,4,REF_SKU_0169,LOC_SKU_0169,3,16,"[15.0, 33.9]",A1534,15.0,33.9
4602,12/11/2018,3780897,SKU_0009,1,REF_SKU_0009,LOC_SKU_0009,6,0,"[30.0, 5.5]",A3006,30.0,5.5
4603,12/11/2018,3780930,SKU_0013,2,REF_SKU_0013,LOC_SKU_0013,10,1,"[50.0, 7.6]",A5008,50.0,7.6
4604,12/11/2018,3780093,SKU_0235,2,REF_SKU_0235,LOC_SKU_0235,7,20,"[35.0, 40.3]",A3540,35.0,40.3
4605,12/11/2018,3780944,SKU_0198,3,REF_SKU_0198,LOC_SKU_0198,8,16,"[40.0, 34.8]",A4035,40.0,34.8
4606,12/11/2018,3780239,SKU_0007,1,REF_SKU_0007,LOC_SKU_0007,6,1,"[30.0, 8.0]",A3008,30.0,8.0
4607,12/11/2018,3780205,SKU_0002,5,REF_SKU_0002,LOC_SKU_0002,8,15,"[40.0, 32.1]",A4032,40.0,32.1
4608,12/11/2018,3780560,SKU_0005,5,REF_SKU_0005,LOC_SKU_0005,8,8,"[40.0, 20.4]",A4020,40.0,20.4
4609,12/11/2018,3780433,SKU_0005,4,REF_SKU_0005,LOC_SKU_0005,8,8,"[40.0, 20.4]",A4020,40.0,20.4
4610,12/11/2018,3780245,SKU_0003,3,REF_SKU_0003,LOC_SKU_0003,7,11,"[35.0, 25.3]",A3525,35.0,25.3
4611,12/11/2018,3780832,SKU_0002,5,REF_SKU_0002,LOC_SKU_0002,8,15,"[40.0, 32.1]",A4032,40.0,32.1
4612,12/11/2018,3780317,SKU_0141,4,REF_SKU_0141,LOC_SKU_0141,1,8,"[5.0, 19.6]",A0520,5.0,19.6
4613,12/11/2018,3780925,SKU_0001,1,REF_SKU_0001,LOC_SKU_0001,7,20,"[35.0, 40.9]",A3541,35.0,40.9
4614,12/11/2018,3780295,SKU_0033,3,REF_SKU_0033,LOC_SKU_0033,9,24,"[45.0, 48.3]",A4548,45.0,48.3
4615,12/11/2018,3780640,SKU_0001,3,REF_SKU_0001,LOC_SKU_0001,7,20,"[35.0, 40.9]",A3541,35.0,40.9
4616,12/11/2018,3780856,SKU_0004,2,REF_SKU_0004,LOC_SKU_0004,7,1,"[35.0, 8.1]",A3508,35.0,8.1
4617,12/11/2018,3780282,SKU_0001,1,REF_SKU_0001,LOC_SKU_0001,7,20,"[35.0, 40.9]",A3541,35.0,40.9
4618,12/11/2018,3780017,SKU_0002,3,REF_SKU_0002,LOC_SKU_0002,8,15,"[40.0, 32.1]",A4032,40.0,32.1
4619,12/11/2018,3780071,SKU_0066,4,REF_SKU_0066,LOC_SKU_0066,10,3,"[50.0, 10.9]",A5011,50.0,10.9
4620,12/11/2018,3780269,SKU_0174,5,REF_SKU_0174,LOC_SKU_0174,7,6,"[35.0, 16.7]",A3517,35.0,16.7
4621,12/11/2018,3780325,SKU_0002,1,REF_SKU_0002,LOC_SKU_0002,8,15,"[40.0, 32.1]",A4032,40.0,32.1
4622,12/11/2018,3780794,SKU_0008,1,REF_SKU_0008,LOC_SKU_0008,8,21,"[40.0, 42.5]",A4042,40.0,42.5
4623,12/11/2018,3780305,SKU_0008,3,REF_SKU_0008,LOC_SKU_0008,8,21,"[40.0, 42.5]",A4042,40.0,42.5
4624,12/11/2018,3780451,SKU_0157,3,REF_SKU_0157,LOC_SKU_0157,2,2,"[10.0, 9.7]",A1010,10.0,9.7
4625,12/11/2018,3780007,SKU_0063,3,REF_SKU_0063,LOC_SKU_0063,10,20,"[50.0, 41.5]",A5042,50.0,41.5
4626,12/11/2018,3780314,SKU_0010,4,REF_SKU_0010,LOC_SKU_0010,5,15,"[25.0, 33.0]",A2533,25.0,33.0
4627,12/11/2018,3780817,SKU_0031,2,REF_SKU_0031,LOC_SKU_0031,4,15,"[20.0, 32.1]",A2032,20.0,32.1
4628,12/11/2018,3780103,SKU_0126,3,REF_SKU_0126,LOC_SKU_0126,3,16,"[15.0, 33.8]",A1534,15.0,33.8
4629,12/11/2018,3780821,SKU_0001,2,REF_SKU_0001,LOC_SKU_0001,7,20,"[35.0, 40.9]",A3541,35.0,40.9
4630,12/11/2018,3780193,SKU_0005,2,REF_SKU_0005,LOC_SKU_0005,8,8,"[40.0, 20.4]",A4020,40.0,20.4
4631,12/11/2018,3780753,SKU_0211,1,REF_SKU_0211,LOC_SKU_0211,2,7,"[10.0, 17.1]",A1017,10.0,17.1
4632,12/11/2018,3780574,SKU_0053,5,REF_SKU_0053,LOC_SKU_0053,10,6,"[50.0, 16.0]",A5016,50.0,16.0
4633,12/11/2018,3780529,SKU_0013,5,REF_SKU_0013,LOC_SKU_0013,10,1,"[50.0, 7.6]",A5008,50.0,7.6
4634,12/11/2018,3780171,SKU_0012,4,REF_SKU_0012,LOC_SKU_0012,9,7,"[45.0, 18.5]",A4518,45.0,18.5
4635,12/11/2018,3780537,SKU_0004,4,REF_SKU_0004,LOC_SKU_0004,7,1,"[35.0, 8.1]",A3508,35.0,8.1
4636,12/11/2018,3780251,SKU_0011,5,REF_SKU_0011,LOC_SKU_0011,10,13,"[50.0, 28.9]",A5029,50.0,28.9
4637,12/11/2018,3780765,SKU_0028,5,REF_SKU_0028,LOC_SKU_0028,4,5,"[20.0, 13.7]",A2014,20.0,13.7
4638,12/11/2018,3780387,SKU_0006,1,REF_SKU_0006,LOC_SKU_0006,8,18,"[40.0, 37.0]",A4037,40.0,37.0
4639,12/11/2018,3780207,SKU_0043,1,REF_SKU_0043,LOC_SKU_0043,5,23,"[25.0, 46.7]",A2547,25.0,46.7
4640,12/11/2018,3780541,SKU_0141,5,REF_SKU_0141,LOC_SKU_0141,1,8,"[5.0, 19.6]",A0520,5.0,19.6
4641,12/11/2018,3780629,SKU_0001,3,REF_SKU_0001,LOC_SKU_0001,7,20,"[35.0, 40.9]",A3541,35.0,40.9
4642,12/11/2018,3780416,SKU_0007,3,REF_SKU_0007,LOC_SKU_0007,6,1,"[30.0, 8.0]",A3008,30.0,8.0
4643,12/11/2018,3780794,SKU_0005,1,REF_SKU_0005,LOC_SKU_0005,8,8,"[40.0, 20.4]",A4020,40.0,20.4
4644,12/11/2018,3780380,SKU_0035,2,REF_SKU_0035,LOC_SKU_0035,2,13,"[10.0, 29.5]",A1030,10.0,29.5
4645,12/11/2018,3780144,SKU_0002,5,REF_SKU_0002,LOC_SKU_0002,8,15,"[40.0, 32.1]",A4032,40.0,32.1
4646,12/11/2018,3780025,SKU_0025,4,REF_SKU_0025,LOC_SKU_0025,1,6,"[5.0, 17.0]",A0517,5.0,17.0
4647,12/11/2018,3780822,SKU_0163,3,REF_SKU_0163,LOC_SKU_0163,6,13,"[30.0, 29.4]",A3029,30.0,29.4
4648,12/11/2018,3780668,SKU_0006,2,REF_SKU_0006,LOC_SKU_0006,8,18,"[40.0, 37.0]",A4037,40.0,37.0
4649,12/11/2018,3780073,SKU_0219,3,REF_SKU_0219,LOC_SKU_0219,4,9,"[20.0, 22.1]",A2022,20.0,22.1
4650,12/11/2018,3780632,SKU_0468,2,REF_SKU_0468,LOC_SKU_0468,2,12,"[10.0, 26.9]",A1027,10.0,26.9
4651,12/11/2018,3780824,SKU_0001,5,REF_SKU_0001,LOC_SKU_0001,7,20,"[35.0, 40.9]",A3541,35.0,40.9
4652,12/11/2018,3780833,SKU_0002,5,REF_SKU_0002,LOC_SKU_0002,8,15,"[40.0, 32.1]",A4032,40.0,32.1
4653,12/11/2018,3780093,SKU_0313,5,REF_SKU_0313,LOC_SKU_0313,2,21,"[10.0, 43.4]",A1043,10.0,43.4
4654,12/11/2018,3780505,SKU_0337,1,REF_SKU_0337,LOC_SKU_0337,2,15,"[10.0, 32.3]",A1032,10.0,32.3
4655,12/11/2018,3780598,SKU_0001,2,REF_SKU_0001,LOC_SKU_0001,7,20,"[35.0, 40.9]",A3541,35.0,40.9
4656,12/11/2018,3780336,SKU_0001,4,REF_SKU_0001,LOC_SKU_0001,7,20,"[35.0, 40.9]",A3541,35.0,40.9
4657,12/11/2018,3780425,SKU_0001,4,REF_SKU_0001,LOC_SKU_0001,7,20,"[35.0, 40.9]",A3541,35.0,40.9
4658,12/11/2018,3780499,SKU_0482,5,REF_SKU_0482,LOC_SKU_0482,8,22,"[40.0, 45.5]",A4046,40.0,45.5
4659,12/11/2018,3780364,SKU_0001,4,REF_SKU_0001,LOC_SKU_0001,7,20,"[35.0, 40.9]",A3541,35.0,40.9
4660,12/11/2018,3780947,SKU_0010,3,REF_SKU_0010,LOC_SKU_0010,5,15,"[25.0, 33.0]",A2533,25.0,33.0
4661,12/11/2018,3780630,SKU_0127,2,REF_SKU_0127,LOC_SKU_0127,6,6,"[30.0, 16.4]",A3016,30.0,16.4
4662,12/11/2018,3780745,SKU_0001,2,REF_SKU_0001,LOC_SKU_0001,7,20,"[35.0, 40.9]",A3541,35.0,40.9
4663,12/11/2018,3780199,SKU_0019,2,REF_SKU_0019,LOC_SKU_0019,9,24,"[45.0, 48.5]",A4548,45.0,48.5
4664,12/11/2018,3780718,SKU_0002,3,REF_SKU_0002,LOC_SKU_0002,8,15,"[40.0, 32.1]",A4032,40.0,32.1
4665,12/11/2018,3780413,SKU_0143,1,REF_SKU_0143,LOC_SKU_0143,6,17,"[30.0, 36.5]",A3036,30.0,36.5
4666,12/11/2018,3780339,SKU_0003,3,REF_SKU_0003,LOC_SKU_0003,7,11,"[35.0, 25.3]",A3525,35.0,25.3
4667,12/11/2018,3780659,SKU_0035,2,REF_SKU_0035,LOC_SKU_0035,2,13,"[10.0, 29.5]",A1030,10.0,29.5
4668,12/11/2018,3780962,SKU_0032,2,REF_SKU_0032,LOC_SKU_0032,8,14,"[40.0, 30.9]",A4031,40.0,30.9
4669,12/11/2018,3780937,SKU_0002,2,REF_SKU_0002,LOC_SKU_0002,8,15,"[40.0, 32.1]",A4032,40.0,32.1
4670,12/11/2018,3780429,SKU_0001,4,REF_SKU_0001,LOC_SKU_0001,7,20,"[35.0, 40.9]",A3541,35.0,40.9
4671,12/11/2018,3780783,SKU_0005,1,REF_SKU_0005,LOC_SKU_0005,8,8,"[40.0, 20.4]",A4020,40.0,20.4
4672,12/11/2018,3780899,SKU_0003,3,REF_SKU_0003,LOC_SKU_0003,7,11,"[35.0, 25.3]",A3525,35.0,25.3
4673,12/11/2018,3780139,SKU_0091,2,REF_SKU_0091,LOC_SKU_0091,6,13,"[30.0, 29.3]",A3029,30.0,29.3
4674,12/11/2018,3780693,SKU_0085,5,REF_SKU_0085,LOC_SKU_0085,2,13,"[10.0, 29.1]",A1029,10.0,29.1
4675,12/11/2018,3780942,SKU_0007,1,REF_SKU_0007,LOC_SKU_0007,6,1,"[30.0, 8.0]",A3008,30.0,8.0
4676,12/11/2018,3780542,SKU_0020,5,REF_SKU_0020,LOC_SKU_0020,2,10,"[10.0, 22.7]",A1023,10.0,22.7
4677,12/11/2018,3780057,SKU_0019,1,REF_SKU_0019,LOC_SKU_0019,9,24,"[45.0, 48.5]",A4548,45.0,48.5
4678,12/11/2018,3780232,SKU_0106,2,REF_SKU_0106,LOC_SKU_0106,2,25,"[10.0, 49.8]",A1050,10.0,49.8
4679,12/11/2018,3780658,SKU_0006,1,REF_SKU_0006,LOC_SKU_0006,8,18,"[40.0, 37.0]",A4037,40.0,37.0
4680,12/11/2018,3780435,SKU_0002,1,REF_SKU_0002,LOC_SKU_0002,8,15,"[40.0, 32.1]",A4032,40.0,32.1
4681,12/11/2018,3780384,SKU_0002,2,REF_SKU_0002,LOC_SKU_0002,8,15,"[40.0, 32.1]",A4032,40.0,32.1
4682,12/11/2018,3780560,SKU_0012,5,REF_SKU_0012,LOC_SKU_0012,9,7,"[45.0, 18.5]",A4518,45.0,18.5
4683,12/11/2018,3780194,SKU_0007,5,REF_SKU_0007,LOC_SKU_0007,6,1,"[30.0, 8.0]",A3008,30.0,8.0
4684,12/11/2018,3780736,SKU_0007,4,REF_SKU_0007,LOC_SKU_0007,6,1,"[30.0, 8.0]",A3008,30.0,8.0
4685,12/11/2018,3780648,SKU_0001,5,REF_SKU_0001,LOC_SKU_0001,7,20,"[35.0, 40.9]",A3541,35.0,40.9
4686,12/11/2018,3780534,SKU_0045,5,REF_SKU_0045,LOC_SKU_0045,7,21,"[35.0, 43.3]",A3543,35.0,43.3
4687,12/11/2018,3780518,SKU_0002,1,REF_SKU_0002,LOC_SKU_0002,8,15,"[40.0, 32.1]",A4032,40.0,32.1
4688,12/11/2018,3780716,SKU_0002,4,REF_SKU_0002,LOC_SKU_0002,8,15,"[40.0, 32.1]",A4032,40.0,32.1
4689,12/11/2018,3780751,SKU_0005,2,REF_SKU_0005,LOC_SKU_0005,8,8,"[40.0, 20.4]",A4020,40.0,20.4
4690,12/11/2018,3780185,SKU_0002,2,REF_SKU_0002,LOC_SKU_0002,8,15,"[40.0, 32.1]",A4032,40.0,32.1
4691,12/11/2018,3780872,SKU_0017,3,REF_SKU_0017,LOC_SKU_0017,7,4,"[35.0, 13.1]",A3513,35.0,13.1
4692,12/11/2018,3780292,SKU_0004,4,REF_SKU_0004,LOC_SKU_0004,7,1,"[35.0, 8.1]",A3508,35.0,8.1
4693,12/11/2018,3780335,SKU_0007,1,REF_SKU_0007,LOC_SKU_0007,6,1,"[30.0, 8.0]",A3008,30.0,8.0
4694,12/11/2018,3780732,SKU_0012,3,REF_SKU_0012,LOC_SKU_0012,9,7,"[45.0, 18.5]",A4518,45.0,18.5
4695,12/11/2018,3780116,SKU_0002,3,REF_SKU_0002,LOC_SKU_0002,8,15,"[40.0, 32.1]",A4032,40.0,32.1
4696,12/11/2018,3780825,SKU_0001,2,REF_SKU_0001,LOC_SKU_0001,7,20,"[35.0, 40.9]",A3541,35.0,40.9
4697,12/11/2018,3780049,SKU_0167,5,REF_SKU_0167,LOC_SKU_0167,6,1,"[30.0, 7.8]",A3008,30.0,7.8
4698,12/11/2018,3780685,SKU_0006,1,REF_SKU_0006,LOC_SKU_0006,8,18,"[40.0, 37.0]",A4037,40.0,37.0
4699,12/11/2018,3780082,SKU_0005,4,REF_SKU_0005,LOC_SKU_0005,8,8,"[40.0, 20.4]",A4020,40.0,20.4
4700,12/11/2018,3780834,SKU_0001,3,REF_SKU_0001,LOC_SKU_0001,7,20,"[35.0, 40.9]",A3541,35.0,40.9
4701,12/11/2018,3780333,SKU_0009,1,REF_SKU_0009,LOC_SKU_0009,6,0,"[30.0, 5.5]",A3006,30.0,5.5
4702,12/11/2018,3780557,SKU_0014,2,REF_SKU_0014,LOC_SKU_0014,3,10,"[15.0, 22.5]",A1522,15.0,22.5
4703,12/11/2018,3780335,SKU_0014,3,REF_SKU_0014,LOC_SKU_0014,3,10,"[15.0, 22.5]",A1522,15.0,22.5
4704,12/11/2018,3780532,SKU_0041,3,REF_SKU_0041,LOC_SKU_0041,3,18,"[15.0, 37.0]",A1537,15.0,37.0
4705,12/11/2018,3780960,SKU_0001,2,REF_SKU_0001,LOC_SKU_0001,7,20,"[35.0, 40.9]",A3541,35.0,40.9
4706,12/11/2018,3780221,SKU_0002,2,REF_SKU_0002,LOC_SKU_0002,8,15,"[40.0, 32.1]",A4032,40.0,32.1
4707,12/11/2018,3780635,SKU_0093,2,REF_SKU_0093,LOC_SKU_0093,6,17,"[30.0, 36.5]",A3036,30.0,36.5
4708,12/11/2018,3780746,SKU_0304,1,REF_SKU_0304,LOC_SKU_0304,10,9,"[50.0, 22.3]",A5022,50.0,22.3
4709,12/11/2018,3780733,SKU_0001,1,REF_SKU_0001,LOC_SKU_0001,7,20,"[35.0, 40.9]",A3541,35.0,40.9
4710,12/11/2018,3780323,SKU_0009,1,REF_SKU_0009,LOC_SKU_0009,6,0,"[30.0, 5.5]",A3006,30.0,5.5
4711,12/11/2018,3780851,SKU_0002,5,REF_SKU_0002,LOC_SKU_0002,8,15,"[40.0, 32.1]",A4032,40.0,32.1
4712,12/11/2018,3780003,SKU_0001,3,REF_SKU_0001,LOC_SKU_0001,7,20,"[35.0, 40.9]",A3541,35.0,40.9
4713,12/11/2018,3780694,SKU_0003,1,REF_SKU_0003,LOC_SKU_0003,7,11,"[35.0, 25.3]",A3525,35.0,25.3
4714,12/11/2018,3780206,SKU_0001,5,REF_SKU_0001,LOC_SKU_0001,7,20,"[35.0, 40.9]",A3541,35.0,40.9
4715,12/11/2018,3780832,SKU_0042,3,REF_SKU_0042,LOC_SKU_0042,3,20,"[15.0, 40.7]",A1541,15.0,40.7
4716,12/11/2018,3780040,SKU_0012,1,REF_SKU_0012,LOC_SKU_0012,9,7,"[45.0, 18.5]",A4518,45.0,18.5
4717,12/11/2018,3780059,SKU_0001,2,REF_SKU_0001,LOC_SKU_0001,7,20,"[35.0, 40.9]",A3541,35.0,40.9
4718,12/11/2018,3780951,SKU_0001,4,REF_SKU_0001,LOC_SKU_0001,7,20,"[35.0, 40.9]",A3541,35.0,40.9
4719,12/11/2018,3780574,SKU_0091,1,REF_SKU_0091,LOC_SKU_0091,6,13,"[30.0, 29.3]",A3029,30.0,29.3
4720,12/11/2018,3780644,SKU_0001,4,REF_SKU_0001,LOC_SKU_0001,7,20,"[35.0, 40.9]",A3541,35.0,40.9
4721,12/11/2018,3780507,SKU_0020,1,REF_SKU_0020,LOC_SKU_0020,2,10,"[10.0, 22.7]",A1023,10.0,22.7
4722,12/11/2018,3780572,SKU_0003,2,REF_SKU_0003,LOC_SKU_0003,7,11,"[35.0, 25.3]",A3525,35.0,25.3
4723,12/11/2018,3780884,SKU_0017,4,REF_SKU_0017,LOC_SKU_0017,7,4,"[35.0, 13.1]",A3513,35.0,13.1
4724,12/11/2018,3780843,SKU_0003,5,REF_SKU_0003,LOC_SKU_0003,7,11,"[35.0, 25.3]",A3525,35.0,25.3
4725,12/11/2018,3780122,SKU_0001,2,REF_SKU_0001,LOC_SKU_0001,7,20,"[35.0, 40.9]",A3541,35.0,40.9
4726,12/11/2018,3780479,SKU_0002,4,REF_SKU_0002,LOC_SKU_0002,8,15,"[40.0, 32.1]",A4032,40.0,32.1
4727,12/11/2018,3780619,SKU_0001,4,REF_SKU_0001,LOC_SKU_0001,7,20,"[35.0, 40.9]",A3541,35.0,40.9
4728,12/11/2018,3780096,SKU_0006,2,REF_SKU_0006,LOC_SKU_0006,8,18,"[40.0, 37.0]",A4037,40.0,37.0
4729,12/11/2018,3780859,SKU_0029,2,REF_SKU_0029,LOC_SKU_0029,2,19,"[10.0, 40.0]",A1040,10.0,40.0
4730,12/11/2018,3780414,SKU_0002,2,REF_SKU_0002,LOC_SKU_0002,8,15,"[40.0, 32.1]",A4032,40.0,32.1
4731,12/11/2018,3780235,SKU_0001,3,REF_SKU_0001,LOC_SKU_0001,7,20,"[35.0, 40.9]",A3541,35.0,40.9
4732,12/11/2018,3780898,SKU_0011,5,REF_SKU_0011,LOC_SKU_0011,10,13,"[50.0, 28.9]",A5029,50.0,28.9
4733,12/11/2018,3780062,SKU_0020,1,REF_SKU_0020,LOC_SKU_0020,2,10,"[10.0, 22.7]",A1023,10.0,22.7
4734,12/11/2018,3780256,SKU_0351,4,REF_SKU_0351,LOC_SKU_0351,8,12,"[40.0, 27.1]",A4027,40.0,27.1
4735,12/11/2018,3780561,SKU_0017,1,REF_SKU_0017,LOC_SKU_0017,7,4,"[35.0, 13.1]",A3513,35.0,13.1
4736,12/11/2018,3780905,SKU_0008,2,REF_SKU_0008,LOC_SKU_0008,8,21,"[40.0, 42.5]",A4042,40.0,42.5
4737,12/11/2018,3780348,SKU_0016,5,REF_SKU_0016,LOC_SKU_0016,3,22,"[15.0, 43.8]",A1544,15.0,43.8
4738,12/11/2018,3780671,SKU_0254,5,REF_SKU_0254,LOC_SKU_0254,6,18,"[30.0, 36.9]",A3037,30.0,36.9
4739,12/11/2018,3780124,SKU_0107,3,REF_SKU_0107,LOC_SKU_0107,5,23,"[25.0, 45.6]",A2546,25.0,45.6
4740,12/11/2018,3780482,SKU_0003,2,REF_SKU_0003,LOC_SKU_0003,7,11,"[35.0, 25.3]",A3525,35.0,25.3
4741,12/11/2018,3780317,SKU_0002,4,REF_SKU_0002,LOC_SKU_0002,8,15,"[40.0, 32.1]",A4032,40.0,32.1
4742,12/11/2018,3780504,SKU_0002,3,REF_SKU_0002,LOC_SKU_0002,8,15,"[40.0, 32.1]",A4032,40.0,32.1
4743,12/11/2018,3780719,SKU_0010,2,REF_SKU_0010,LOC_SKU_0010,5,15,"[25.0, 33.0]",A2533,25.0,33.0
4744,12/11/2018,3780048,SKU_0054,3,REF_SKU_0054,LOC_SKU_0054,7,1,"[35.0, 7.3]",A3507,35.0,7.3
4745,12/11/2018,3780409,SKU_0010,1,REF_SKU_0010,LOC_SKU_0010,5,15,"[25.0, 33.0]",A2533,25.0,33.0
4746,12/11/2018,3780932,SKU_0001,2,REF_SKU_0001,LOC_SKU_0001,7,20,"[35.0, 40.9]",A3541,35.0,40.9
4747,12/11/2018,3780136,SKU_0046,4,REF_SKU_0046,LOC_SKU_0046,2,2,"[10.0, 9.7]",A1010,10.0,9.7
4748,12/11/2018,3780201,SKU_0089,4,REF_SKU_0089,LOC_SKU_0089,6,9,"[30.0, 21.9]",A3022,30.0,21.9
4749,12/11/2018,3780250,SKU_0003,2,REF_SKU_0003,LOC_SKU_0003,7,11,"[35.0, 25.3]",A3525,35.0,25.3
4750,12/11/2018,3780314,SKU_0030,3,REF_SKU_0030,LOC_SKU_0030,2,10,"[10.0, 23.1]",A1023,10.0,23.1
4751,12/11/2018,3780869,SKU_0006,5,REF_SKU_0006,LOC_SKU_0006,8,18,"[40.0, 37.0]",A4037,40.0,37.0
4752,12/11/2018,3780368,SKU_0180,2,REF_SKU_0180,LOC_SKU_0180,6,18,"[30.0, 37.3]",A3037,30.0,37.3
4753,12/11/2018,3780429,SKU_0123,4,REF_SKU_0123,LOC_SKU_0123,8,16,"[40.0, 34.4]",A4034,40.0,34.4
4754,12/11/2018,3780830,SKU_0011,1,REF_SKU_0011,LOC_SKU_0011,10,13,"[50.0, 28.9]",A5029,50.0,28.9
4755,12/11/2018,3780807,SKU_0036,4,REF_SKU_0036,LOC_SKU_0036,8,9,"[40.0, 21.4]",A4021,40.0,21.4
4756,12/11/2018,3780480,SKU_0171,5,REF_SKU_0171,LOC_SKU_0171,2,13,"[10.0, 28.5]",A1028,10.0,28.5
4757,12/11/2018,3780314,SKU_0009,4,REF_SKU_0009,LOC_SKU_0009,6,0,"[30.0, 5.5]",A3006,30.0,5.5
4758,12/11/2018,3780500,SKU_0003,5,REF_SKU_0003,LOC_SKU_0003,7,11,"[35.0, 25.3]",A3525,35.0,25.3
4759,12/11/2018,3780721,SKU_0059,2,REF_SKU_0059,LOC_SKU_0059,7,15,"[35.0, 32.4]",A3532,35.0,32.4
4760,12/11/2018,3780355,SKU_0002,4,REF_SKU_0002,LOC_SKU_0002,8,15,"[40.0, 32.1]",A4032,40.0,32.1
4761,12/11/2018,3780485,SKU_0005,3,REF_SKU_0005,LOC_SKU_0005,8,8,"[40.0, 20.4]",A4020,40.0,20.4
4762,12/11/2018,3780211,SKU_0147,3,REF_SKU_0147,LOC_SKU_0147,10,22,"[50.0, 44.5]",A5044,50.0,44.5
4763,12/11/2018,3780704,SKU_0047,4,REF_SKU_0047,LOC_SKU_0047,7,8,"[35.0, 19.3]",A3519,35.0,19.3
4764,12/11/2018,3780044,SKU_0005,4,REF_SKU_0005,LOC_SKU_0005,8,8,"[40.0, 20.4]",A4020,40.0,20.4
4765,12/11/2018,3780541,SKU_0002,1,REF_SKU_0002,LOC_SKU_0002,8,15,"[40.0, 32.1]",A4032,40.0,32.1
4766,12/11/2018,3780571,SKU_0004,4,REF_SKU_0004,LOC_SKU_0004,7,1,"[35.0, 8.1]",A3508,35.0,8.1
4767,12/11/2018,3780583,SKU_0003,1,REF_SKU_0003,LOC_SKU_0003,7,11,"[35.0, 25.3]",A3525,35.0,25.3
4768,12/11/2018,3780092,SKU_0001,1,REF_SKU_0001,LOC_SKU_0001,7,20,"[35.0, 40.9]",A3541,35.0,40.9
4769,12/11/2018,3780265,SKU_0054,1,REF_SKU_0054,LOC_SKU_0054,7,1,"[35.0, 7.3]",A3507,35.0,7.3
4770,12/11/2018,3780895,SKU_0002,1,REF_SKU_0002,LOC_SKU_0002,8,15,"[40.0, 32.1]",A4032,40.0,32.1
4771,12/11/2018,3780220,SKU_0007,2,REF_SKU_0007,LOC_SKU_0007,6,1,"[30.0, 8.0]",A3008,30.0,8.0
4772,12/11/2018,3780902,SKU_0005,3,REF_SKU_0005,LOC_SKU_0005,8,8,"[40.0, 20.4]",A4020,40.0,20.4
4773,12/11/2018,3780925,SKU_0421,1,REF_SKU_0421,LOC_SKU_0421,2,14,"[10.0, 29.7]",A1030,10.0,29.7
4774,12/11/2018,3780442,SKU_0005,3,REF_SKU_0005,LOC_SKU_0005,8,8,"[40.0, 20.4]",A4020,40.0,20.4
4775,12/11/2018,3780401,SKU_0001,1,REF_SKU_0001,LOC_SKU_0001,7,20,"[35.0, 40.9]",A3541,35.0,40.9
4776,12/11/2018,3780400,SKU_0001,3,REF_SKU_0001,LOC_SKU_0001,7,20,"[35.0, 40.9]",A3541,35.0,40.9
4777,12/11/2018,3780727,SKU_0018,4,REF_SKU_0018,LOC_SKU_0018,7,0,"[35.0, 6.1]",A3506,35.0,6.1
4778,12/11/2018,3780991,SKU_0019,4,REF_SKU_0019,LOC_SKU_0019,9,24,"[45.0, 48.5]",A4548,45.0,48.5
4779,12/11/2018,3780899,SKU_0006,3,REF_SKU_0006,LOC_SKU_0006,8,18,"[40.0, 37.0]",A4037,40.0,37.0
4780,12/11/2018,3780789,SKU_0006,1,REF_SKU_0006,LOC_SKU_0006,8,18,"[40.0, 37.0]",A4037,40.0,37.0
4781,12/11/2018,3780576,SKU_0001,2,REF_SKU_0001,LOC_SKU_0001,7,20,"[35.0, 40.9]",A3541,35.0,40.9
4782,12/11/2018,3780858,SKU_0011,3,REF_SKU_0011,LOC_SKU_0011,10,13,"[50.0, 28.9]",A5029,50.0,28.9
4783,12/11/2018,3780804,SKU_0010,5,REF_SKU_0010,LOC_SKU_0010,5,15,"[25.0, 33.0]",A2533,25.0,33.0
4784,12/11/2018,3780490,SKU_0001,2,REF_SKU_0001,LOC_SKU_0001,7,20,"[35.0, 40.9]",A3541,35.0,40.9
4785,12/11/2018,3780485,SKU_0001,5,REF_SKU_0001,LOC_SKU_0001,7,20,"[35.0, 40.9]",A3541,35.0,40.9
4786,12/11/2018,3780757,SKU_0001,3,REF_SKU_0001,LOC_SKU_0001,7,20,"[35.0, 40.9]",A3541,35.0,40.9
4787,12/11/2018,3780470,SKU_0001,1,REF_SKU_0001,LOC_SKU_0001,7,20,"[35.0, 40.9]",A3541,35.0,40.9
4788,12/11/2018,3780574,SKU_0020,5,REF_SKU_0020,LOC_SKU_0020,2,10,"[10.0, 22.7]",A1023,10.0,22.7
4789,12/11/2018,3780938,SKU_0002,3,REF_SKU_0002,LOC_SKU_0002,8,15,"[40.0, 32.1]",A4032,40.0,32.1
4790,12/11/2018,3780844,SKU_0002,2,REF_SKU_0002,LOC_SKU_0002,8,15,"[40.0, 32.1]",A4032,40.0,32.1
4791,12/11/2018,3780682,SKU_0001,1,REF_SKU_0001,LOC_SKU_0001,7,20,"[35.0, 40.9]",A3541,35.0,40.9
4792,12/11/2018,3780445,SKU_0335,5,REF_SKU_0335,LOC_SKU_0335,8,10,"[40.0, 23.8]",A4024,40.0,23.8
4793,12/11/2018,3780269,SKU_0134,3,REF_SKU_0134,LOC_SKU_0134,1,1,"[5.0, 7.4]",A0507,5.0,7.4
4794,12/11/2018,3780267,SKU_0002,1,REF_SKU_0002,LOC_SKU_0002,8,15,"[40.0, 32.1]",A4032,40.0,32.1
4795,12/11/2018,3780054,SKU_0003,1,REF_SKU_0003,LOC_SKU_0003,7,11,"[35.0, 25.3]",A3525,35.0,25.3
4796,12/11/2018,3780528,SKU_0002,4,REF_SKU_0002,LOC_SKU_0002,8,15,"[40.0, 32.1]",A4032,40.0,32.1
4797,12/11/2018,3780520,SKU_0009,1,REF_SKU_0009,LOC_SKU_0009,6,0,"[30.0, 5.5]",A3006,30.0,5.5
4798,12/11/2018,3780616,SKU_0001,3,REF_SKU_0001,LOC_SKU_0001,7,20,"[35.0, 40.9]",A3541,35.0,40.9
4799,12/11/2018,3780059,SKU_0031,2,REF_SKU_0031,LOC_SKU_0031,4,15,"[20.0, 32.1]",A2032,20.0,32.1
4800,12/11/2018,3780825,SKU_0011,4,REF_SKU_0011,LOC_SKU_0011,10,13,"[50.0, 28.9]",A5029,50.0,28.9
4801,12/11/2018,3780040,SKU_0196,3,REF_SKU_0196,LOC_SKU_0196,10,16,"[50.0, 33.4]",A5033,50.0,33.4
4802,12/11/2018,3780237,SKU_0001,3,REF_SKU_0001,LOC_SKU_0001,7,20,"[35.0, 40.9]",A3541,35.0,40.9
4803,12/11/2018,3780955,SKU_0088,3,REF_SKU_0088,LOC_SKU_0088,8,6,"[40.0, 16.1]",A4016,40.0,16.1
4804,12/11/2018,3780386,SKU_0080,5,REF_SKU_0080,LOC_SKU_0080,1,4,"[5.0, 12.1]",A0512,5.0,12.1
4805,12/11/2018,3780606,SKU_0001,5,REF_SKU_0001,LOC_SKU_0001,7,20,"[35.0, 40.9]",A3541,35.0,40.9
4806,12/11/2018,3780734,SKU_0005,2,REF_SKU_0005,LOC_SKU_0005,8,8,"[40.0, 20.4]",A4020,40.0,20.4
4807,12/11/2018,3780716,SKU_0001,3,REF_SKU_0001,LOC_SKU_0001,7,20,"[35.0, 40.9]",A3541,35.0,40.9
4808,12/11/2018,3780650,SKU_0002,5,REF_SKU_0002,LOC_SKU_0002,8,15,"[40.0, 32.1]",A4032,40.0,32.1
4809,12/11/2018,3780300,SKU_0002,5,REF_SKU_0002,LOC_SKU_0002,8,15,"[40.0, 32.1]",A4032,40.0,32.1
4810,12/11/2018,3780395,SKU_0014,5,REF_SKU_0014,LOC_SKU_0014,3,10,"[15.0, 22.5]",A1522,15.0,22.5
4811,12/11/2018,3780207,SKU_0005,2,REF_SKU_0005,LOC_SKU_0005,8,8,"[40.0, 20.4]",A4020,40.0,20.4
4812,12/11/2018,3780336,SKU_0305,2,REF_SKU_0305,LOC_SKU_0305,5,11,"[25.0, 25.5]",A2526,25.0,25.5
4813,12/11/2018,3780593,SKU_0001,3,REF_SKU_0001,LOC_SKU_0001,7,20,"[35.0, 40.9]",A3541,35.0,40.9
4814,12/11/2018,3780730,SKU_0389,4,REF_SKU_0389,LOC_SKU_0389,4,13,"[20.0, 28.1]",A2028,20.0,28.1
4815,12/11/2018,3780514,SKU_0002,3,REF_SKU_0002,LOC_SKU_0002,8,15,"[40.0, 32.1]",A4032,40.0,32.1
4816,12/11/2018,3780178,SKU_0068,5,REF_SKU_0068,LOC_SKU_0068,1,7,"[5.0, 17.6]",A0518,5.0,17.6
4817,12/11/2018,3780396,SKU_0004,5,REF_SKU_0004,LOC_SKU_0004,7,1,"[35.0, 8.1]",A3508,35.0,8.1
4818,12/11/2018,3780371,SKU_0001,1,REF_SKU_0001,LOC_SKU_0001,7,20,"[35.0, 40.9]",A3541,35.0,40.9
4819,12/11/2018,3780858,SKU_0137,3,REF_SKU_0137,LOC_SKU_0137,1,14,"[5.0, 30.1]",A0530,5.0,30.1
4820,12/11/2018,3780791,SKU_0003,5,REF_SKU_0003,LOC_SKU_0003,7,11,"[35.0, 25.3]",A3525,35.0,25.3
4821,12/11/2018,3780658,SKU_0029,5,REF_SKU_0029,LOC_SKU_0029,2,19,"[10.0, 40.0]",A1040,10.0,40.0
4822,12/11/2018,3780318,SKU_0015,4,REF_SKU_0015,LOC_SKU_0015,4,15,"[20.0, 31.9]",A2032,20.0,31.9
4823,12/11/2018,3780736,SKU_0008,1,REF_SKU_0008,LOC_SKU_0008,8,21,"[40.0, 42.5]",A4042,40.0,42.5
4824,12/11/2018,3780369,SKU_0009,3,REF_SKU_0009,LOC_SKU_0009,6,0,"[30.0, 5.5]",A3006,30.0,5.5
4825,12/11/2018,3780384,SKU_0050,2,REF_SKU_0050,LOC_SKU_0050,3,12,"[15.0, 26.5]",A1526,15.0,26.5
4826,12/11/2018,3780062,SKU_0001,3,REF_SKU_0001,LOC_SKU_0001,7,20,"[35.0, 40.9]",A3541,35.0,40.9
4827,12/11/2018,3780806,SKU_0031,3,REF_SKU_0031,LOC_SKU_0031,4,15,"[20.0, 32.1]",A2032,20.0,32.1
4828,12/11/2018,3780505,SKU_0191,4,REF_SKU_0191,LOC_SKU_0191,5,12,"[25.0, 26.6]",A2527,25.0,26.6
4829,12/11/2018,3780239,SKU_0001,3,REF_SKU_0001,LOC_SKU_0001,7,20,"[35.0, 40.9]",A3541,35.0,40.9
4830,12/11/2018,3780195,SKU_0001,4,REF_SKU_0001,LOC_SKU_0001,7,20,"[35.0, 40.9]",A3541,35.0,40.9
4831,12/11/2018,3780678,SKU_0044,4,REF_SKU_0044,LOC_SKU_0044,10,3,"[50.0, 10.7]",A5011,50.0,10.7
4832,12/11/2018,3780963,SKU_0006,5,REF_SKU_0006,LOC_SKU_0006,8,18,"[40.0, 37.0]",A4037,40.0,37.0
4833,12/11/2018,3780222,SKU_0005,2,REF_SKU_0005,LOC_SKU_0005,8,8,"[40.0, 20.4]",A4020,40.0,20.4
4834,12/11/2018,3780061,SKU_0001,4,REF_SKU_0001,LOC_SKU_0001,7,20,"[35.0, 40.9]",A3541,35.0,40.9
4835,12/11/2018,3780129,SKU_0010,1,REF_SKU_0010,LOC_SKU_0010,5,15,"[25.0, 33.0]",A2533,25.0,33.0
4836,12/11/2018,3780990,SKU_0001,1,REF_SKU_0001,LOC_SKU_0001,7,20,"[35.0, 40.9]",A3541,35.0,40.9
4837,12/11/2018,3780685,SKU_0008,2,REF_SKU_0008,LOC_SKU_0008,8,21,"[40.0, 42.5]",A4042,40.0,42.5
4838,12/11/2018,3780992,SKU_0063,4,REF_SKU_0063,LOC_SKU_0063,10,20,"[50.0, 41.5]",A5042,50.0,41.5
4839,12/11/2018,3780156,SKU_0002,2,REF_SKU_0002,LOC_SKU_0002,8,15,"[40.0, 32.1]",A4032,40.0,32.1
4840,12/11/2018,3780917,SKU_0008,5,REF_SKU_0008,LOC_SKU_0008,8,21,"[40.0, 42.5]",A4042,40.0,42.5
4841,12/11/2018,3780378,SKU_0463,1,REF_SKU_0463,LOC_SKU_0463,10,20,"[50.0, 41.2]",A5041,50.0,41.2
4842,12/11/2018,3780622,SKU_0035,3,REF_SKU_0035,LOC_SKU_0035,2,13,"[10.0, 29.5]",A1030,10.0,29.5
4843,12/11/2018,3780781,SKU_0120,1,REF_SKU_0120,LOC_SKU_0120,9,4,"[45.0, 13.3]",A4513,45.0,13.3
4844,12/11/2018,3780923,SKU_0006,4,REF_SKU_0006,LOC_SKU_0006,8,18,"[40.0, 37.0]",A4037,40.0,37.0
4845,12/11/2018,3780868,SKU_0066,2,REF_SKU_0066,LOC_SKU_0066,10,3,"[50.0, 10.9]",A5011,50.0,10.9
4846,12/11/2018,3780903,SKU_0001,1,REF_SKU_0001,LOC_SKU_0001,7,20,"[35.0, 40.9]",A3541,35.0,40.9
4847,12/11/2018,3780790,SKU_0001,3,REF_SKU_0001,LOC_SKU_0001,7,20,"[35.0, 40.9]",A3541,35.0,40.9
4848,12/11/2018,3780586,SKU_0002,3,REF_SKU_0002,LOC_SKU_0002,8,15,"[40.0, 32.1]",A4032,40.0,32.1
4849,12/11/2018,3780999,SKU_0005,2,REF_SKU_0005,LOC_SKU_0005,8,8,"[40.0, 20.4]",A4020,40.0,20.4
4850,12/11/2018,3780437,SKU_0124,2,REF_SKU_0124,LOC_SKU_0124,7,18,"[35.0, 37.6]",A3538,35.0,37.6
4851,12/11/2018,3780975,SKU_0004,1,REF_SKU_0004,LOC_SKU_0004,7,1,"[35.0, 8.1]",A3508,35.0,8.1
4852,12/11/2018,3780207,SKU_0028,4,REF_SKU_0028,LOC_SKU_0028,4,5,"[20.0, 13.7]",A2014,20.0,13.7
4853,12/11/2018,3780388,SKU_0042,5,REF_SKU_0042,LOC_SKU_0042,3,20,"[15.0, 40.7]",A1541,15.0,40.7
4854,12/11/2018,3780480,SKU_0017,3,REF_SKU_0017,LOC_SKU_0017,7,4,"[35.0, 13.1]",A3513,35.0,13.1
4855,12/11/2018,3780791,SKU_0004,2,REF_SKU_0004,LOC_SKU_0004,7,1,"[35.0, 8.1]",A3508,35.0,8.1
4856,12/11/2018,3780887,SKU_0016,5,REF_SKU_0016,LOC_SKU_0016,3,22,"[15.0, 43.8]",A1544,15.0,43.8
4857,12/11/2018,3780838,SKU_0004,5,REF_SKU_0004,LOC_SKU_0004,7,1,"[35.0, 8.1]",A3508,35.0,8.1
4858,12/11/2018,3780984,SKU_0001,5,REF_SKU_0001,LOC_SKU_0001,7,20,"[35.0, 40.9]",A3541,35.0,40.9
4859,12/11/2018,3780340,SKU_0467,4,REF_SKU_0467,LOC_SKU_0467,6,9,"[30.0, 20.9]",A3021,30.0,20.9
4860,12/11/2018,3780869,SKU_0001,2,REF_SKU_0001,LOC_SKU_0001,7,20,"[35.0, 40.9]",A3541,35.0,40.9
4861,12/11/2018,3780340,SKU_0001,3,REF_SKU_0001,LOC_SKU_0001,7,20,"[35.0, 40.9]",A3541,35.0,40.9
4862,12/11/2018,3780204,SKU_0164,2,REF_SKU_0164,LOC_SKU_0164,5,13,"[25.0, 28.7]",A2529,25.0,28.7
4863,12/11/2018,3780161,SKU_0003,1,REF_SKU_0003,LOC_SKU_0003,7,11,"[35.0, 25.3]",A3525,35.0,25.3
4864,12/11/2018,3780540,SKU_0027,3,REF_SKU_0027,LOC_SKU_0027,6,5,"[30.0, 14.8]",A3015,30.0,14.8
4865,12/11/2018,3780392,SKU_0003,2,REF_SKU_0003,LOC_SKU_0003,7,11,"[35.0, 25.3]",A3525,35.0,25.3
4866,12/11/2018,3780769,SKU_0005,3,REF_SKU_0005,LOC_SKU_0005,8,8,"[40.0, 20.4]",A4020,40.0,20.4
4867,12/11/2018,3780677,SKU_0002,1,REF_SKU_0002,LOC_SKU_0002,8,15,"[40.0, 32.1]",A4032,40.0,32.1
4868,12/11/2018,3780575,SKU_0004,3,REF_SKU_0004,LOC_SKU_0004,7,1,"[35.0, 8.1]",A3508,35.0,8.1
4869,12/11/2018,3780534,SKU_0005,5,REF_SKU_0005,LOC_SKU_0005,8,8,"[40.0, 20.4]",A4020,40.0,20.4
4870,12/11/2018,3780070,SKU_0045,4,REF_SKU_0045,LOC_SKU_0045,7,21,"[35.0, 43.3]",A3543,35.0,43.3
4871,12/11/2018,3780893,SKU_0010,1,REF_SKU_0010,LOC_SKU_0010,5,15,"[25.0, 33.0]",A2533,25.0,33.0
4872,12/11/2018,3780405,SKU_0294,3,REF_SKU_0294,LOC_SKU_0294,10,9,"[50.0, 22.4]",A5022,50.0,22.4
4873,12/11/2018,3780608,SKU_0001,1,REF_SKU_0001,LOC_SKU_0001,7,20,"[35.0, 40.9]",A3541,35.0,40.9
4874,12/11/2018,3780675,SKU_0010,5,REF_SKU_0010,LOC_SKU_0010,5,15,"[25.0, 33.0]",A2533,25.0,33.0
4875,12/11/2018,3780591,SKU_0017,4,REF_SKU_0017,LOC_SKU_0017,7,4,"[35.0, 13.1]",A3513,35.0,13.1
4876,12/11/2018,3780517,SKU_0237,1,REF_SKU_0237,LOC_SKU_0237,10,24,"[50.0, 48.9]",A5049,50.0,48.9
4877,12/11/2018,3780828,SKU_0001,5,REF_SKU_0001,LOC_SKU_0001,7,20,"[35.0, 40.9]",A3541,35.0,40.9
4878,12/11/2018,3780120,SKU_0016,5,REF_SKU_0016,LOC_SKU_0016,3,22,"[15.0, 43.8]",A1544,15.0,43.8
4879,12/11/2018,3780814,SKU_0133,5,REF_SKU_0133,LOC_SKU_0133,3,14,"[15.0, 31.0]",A1531,15.0,31.0
4880,12/11/2018,3780690,SKU_0002,3,REF_SKU_0002,LOC_SKU_0002,8,15,"[40.0, 32.1]",A4032,40.0,32.1
4881,12/11/2018,3780688,SKU_0161,2,REF_SKU_0161,LOC_SKU_0161,6,6,"[30.0, 16.6]",A3017,30.0,16.6
4882,12/11/2018,3780902,SKU_0001,1,REF_SKU_0001,LOC_SKU_0001,7,20,"[35.0, 40.9]",A3541,35.0,40.9
4883,12/11/2018,3780217,SKU_0050,2,REF_SKU_0050,LOC_SKU_0050,3,12,"[15.0, 26.5]",A1526,15.0,26.5
4884,12/11/2018,3780056,SKU_0267,5,REF_SKU_0267,LOC_SKU_0267,5,25,"[25.0, 49.7]",A2550,25.0,49.7
4885,12/11/2018,3780366,SKU_0028,2,REF_SKU_0028,LOC_SKU_0028,4,5,"[20.0, 13.7]",A2014,20.0,13.7
4886,12/11/2018,3780699,SKU_0006,5,REF_SKU_0006,LOC_SKU_0006,8,18,"[40.0, 37.0]",A4037,40.0,37.0
4887,12/11/2018,3780504,SKU_0001,5,REF_SKU_0001,LOC_SKU_0001,7,20,"[35.0, 40.9]",A3541,35.0,40.9
4888,12/11/2018,3780744,SKU_0237,4,REF_SKU_0237,LOC_SKU_0237,10,24,"[50.0, 48.9]",A5049,50.0,48.9
4889,12/11/2018,3780767,SKU_0008,4,REF_SKU_0008,LOC_SKU_0008,8,21,"[40.0, 42.5]",A4042,40.0,42.5
4890,12/11/2018,3780925,SKU_0001,2,REF_SKU_0001,LOC_SKU_0001,7,20,"[35.0, 40.9]",A3541,35.0,40.9
4891,12/11/2018,3780455,SKU_0036,1,REF_SKU_0036,LOC_SKU_0036,8,9,"[40.0, 21.4]",A4021,40.0,21.4
4892,12/11/2018,3780104,SKU_0009,2,REF_SKU_0009,LOC_SKU_0009,6,0,"[30.0, 5.5]",A3006,30.0,5.5
4893,12/11/2018,3780077,SKU_0001,1,REF_SKU_0001,LOC_SKU_0001,7,20,"[35.0, 40.9]",A3541,35.0,40.9
4894,12/11/2018,3780230,SKU_0002,2,REF_SKU_0002,LOC_SKU_0002,8,15,"[40.0, 32.1]",A4032,40.0,32.1
4895,12/11/2018,3780914,SKU_0001,3,REF_SKU_0001,LOC_SKU_0001,7,20,"[35.0, 40.9]",A3541,35.0,40.9
4896,12/11/2018,3780258,SKU_0016,3,REF_SKU_0016,LOC_SKU_0016,3,22,"[15.0, 43.8]",A1544,15.0,43.8
4897,12/11/2018,3780264,SKU_0022,1,REF_SKU_0022,LOC_SKU_0022,4,6,"[20.0, 16.2]",A2016,20.0,16.2
4898,12/11/2018,3780331,SKU_0010,4,REF_SKU_0010,LOC_SKU_0010,5,15,"[25.0, 33.0]",A2533,25.0,33.0
4899,12/11/2018,3780993,SKU_0098,1,REF_SKU_0098,LOC_SKU_0098,4,24,"[20.0, 47.4]",A2047,20.0,47.4
4900,12/11/2018,3780182,SKU_0141,2,REF_SKU_0141,LOC_SKU_0141,1,8,"[5.0, 19.6]",A0520,5.0,19.6
4901,12/11/2018,3780893,SKU_0021,5,REF_SKU_0021,LOC_SKU_0021,10,2,"[50.0, 9.8]",A5010,50.0,9.8
4902,12/11/2018,3780768,SKU_0001,3,REF_SKU_0001,LOC_SKU_0001,7,20,"[35.0, 40.9]",A3541,35.0,40.9
4903,12/11/2018,3780550,SKU_0037,5,REF_SKU_0037,LOC_SKU_0037,9,7,"[45.0, 18.7]",A4519,45.0,18.7
4904,12/11/2018,3780688,SKU_0006,3,REF_SKU_0006,LOC_SKU_0006,8,18,"[40.0, 37.0]",A4037,40.0,37.0
4905,12/11/2018,3780027,SKU_0015,2,REF_SKU_0015,LOC_SKU_0015,4,15,"[20.0, 31.9]",A2032,20.0,31.9
4906,12/11/2018,3780276,SKU_0027,3,REF_SKU_0027,LOC_SKU_0027,6,5,"[30.0, 14.8]",A3015,30.0,14.8
4907,12/11/2018,3780652,SKU_0004,1,REF_SKU_0004,LOC_SKU_0004,7,1,"[35.0, 8.1]",A3508,35.0,8.1
4908,12/11/2018,3780299,SKU_0231,5,REF_SKU_0231,LOC_SKU_0231,4,14,"[20.0, 31.0]",A2031,20.0,31.0
4909,12/11/2018,3780957,SKU_0001,5,REF_SKU_0001,LOC_SKU_0001,7,20,"[35.0, 40.9]",A3541,35.0,40.9
4910,12/11/2018,3780799,SKU_0031,2,REF_SKU_0031,LOC_SKU_0031,4,15,"[20.0, 32.1]",A2032,20.0,32.1
4911,12/11/2018,3780091,SKU_0001,5,REF_SKU_0001,LOC_SKU_0001,7,20,"[35.0, 40.9]",A3541,35.0,40.9
4912,12/11/2018,3780480,SKU_0247,2,REF_SKU_0247,LOC_SKU_0247,5,6,"[25.0, 15.9]",A2516,25.0,15.9
4913,12/11/2018,3780573,SKU_0001,4,REF_SKU_0001,LOC_SKU_0001,7,20,"[35.0, 40.9]",A3541,35.0,40.9
4914,12/11/2018,3780458,SKU_0001,1,REF_SKU_0001,LOC_SKU_0001,7,20,"[35.0, 40.9]",A3541,35.0,40.9
4915,12/11/2018,3780451,SKU_0003,3,REF_SKU_0003,LOC_SKU_0003,7,11,"[35.0, 25.3]",A3525,35.0,25.3
4916,12/11/2018,3780365,SKU_0004,3,REF_SKU_0004,LOC_SKU_0004,7,1,"[35.0, 8.1]",A3508,35.0,8.1
4917,12/11/2018,3780859,SKU_0002,3,REF_SKU_0002,LOC_SKU_0002,8,15,"[40.0, 32.1]",A4032,40.0,32.1
4918,12/11/2018,3780675,SKU_0017,4,REF_SKU_0017,LOC_SKU_0017,7,4,"[35.0, 13.1]",A3513,35.0,13.1
4919,12/11/2018,3780351,SKU_0007,1,REF_SKU_0007,LOC_SKU_0007,6,1,"[30.0, 8.0]",A3008,30.0,8.0
4920,12/11/2018,3780655,SKU_0001,5,REF_SKU_0001,LOC_SKU_0001,7,20,"[35.0, 40.9]",A3541,35.0,40.9
4921,12/11/2018,3780400,SKU_0003,5,REF_SKU_0003,LOC_SKU_0003,7,11,"[35.0, 25.3]",A3525,35.0,25.3
4922,12/11/2018,3780253,SKU_0092,1,REF_SKU_0092,LOC_SKU_0092,1,4,"[5.0, 12.2]",A0512,5.0,12.2
4923,12/11/2018,3780781,SKU_0036,1,REF_SKU_0036,LOC_SKU_0036,8,9,"[40.0, 21.4]",A4021,40.0,21.4
4924,12/11/2018,3780881,SKU_0047,3,REF_SKU_0047,LOC_SKU_0047,7,8,"[35.0, 19.3]",A3519,35.0,19.3
4925,12/11/2018,3780803,SKU_0038,5,REF_SKU_0038,LOC_SKU_0038,1,0,"[5.0, 6.2]",A0506,5.0,6.2
4926,12/11/2018,3780459,SKU_0003,1,REF_SKU_0003,LOC_SKU_0003,7,11,"[35.0, 25.3]",A3525,35.0,25.3
4927,12/11/2018,3780699,SKU_0001,5,REF_SKU_0001,LOC_SKU_0001,7,20,"[35.0, 40.9]",A3541,35.0,40.9
4928,12/11/2018,3780917,SKU_0002,1,REF_SKU_0002,LOC_SKU_0002,8,15,"[40.0, 32.1]",A4032,40.0,32.1
4929,12/11/2018,3780499,SKU_0110,2,REF_SKU_0110,LOC_SKU_0110,3,21,"[15.0, 43.6]",A1544,15.0,43.6
4930,12/11/2018,3780950,SKU_0415,3,REF_SKU_0415,LOC_SKU_0415,9,17,"[45.0, 35.9]",A4536,45.0,35.9
4931,12/11/2018,3780971,SKU_0009,1,REF_SKU_0009,LOC_SKU_0009,6,0,"[30.0, 5.5]",A3006,30.0,5.5
4932,12/11/2018,3780926,SKU_0001,4,REF_SKU_0001,LOC_SKU_0001,7,20,"[35.0, 40.9]",A3541,35.0,40.9
4933,12/11/2018,3780508,SKU_0001,1,REF_SKU_0001,LOC_SKU_0001,7,20,"[35.0, 40.9]",A3541,35.0,40.9
4934,12/11/2018,3780304,SKU_0003,2,REF_SKU_0003,LOC_SKU_0003,7,11,"[35.0, 25.3]",A3525,35.0,25.3
4935,12/11/2018,3780501,SKU_0016,4,REF_SKU_0016,LOC_SKU_0016,3,22,"[15.0, 43.8]",A1544,15.0,43.8
4936,12/11/2018,3780803,SKU_0001,4,REF_SKU_0001,LOC_SKU_0001,7,20,"[35.0, 40.9]",A3541,35.0,40.9
4937,12/11/2018,3780598,SKU_0293,1,REF_SKU_0293,LOC_SKU_0293,1,9,"[5.0, 22.3]",A0522,5.0,22.3
4938,12/11/2018,3780166,SKU_0004,2,REF_SKU_0004,LOC_SKU_0004,7,1,"[35.0, 8.1]",A3508,35.0,8.1
4939,12/11/2018,3780415,SKU_0222,4,REF_SKU_0222,LOC_SKU_0222,5,6,"[25.0, 16.1]",A2516,25.0,16.1
4940,12/11/2018,3780462,SKU_0073,3,REF_SKU_0073,LOC_SKU_0073,1,3,"[5.0, 10.8]",A0511,5.0,10.8
4941,12/11/2018,3780920,SKU_0059,3,REF_SKU_0059,LOC_SKU_0059,7,15,"[35.0, 32.4]",A3532,35.0,32.4
4942,12/11/2018,3780114,SKU_0020,5,REF_SKU_0020,LOC_SKU_0020,2,10,"[10.0, 22.7]",A1023,10.0,22.7
4943,12/11/2018,3780433,SKU_0023,5,REF_SKU_0023,LOC_SKU_0023,7,15,"[35.0, 32.6]",A3533,35.0,32.6
4944,12/11/2018,3780992,SKU_0025,2,REF_SKU_0025,LOC_SKU_0025,1,6,"[5.0, 17.0]",A0517,5.0,17.0
4945,12/11/2018,3780356,SKU_0023,4,REF_SKU_0023,LOC_SKU_0023,7,15,"[35.0, 32.6]",A3533,35.0,32.6
4946,12/11/2018,3780928,SKU_0014,3,REF_SKU_0014,LOC_SKU_0014,3,10,"[15.0, 22.5]",A1522,15.0,22.5
4947,12/11/2018,3780695,SKU_0439,3,REF_SKU_0439,LOC_SKU_0439,2,0,"[10.0, 6.0]",A1006,10.0,6.0
4948,12/11/2018,3780207,SKU_0050,2,REF_SKU_0050,LOC_SKU_0050,3,12,"[15.0, 26.5]",A1526,15.0,26.5
4949,12/11/2018,3780768,SKU_0071,4,REF_SKU_0071,LOC_SKU_0071,6,13,"[30.0, 28.2]",A3028,30.0,28.2
4950,12/11/2018,3780235,SKU_0156,2,REF_SKU_0156,LOC_SKU_0156,3,8,"[15.0, 20.5]",A1520,15.0,20.5
4951,12/11/2018,3780442,SKU_0002,1,REF_SKU_0002,LOC_SKU_0002,8,15,"[40.0, 32.1]",A4032,40.0,32.1
4952,12/11/2018,3780355,SKU_0001,3,REF_SKU_0001,LOC_SKU_0001,7,20,"[35.0, 40.9]",A3541,35.0,40.9
4953,12/11/2018,3780515,SKU_0009,2,REF_SKU_0009,LOC_SKU_0009,6,0,"[30.0, 5.5]",A3006,30.0,5.5
4954,12/11/2018,3780208,SKU_0010,2,REF_SKU_0010,LOC_SKU_0010,5,15,"[25.0, 33.0]",A2533,25.0,33.0
4955,12/11/2018,3780709,SKU_0108,1,REF_SKU_0108,LOC_SKU_0108,7,8,"[35.0, 20.6]",A3521,35.0,20.6
4956,12/11/2018,3780853,SKU_0007,5,REF_SKU_0007,LOC_SKU_0007,6,1,"[30.0, 8.0]",A3008,30.0,8.0
4957,12/11/2018,3780125,SKU_0015,3,REF_SKU_0015,LOC_SKU_0015,4,15,"[20.0, 31.9]",A2032,20.0,31.9
4958,12/11/2018,3780138,SKU_0011,2,REF_SKU_0011,LOC_SKU_0011,10,13,"[50.0, 28.9]",A5029,50.0,28.9
4959,12/11/2018,3780339,SKU_0001,3,REF_SKU_0001,LOC_SKU_0001,7,20,"[35.0, 40.9]",A3541,35.0,40.9
4960,12/11/2018,3780537,SKU_0021,5,REF_SKU_0021,LOC_SKU_0021,10,2,"[50.0, 9.8]",A5010,50.0,9.8
4961,12/11/2018,3780068,SKU_0107,2,REF_SKU_0107,LOC_SKU_0107,5,23,"[25.0, 45.6]",A2546,25.0,45.6
4962,12/11/2018,3780573,SKU_0001,1,REF_SKU_0001,LOC_SKU_0001,7,20,"[35.0, 40.9]",A3541,35.0,40.9
4963,12/11/2018,3780541,SKU_0018,3,REF_SKU_0018,LOC_SKU_0018,7,0,"[35.0, 6.1]",A3506,35.0,6.1
4964,12/11/2018,3780383,SKU_0018,1,REF_SKU_0018,LOC_SKU_0018,7,0,"[35.0, 6.1]",A3506,35.0,6.1
4965,12/11/2018,3780019,SKU_0001,5,REF_SKU_0001,LOC_SKU_0001,7,20,"[35.0, 40.9]",A3541,35.0,40.9
4966,12/11/2018,3780683,SKU_0001,5,REF_SKU_0001,LOC_SKU_0001,7,20,"[35.0, 40.9]",A3541,35.0,40.9
4967,12/11/2018,3780450,SKU_0413,3,REF_SKU_0413,LOC_SKU_0413,10,23,"[50.0, 45.9]",A5046,50.0,45.9
4968,12/11/2018,3780074,SKU_0005,5,REF_SKU_0005,LOC_SKU_0005,8,8,"[40.0, 20.4]",A4020,40.0,20.4
4969,12/11/2018,3780573,SKU_0002,4,REF_SKU_0002,LOC_SKU_0002,8,15,"[40.0, 32.1]",A4032,40.0,32.1
4970,12/11/2018,3780939,SKU_0001,3,REF_SKU_0001,LOC_SKU_0001,7,20,"[35.0, 40.9]",A3541,35.0,40.9
4971,12/11/2018,3780665,SKU_0031,4,REF_SKU_0031,LOC_SKU_0031,4,15,"[20.0, 32.1]",A2032,20.0,32.1
4972,12/11/2018,3780276,SKU_0020,5,REF_SKU_0020,LOC_SKU_0020,2,10,"[10.0, 22.7]",A1023,10.0,22.7
4973,12/11/2018,3780048,SKU_0026,3,REF_SKU_0026,LOC_SKU_0026,8,19,"[40.0, 39.1]",A4039,40.0,39.1
4974,12/11/2018,3780211,SKU_0001,4,REF_SKU_0001,LOC_SKU_0001,7,20,"[35.0, 40.9]",A3541,35.0,40.9
4975,12/11/2018,3780855,SKU_0187,5,REF_SKU_0187,LOC_SKU_0187,5,3,"[25.0, 10.8]",A2511,25.0,10.8
4976,12/11/2018,3780920,SKU_0005,2,REF_SKU_0005,LOC_SKU_0005,8,8,"[40.0, 20.4]",A4020,40.0,20.4
4977,12/11/2018,3780651,SKU_0003,2,REF_SKU_0003,LOC_SKU_0003,7,11,"[35.0, 25.3]",A3525,35.0,25.3
4978,12/11/2018,3780622,SKU_0008,1,REF_SKU_0008,LOC_SKU_0008,8,21,"[40.0, 42.5]",A4042,40.0,42.5
4979,12/11/2018,3780994,SKU_0005,2,REF_SKU_0005,LOC_SKU_0005,8,8,"[40.0, 20.4]",A4020,40.0,20.4
4980,12/11/2018,3780695,SKU_0144,4,REF_SKU_0144,LOC_SKU_0144,8,2,"[40.0, 8.6]",A4009,40.0,8.6
4981,12/11/2018,3780540,SKU_0258,2,REF_SKU_0258,LOC_SKU_0258,10,19,"[50.0, 38.5]",A5038,50.0,38.5
4982,12/11/2018,3780709,SKU_0003,3,REF_SKU_0003,LOC_SKU_0003,7,11,"[35.0, 25.3]",A3525,35.0,25.3
4983,12/11/2018,3780191,SKU_0145,3,REF_SKU_0145,LOC_SKU_0145,2,15,"[10.0, 32.9]",A1033,10.0,32.9
4984,12/11/2018,3780315,SKU_0073,3,REF_SKU_0073,LOC_SKU_0073,1,3,"[5.0, 10.8]",A0511,5.0,10.8
4985,12/11/2018,3780901,SKU_0261,2,REF_SKU_0261,LOC_SKU_0261,3,15,"[15.0, 31.5]",A1532,15.0,31.5
4986,12/11/2018,3780563,SKU_0002,2,REF_SKU_0002,LOC_SKU_0002,8,15,"[40.0, 32.1]",A4032,40.0,32.1
4987,12/11/2018,3780661,SKU_0016,1,REF_SKU_0016,LOC_SKU_0016,3,22,"[15.0, 43.8]",A1544,15.0,43.8
4988,12/11/2018,3780780,SKU_0002,5,REF_SKU_0002,LOC_SKU_0002,8,15,"[40.0, 32.1]",A4032,40.0,32.1
4989,12/11/2018,3780562,SKU_0103,1,REF_SKU_0103,LOC_SKU_0103,10,6,"[50.0, 17.0]",A5017,50.0,17.0
4990,12/11/2018,3780900,SKU_0001,4,REF_SKU_0001,LOC_SKU_0001,7,20,"[35.0, 40.9]",A3541,35.0,40.9
4991,12/11/2018,3780758,SKU_0015,3,REF_SKU_0015,LOC_SKU_0015,4,15,"[20.0, 31.9]",A2032,20.0,31.9
4992,12/11/2018,3780113,SKU_0004,2,REF_SKU_0004,LOC_SKU_0004,7,1,"[35.0, 8.1]",A3508,35.0,8.1
4993,12/11/2018,3780170,SKU_0003,5,REF_SKU_0003,LOC_SKU_0003,7,11,"[35.0, 25.3]",A3525,35.0,25.3
4994,12/11/2018,3780468,SKU_0026,5,REF_SKU_0026,LOC_SKU_0026,8,19,"[40.0, 39.1]",A4039,40.0,39.1
4995,12/11/2018,3780678,SKU_0130,2,REF_SKU_0130,LOC_SKU_0130,2,9,"[10.0, 21.1]",A1021,10.0,21.1
4996,12/11/2018,3780921,SKU_0020,1,REF_SKU_0020,LOC_SKU_0020,2,10,"[10.0, 22.7]",A1023,10.0,22.7
4997,12/11/2018,3780014,SKU_0132,5,REF_SKU_0132,LOC_SKU_0132,1,5,"[5.0, 14.2]",A0514,5.0,14.2
4998,12/11/2018,3780715,SKU_0002,1,REF_SKU_0002,LOC_SKU_0002,8,15,"[40.0, 32.1]",A4032,40.0,32.1
4999,12/11/2018,3780288,SKU_0011,2,REF_SKU_0011,LOC_SKU_0011,10,13,"[50.0, 28.9]",A5029,50.0,28.9
5000,12/11/2018,3780907,SKU_0007,1,REF_SKU_0007,LOC_SKU_0007,6,1,"[30.0, 8.0]",A3008,30.0,8.0
5001,12/11/2018,3780189,SKU_0001,3,REF_SKU_0001,LOC_SKU_0001,7,20,"[35.0, 40.9]",A3541,35.0,40.9
5002,12/11/2018,3780914,SKU_0014,2,REF_SKU_0014,LOC_SKU_0014,3,10,"[15.0, 22.5]",A1522,15.0,22.5
5003,12/11/2018,3780155,SKU_0029,2,REF_SKU_0029,LOC_SKU_0029,2,19,"[10.0, 40.0]",A1040,10.0,40.0
5004,12/11/2018,3780567,SKU_0018,5,REF_SKU_0018,LOC_SKU_0018,7,0,"[35.0, 6.1]",A3506,35.0,6.1
5005,12/11/2018,3780694,SKU_0051,5,REF_SKU_0051,LOC_SKU_0051,5,24,"[25.0, 48.7]",A2549,25.0,48.7
5006,12/11/2018,3780722,SKU_0015,5,REF_SKU_0015,LOC_SKU_0015,4,15,"[20.0, 31.9]",A2032,20.0,31.9
5007,12/11/2018,3780888,SKU_0001,3,REF_SKU_0001,LOC_SKU_0001,7,20,"[35.0, 40.9]",A3541,35.0,40.9
5008,12/11/2018,3780471,SKU_0001,3,REF_SKU_0001,LOC_SKU_0001,7,20,"[35.0, 40.9]",A3541,35.0,40.9
5009,12/11/2018,3780075,SKU_0018,4,REF_SKU_0018,LOC_SKU_0018,7,0,"[35.0, 6.1]",A3506,35.0,6.1
5010,12/11/2018,3780277,SKU_0002,2,REF_SKU_0002,LOC_SKU_0002,8,15,"[40.0, 32.1]",A4032,40.0,32.1
5011,12/11/2018,3780940,SKU_0001,5,REF_SKU_0001,LOC_SKU_0001,7,20,"[35.0, 40.9]",A3541,35.0,40.9
5012,12/11/2018,3780645,SKU_0006,2,REF_SKU_0006,LOC_SKU_0006,8,18,"[40.0, 37.0]",A4037,40.0,37.0
5013,12/11/2018,3780343,SKU_0014,1,REF_SKU_0014,LOC_SKU_0014,3,10,"[15.0, 22.5]",A1522,15.0,22.5
5014,12/11/2018,3780425,SKU_0003,3,REF_SKU_0003,LOC_SKU_0003,7,11,"[35.0, 25.3]",A3525,35.0,25.3
5015,12/11/2018,3780571,SKU_0045,4,REF_SKU_0045,LOC_SKU_0045,7,21,"[35.0, 43.3]",A3543,35.0,43.3
5016,12/11/2018,3780511,SKU_0026,1,REF_SKU_0026,LOC_SKU_0026,8,19,"[40.0, 39.1]",A4039,40.0,39.1
5017,12/11/2018,3780857,SKU_0003,2,REF_SKU_0003,LOC_SKU_0003,7,11,"[35.0, 25.3]",A3525,35.0,25.3
5018,12/11/2018,3780182,SKU_0059,3,REF_SKU_0059,LOC_SKU_0059,7,15,"[35.0, 32.4]",A3532,35.0,32.4
5019,12/11/2018,3780458,SKU_0027,5,REF_SKU_0027,LOC_SKU_0027,6,5,"[30.0, 14.8]",A3015,30.0,14.8
5020,12/11/2018,3780918,SKU_0025,1,REF_SKU_0025,LOC_SKU_0025,1,6,"[5.0, 17.0]",A0517,5.0,17.0
5021,12/11/2018,3780851,SKU_0014,3,REF_SKU_0014,LOC_SKU_0014,3,10,"[15.0, 22.5]",A1522,15.0,22.5
5022,12/11/2018,3780833,SKU_0001,2,REF_SKU_0001,LOC_SKU_0001,7,20,"[35.0, 40.9]",A3541,35.0,40.9
5023,12/11/2018,3780064,SKU_0038,2,REF_SKU_0038,LOC_SKU_0038,1,0,"[5.0, 6.2]",A0506,5.0,6.2
5024,12/11/2018,3780839,SKU_0004,1,REF_SKU_0004,LOC_SKU_0004,7,1,"[35.0, 8.1]",A3508,35.0,8.1
5025,12/11/2018,3780260,SKU_0291,1,REF_SKU_0291,LOC_SKU_0291,1,19,"[5.0, 40.1]",A0540,5.0,40.1
5026,12/11/2018,3780193,SKU_0098,1,REF_SKU_0098,LOC_SKU_0098,4,24,"[20.0, 47.4]",A2047,20.0,47.4
5027,12/11/2018,3780655,SKU_0017,4,REF_SKU_0017,LOC_SKU_0017,7,4,"[35.0, 13.1]",A3513,35.0,13.1
5028,12/11/2018,3780616,SKU_0002,5,REF_SKU_0002,LOC_SKU_0002,8,15,"[40.0, 32.1]",A4032,40.0,32.1
5029,12/11/2018,3780972,SKU_0002,3,REF_SKU_0002,LOC_SKU_0002,8,15,"[40.0, 32.1]",A4032,40.0,32.1
5030,12/11/2018,3780406,SKU_0004,2,REF_SKU_0004,LOC_SKU_0004,7,1,"[35.0, 8.1]",A3508,35.0,8.1
5031,12/11/2018,3780726,SKU_0008,2,REF_SKU_0008,LOC_SKU_0008,8,21,"[40.0, 42.5]",A4042,40.0,42.5
5032,12/11/2018,3780754,SKU_0003,5,REF_SKU_0003,LOC_SKU_0003,7,11,"[35.0, 25.3]",A3525,35.0,25.3
5033,12/11/2018,3780943,SKU_0011,1,REF_SKU_0011,LOC_SKU_0011,10,13,"[50.0, 28.9]",A5029,50.0,28.9
5034,12/11/2018,3780721,SKU_0001,1,REF_SKU_0001,LOC_SKU_0001,7,20,"[35.0, 40.9]",A3541,35.0,40.9
5035,12/11/2018,3780093,SKU_0404,2,REF_SKU_0404,LOC_SKU_0404,2,3,"[10.0, 11.0]",A1011,10.0,11.0
5036,12/11/2018,3780430,SKU_0001,5,REF_SKU_0001,LOC_SKU_0001,7,20,"[35.0, 40.9]",A3541,35.0,40.9
5037,12/11/2018,3780654,SKU_0264,2,REF_SKU_0264,LOC_SKU_0264,1,6,"[5.0, 15.5]",A0516,5.0,15.5
5038,12/11/2018,3780434,SKU_0224,1,REF_SKU_0224,LOC_SKU_0224,9,6,"[45.0, 16.1]",A4516,45.0,16.1
5039,12/11/2018,3780404,SKU_0011,3,REF_SKU_0011,LOC_SKU_0011,10,13,"[50.0, 28.9]",A5029,50.0,28.9
5040,12/11/2018,3780434,SKU_0047,1,REF_SKU_0047,LOC_SKU_0047,7,8,"[35.0, 19.3]",A3519,35.0,19.3
5041,12/11/2018,3780112,SKU_0006,3,REF_SKU_0006,LOC_SKU_0006,8,18,"[40.0, 37.0]",A4037,40.0,37.0
5042,12/11/2018,3780929,SKU_0023,4,REF_SKU_0023,LOC_SKU_0023,7,15,"[35.0, 32.6]",A3533,35.0,32.6
5043,12/11/2018,3780375,SKU_0004,5,REF_SKU_0004,LOC_SKU_0004,7,1,"[35.0, 8.1]",A3508,35.0,8.1
5044,12/11/2018,3780059,SKU_0003,4,REF_SKU_0003,LOC_SKU_0003,7,11,"[35.0, 25.3]",A3525,35.0,25.3
5045,12/11/2018,3780043,SKU_0016,1,REF_SKU_0016,LOC_SKU_0016,3,22,"[15.0, 43.8]",A1544,15.0,43.8
5046,12/11/2018,3780207,SKU_0009,5,REF_SKU_0009,LOC_SKU_0009,6,0,"[30.0, 5.5]",A3006,30.0,5.5
5047,12/11/2018,3780780,SKU_0016,1,REF_SKU_0016,LOC_SKU_0016,3,22,"[15.0, 43.8]",A1544,15.0,43.8
5048,12/11/2018,3780296,SKU_0003,5,REF_SKU_0003,LOC_SKU_0003,7,11,"[35.0, 25.3]",A3525,35.0,25.3
5049,12/11/2018,3780118,SKU_0004,5,REF_SKU_0004,LOC_SKU_0004,7,1,"[35.0, 8.1]",A3508,35.0,8.1
5050,12/11/2018,3780532,SKU_0001,1,REF_SKU_0001,LOC_SKU_0001,7,20,"[35.0, 40.9]",A3541,35.0,40.9
5051,12/11/2018,3780222,SKU_0001,1,REF_SKU_0001,LOC_SKU_0001,7,20,"[35.0, 40.9]",A3541,35.0,40.9
5052,12/11/2018,3780166,SKU_0002,5,REF_SKU_0002,LOC_SKU_0002,8,15,"[40.0, 32.1]",A4032,40.0,32.1
5053,12/11/2018,3780643,SKU_0001,5,REF_SKU_0001,LOC_SKU_0001,7,20,"[35.0, 40.9]",A3541,35.0,40.9
5054,12/11/2018,3780156,SKU_0001,1,REF_SKU_0001,LOC_SKU_0001,7,20,"[35.0, 40.9]",A3541,35.0,40.9
5055,12/11/2018,3780184,SKU_0094,1,REF_SKU_0094,LOC_SKU_0094,3,15,"[15.0, 31.8]",A1532,15.0,31.8
5056,12/11/2018,3780090,SKU_0001,2,REF_SKU_0001,LOC_SKU_0001,7,20,"[35.0, 40.9]",A3541,35.0,40.9
5057,12/11/2018,3780094,SKU_0029,2,REF_SKU_0029,LOC_SKU_0029,2,19,"[10.0, 40.0]",A1040,10.0,40.0
5058,12/11/2018,3780013,SKU_0002,2,REF_SKU_0002,LOC_SKU_0002,8,15,"[40.0, 32.1]",A4032,40.0,32.1
5059,12/11/2018,3780973,SKU_0155,4,REF_SKU_0155,LOC_SKU_0155,1,2,"[5.0, 8.7]",A0509,5.0,8.7
5060,12/11/2018,3780834,SKU_0009,5,REF_SKU_0009,LOC_SKU_0009,6,0,"[30.0, 5.5]",A3006,30.0,5.5
5061,12/11/2018,3780805,SKU_0003,3,REF_SKU_0003,LOC_SKU_0003,7,11,"[35.0, 25.3]",A3525,35.0,25.3
5062,12/11/2018,3780945,SKU_0011,4,REF_SKU_0011,LOC_SKU_0011,10,13,"[50.0, 28.9]",A5029,50.0,28.9
5063,12/11/2018,3780742,SKU_0005,5,REF_SKU_0005,LOC_SKU_0005,8,8,"[40.0, 20.4]",A4020,40.0,20.4
5064,12/11/2018,3780834,SKU_0015,3,REF_SKU_0015,LOC_SKU_0015,4,15,"[20.0, 31.9]",A2032,20.0,31.9
5065,12/11/2018,3780804,SKU_0001,2,REF_SKU_0001,LOC_SKU_0001,7,20,"[35.0, 40.9]",A3541,35.0,40.9
5066,12/11/2018,3780438,SKU_0486,3,REF_SKU_0486,LOC_SKU_0486,2,13,"[10.0, 28.8]",A1029,10.0,28.8
5067,12/11/2018,3780538,SKU_0006,1,REF_SKU_0006,LOC_SKU_0006,8,18,"[40.0, 37.0]",A4037,40.0,37.0
5068,12/11/2018,3780587,SKU_0004,1,REF_SKU_0004,LOC_SKU_0004,7,1,"[35.0, 8.1]",A3508,35.0,8.1
5069,12/11/2018,3780968,SKU_0042,5,REF_SKU_0042,LOC_SKU_0042,3,20,"[15.0, 40.7]",A1541,15.0,40.7
5070,12/11/2018,3780876,SKU_0004,4,REF_SKU_0004,LOC_SKU_0004,7,1,"[35.0, 8.1]",A3508,35.0,8.1
5071,12/11/2018,3780936,SKU_0112,2,REF_SKU_0112,LOC_SKU_0112,8,21,"[40.0, 43.4]",A4043,40.0,43.4
5072,12/11/2018,3780811,SKU_0007,5,REF_SKU_0007,LOC_SKU_0007,6,1,"[30.0, 8.0]",A3008,30.0,8.0
5073,12/11/2018,3780150,SKU_0045,2,REF_SKU_0045,LOC_SKU_0045,7,21,"[35.0, 43.3]",A3543,35.0,43.3
5074,12/11/2018,3780660,SKU_0001,1,REF_SKU_0001,LOC_SKU_0001,7,20,"[35.0, 40.9]",A3541,35.0,40.9
5075,12/11/2018,3780008,SKU_0124,4,REF_SKU_0124,LOC_SKU_0124,7,18,"[35.0, 37.6]",A3538,35.0,37.6
5076,12/11/2018,3780029,SKU_0051,4,REF_SKU_0051,LOC_SKU_0051,5,24,"[25.0, 48.7]",A2549,25.0,48.7
5077,12/11/2018,3780296,SKU_0002,1,REF_SKU_0002,LOC_SKU_0002,8,15,"[40.0, 32.1]",A4032,40.0,32.1
5078,12/11/2018,3780986,SKU_0001,3,REF_SKU_0001,LOC_SKU_0001,7,20,"[35.0, 40.9]",A3541,35.0,40.9
5079,12/11/2018,3780926,SKU_0003,4,REF_SKU_0003,LOC_SKU_0003,7,11,"[35.0, 25.3]",A3525,35.0,25.3
5080,12/11/2018,3780721,SKU_0398,3,REF_SKU_0398,LOC_SKU_0398,2,2,"[10.0, 9.4]",A1009,10.0,9.4
5081,12/11/2018,3780640,SKU_0002,2,REF_SKU_0002,LOC_SKU_0002,8,15,"[40.0, 32.1]",A4032,40.0,32.1
5082,12/11/2018,3780340,SKU_0007,4,REF_SKU_0007,LOC_SKU_0007,6,1,"[30.0, 8.0]",A3008,30.0,8.0
5083,12/11/2018,3780628,SKU_0001,1,REF_SKU_0001,LOC_SKU_0001,7,20,"[35.0, 40.9]",A3541,35.0,40.9
5084,12/11/2018,3780439,SKU_0005,3,REF_SKU_0005,LOC_SKU_0005,8,8,"[40.0, 20.4]",A4020,40.0,20.4
5085,12/11/2018,3780144,SKU_0015,2,REF_SKU_0015,LOC_SKU_0015,4,15,"[20.0, 31.9]",A2032,20.0,31.9
5086,12/11/2018,3780942,SKU_0321,2,REF_SKU_0321,LOC_SKU_0321,3,23,"[15.0, 45.7]",A1546,15.0,45.7
5087,12/11/2018,3780830,SKU_0011,4,REF_SKU_0011,LOC_SKU_0011,10,13,"[50.0, 28.9]",A5029,50.0,28.9
5088,12/11/2018,3780747,SKU_0099,4,REF_SKU_0099,LOC_SKU_0099,8,10,"[40.0, 22.7]",A4023,40.0,22.7
5089,12/11/2018,3780519,SKU_0013,5,REF_SKU_0013,LOC_SKU_0013,10,1,"[50.0, 7.6]",A5008,50.0,7.6
5090,12/11/2018,3780976,SKU_0001,5,REF_SKU_0001,LOC_SKU_0001,7,20,"[35.0, 40.9]",A3541,35.0,40.9
5091,12/11/2018,3780045,SKU_0003,4,REF_SKU_0003,LOC_SKU_0003,7,11,"[35.0, 25.3]",A3525,35.0,25.3
5092,12/11/2018,3780955,SKU_0016,5,REF_SKU_0016,LOC_SKU_0016,3,22,"[15.0, 43.8]",A1544,15.0,43.8
5093,12/11/2018,3780239,SKU_0313,1,REF_SKU_0313,LOC_SKU_0313,2,21,"[10.0, 43.4]",A1043,10.0,43.4
5094,12/11/2018,3780952,SKU_0139,1,REF_SKU_0139,LOC_SKU_0139,4,7,"[20.0, 18.6]",A2019,20.0,18.6
5095,12/11/2018,3780944,SKU_0002,5,REF_SKU_0002,LOC_SKU_0002,8,15,"[40.0, 32.1]",A4032,40.0,32.1
5096,12/11/2018,3780155,SKU_0002,4,REF_SKU_0002,LOC_SKU_0002,8,15,"[40.0, 32.1]",A4032,40.0,32.1
5097,12/11/2018,3780181,SKU_0002,1,REF_SKU_0002,LOC_SKU_0002,8,15,"[40.0, 32.1]",A4032,40.0,32.1
5098,12/11/2018,3780215,SKU_0242,2,REF_SKU_0242,LOC_SKU_0242,1,3,"[5.0, 10.0]",A0510,5.0,10.0
5099,12/11/2018,3780088,SKU_0131,4,REF_SKU_0131,LOC_SKU_0131,1,14,"[5.0, 31.2]",A0531,5.0,31.2
5100,12/11/2018,3780256,SKU_0069,3,REF_SKU_0069,LOC_SKU_0069,9,20,"[45.0, 41.9]",A4542,45.0,41.9
5101,12/11/2018,3780511,SKU_0005,3,REF_SKU_0005,LOC_SKU_0005,8,8,"[40.0, 20.4]",A4020,40.0,20.4
5102,12/11/2018,3780073,SKU_0010,4,REF_SKU_0010,LOC_SKU_0010,5,15,"[25.0, 33.0]",A2533,25.0,33.0
5103,12/11/2018,3780931,SKU_0008,5,REF_SKU_0008,LOC_SKU_0008,8,21,"[40.0, 42.5]",A4042,40.0,42.5
5104,12/11/2018,3780179,SKU_0002,1,REF_SKU_0002,LOC_SKU_0002,8,15,"[40.0, 32.1]",A4032,40.0,32.1
5105,12/11/2018,3780212,SKU_0010,1,REF_SKU_0010,LOC_SKU_0010,5,15,"[25.0, 33.0]",A2533,25.0,33.0
5106,12/11/2018,3780805,SKU_0001,4,REF_SKU_0001,LOC_SKU_0001,7,20,"[35.0, 40.9]",A3541,35.0,40.9
5107,12/11/2018,3780234,SKU_0001,2,REF_SKU_0001,LOC_SKU_0001,7,20,"[35.0, 40.9]",A3541,35.0,40.9
5108,12/11/2018,3780465,SKU_0176,5,REF_SKU_0176,LOC_SKU_0176,7,11,"[35.0, 24.6]",A3525,35.0,24.6
5109,12/11/2018,3780751,SKU_0058,2,REF_SKU_0058,LOC_SKU_0058,4,23,"[20.0, 45.9]",A2046,20.0,45.9
5110,12/11/2018,3780223,SKU_0006,4,REF_SKU_0006,LOC_SKU_0006,8,18,"[40.0, 37.0]",A4037,40.0,37.0
5111,12/11/2018,3780631,SKU_0011,4,REF_SKU_0011,LOC_SKU_0011,10,13,"[50.0, 28.9]",A5029,50.0,28.9
5112,12/11/2018,3780825,SKU_0004,2,REF_SKU_0004,LOC_SKU_0004,7,1,"[35.0, 8.1]",A3508,35.0,8.1
5113,12/11/2018,3780264,SKU_0053,3,REF_SKU_0053,LOC_SKU_0053,10,6,"[50.0, 16.0]",A5016,50.0,16.0
5114,12/11/2018,3780207,SKU_0075,4,REF_SKU_0075,LOC_SKU_0075,6,5,"[30.0, 15.2]",A3015,30.0,15.2
5115,12/11/2018,3780607,SKU_0063,5,REF_SKU_0063,LOC_SKU_0063,10,20,"[50.0, 41.5]",A5042,50.0,41.5
5116,12/11/2018,3780885,SKU_0046,2,REF_SKU_0046,LOC_SKU_0046,2,2,"[10.0, 9.7]",A1010,10.0,9.7
5117,12/11/2018,3780734,SKU_0002,3,REF_SKU_0002,LOC_SKU_0002,8,15,"[40.0, 32.1]",A4032,40.0,32.1
5118,12/11/2018,3780366,SKU_0003,2,REF_SKU_0003,LOC_SKU_0003,7,11,"[35.0, 25.3]",A3525,35.0,25.3
5119,12/11/2018,3780276,SKU_0008,3,REF_SKU_0008,LOC_SKU_0008,8,21,"[40.0, 42.5]",A4042,40.0,42.5
5120,12/11/2018,3780380,SKU_0003,3,REF_SKU_0003,LOC_SKU_0003,7,11,"[35.0, 25.3]",A3525,35.0,25.3
5121,12/11/2018,3780743,SKU_0059,5,REF_SKU_0059,LOC_SKU_0059,7,15,"[35.0, 32.4]",A3532,35.0,32.4
5122,12/11/2018,3780309,SKU_0003,4,REF_SKU_0003,LOC_SKU_0003,7,11,"[35.0, 25.3]",A3525,35.0,25.3
5123,12/11/2018,3780631,SKU_0001,3,REF_SKU_0001,LOC_SKU_0001,7,20,"[35.0, 40.9]",A3541,35.0,40.9
5124,12/11/2018,3780268,SKU_0005,4,REF_SKU_0005,LOC_SKU_0005,8,8,"[40.0, 20.4]",A4020,40.0,20.4
5125,12/11/2018,3780945,SKU_0413,5,REF_SKU_0413,LOC_SKU_0413,10,23,"[50.0, 45.9]",A5046,50.0,45.9
5126,12/11/2018,3780785,SKU_0002,4,REF_SKU_0002,LOC_SKU_0002,8,15,"[40.0, 32.1]",A4032,40.0,32.1
5127,12/11/2018,3780064,SKU_0020,1,REF_SKU_0020,LOC_SKU_0020,2,10,"[10.0, 22.7]",A1023,10.0,22.7
5128,12/11/2018,3780810,SKU_0006,3,REF_SKU_0006,LOC_SKU_0006,8,18,"[40.0, 37.0]",A4037,40.0,37.0
5129,12/11/2018,3780350,SKU_0001,5,REF_SKU_0001,LOC_SKU_0001,7,20,"[35.0, 40.9]",A3541,35.0,40.9
5130,12/11/2018,3780925,SKU_0009,2,REF_SKU_0009,LOC_SKU_0009,6,0,"[30.0, 5.5]",A3006,30.0,5.5
5131,12/11/2018,3780915,SKU_0039,5,REF_SKU_0039,LOC_SKU_0039,9,19,"[45.0, 39.9]",A4540,45.0,39.9
5132,12/11/2018,3780494,SKU_0010,3,REF_SKU_0010,LOC_SKU_0010,5,15,"[25.0, 33.0]",A2533,25.0,33.0
5133,12/11/2018,3780523,SKU_0155,5,REF_SKU_0155,LOC_SKU_0155,1,2,"[5.0, 8.7]",A0509,5.0,8.7
5134,12/11/2018,3780098,SKU_0003,2,REF_SKU_0003,LOC_SKU_0003,7,11,"[35.0, 25.3]",A3525,35.0,25.3
5135,12/11/2018,3780946,SKU_0001,1,REF_SKU_0001,LOC_SKU_0001,7,20,"[35.0, 40.9]",A3541,35.0,40.9
5136,12/11/2018,3780071,SKU_0275,3,REF_SKU_0275,LOC_SKU_0275,10,24,"[50.0, 47.8]",A5048,50.0,47.8
5137,12/11/2018,3780364,SKU_0004,3,REF_SKU_0004,LOC_SKU_0004,7,1,"[35.0, 8.1]",A3508,35.0,8.1
5138,12/11/2018,3780570,SKU_0016,5,REF_SKU_0016,LOC_SKU_0016,3,22,"[15.0, 43.8]",A1544,15.0,43.8
5139,12/11/2018,3780802,SKU_0080,4,REF_SKU_0080,LOC_SKU_0080,1,4,"[5.0, 12.1]",A0512,5.0,12.1
5140,12/11/2018,3780763,SKU_0003,4,REF_SKU_0003,LOC_SKU_0003,7,11,"[35.0, 25.3]",A3525,35.0,25.3
5141,12/11/2018,3780276,SKU_0044,2,REF_SKU_0044,LOC_SKU_0044,10,3,"[50.0, 10.7]",A5011,50.0,10.7
5142,12/11/2018,3780050,SKU_0001,1,REF_SKU_0001,LOC_SKU_0001,7,20,"[35.0, 40.9]",A3541,35.0,40.9
5143,12/11/2018,3780358,SKU_0003,1,REF_SKU_0003,LOC_SKU_0003,7,11,"[35.0, 25.3]",A3525,35.0,25.3
5144,12/11/2018,3780728,SKU_0001,5,REF_SKU_0001,LOC_SKU_0001,7,20,"[35.0, 40.9]",A3541,35.0,40.9
5145,12/11/2018,3780906,SKU_0093,5,REF_SKU_0093,LOC_SKU_0093,6,17,"[30.0, 36.5]",A3036,30.0,36.5
5146,12/11/2018,3780928,SKU_0002,4,REF_SKU_0002,LOC_SKU_0002,8,15,"[40.0, 32.1]",A4032,40.0,32.1
5147,12/11/2018,3780564,SKU_0044,1,REF_SKU_0044,LOC_SKU_0044,10,3,"[50.0, 10.7]",A5011,50.0,10.7
5148,12/11/2018,3780783,SKU_0293,1,REF_SKU_0293,LOC_SKU_0293,1,9,"[5.0, 22.3]",A0522,5.0,22.3
5149,12/11/2018,3780485,SKU_0011,1,REF_SKU_0011,LOC_SKU_0011,10,13,"[50.0, 28.9]",A5029,50.0,28.9
5150,12/11/2018,3780084,SKU_0012,2,REF_SKU_0012,LOC_SKU_0012,9,7,"[45.0, 18.5]",A4518,45.0,18.5
5151,12/11/2018,3780899,SKU_0007,2,REF_SKU_0007,LOC_SKU_0007,6,1,"[30.0, 8.0]",A3008,30.0,8.0
5152,12/11/2018,3780805,SKU_0003,5,REF_SKU_0003,LOC_SKU_0003,7,11,"[35.0, 25.3]",A3525,35.0,25.3
5153,12/11/2018,3780638,SKU_0008,4,REF_SKU_0008,LOC_SKU_0008,8,21,"[40.0, 42.5]",A4042,40.0,42.5
5154,12/11/2018,3780808,SKU_0019,3,REF_SKU_0019,LOC_SKU_0019,9,24,"[45.0, 48.5]",A4548,45.0,48.5
5155,12/11/2018,3780584,SKU_0437,4,REF_SKU_0437,LOC_SKU_0437,8,4,"[40.0, 12.2]",A4012,40.0,12.2
5156,12/11/2018,3780296,SKU_0278,2,REF_SKU_0278,LOC_SKU_0278,8,4,"[40.0, 13.1]",A4013,40.0,13.1
5157,12/11/2018,3780236,SKU_0143,2,REF_SKU_0143,LOC_SKU_0143,6,17,"[30.0, 36.5]",A3036,30.0,36.5
5158,12/11/2018,3780056,SKU_0180,5,REF_SKU_0180,LOC_SKU_0180,6,18,"[30.0, 37.3]",A3037,30.0,37.3
5159,12/11/2018,3780919,SKU_0008,3,REF_SKU_0008,LOC_SKU_0008,8,21,"[40.0, 42.5]",A4042,40.0,42.5
5160,12/11/2018,3780360,SKU_0028,1,REF_SKU_0028,LOC_SKU_0028,4,5,"[20.0, 13.7]",A2014,20.0,13.7
5161,12/11/2018,3780907,SKU_0190,3,REF_SKU_0190,LOC_SKU_0190,10,19,"[50.0, 39.5]",A5040,50.0,39.5
5162,12/11/2018,3780110,SKU_0005,3,REF_SKU_0005,LOC_SKU_0005,8,8,"[40.0, 20.4]",A4020,40.0,20.4
5163,12/11/2018,3780192,SKU_0348,3,REF_SKU_0348,LOC_SKU_0348,1,7,"[5.0, 17.8]",A0518,5.0,17.8
5164,12/11/2018,3780904,SKU_0006,5,REF_SKU_0006,LOC_SKU_0006,8,18,"[40.0, 37.0]",A4037,40.0,37.0
5165,12/11/2018,3780093,SKU_0019,2,REF_SKU_0019,LOC_SKU_0019,9,24,"[45.0, 48.5]",A4548,45.0,48.5
5166,12/11/2018,3780862,SKU_0042,1,REF_SKU_0042,LOC_SKU_0042,3,20,"[15.0, 40.7]",A1541,15.0,40.7
5167,12/11/2018,3780568,SKU_0313,3,REF_SKU_0313,LOC_SKU_0313,2,21,"[10.0, 43.4]",A1043,10.0,43.4
5168,12/11/2018,3780060,SKU_0002,1,REF_SKU_0002,LOC_SKU_0002,8,15,"[40.0, 32.1]",A4032,40.0,32.1
5169,12/11/2018,3780650,SKU_0055,3,REF_SKU_0055,LOC_SKU_0055,10,1,"[50.0, 6.6]",A5007,50.0,6.6
5170,12/11/2018,3780039,SKU_0011,2,REF_SKU_0011,LOC_SKU_0011,10,13,"[50.0, 28.9]",A5029,50.0,28.9
5171,12/11/2018,3780540,SKU_0002,1,REF_SKU_0002,LOC_SKU_0002,8,15,"[40.0, 32.1]",A4032,40.0,32.1
5172,12/11/2018,3780049,SKU_0070,4,REF_SKU_0070,LOC_SKU_0070,9,8,"[45.0, 19.1]",A4519,45.0,19.1
5173,12/11/2018,3780420,SKU_0014,2,REF_SKU_0014,LOC_SKU_0014,3,10,"[15.0, 22.5]",A1522,15.0,22.5
5174,12/11/2018,3780637,SKU_0029,1,REF_SKU_0029,LOC_SKU_0029,2,19,"[10.0, 40.0]",A1040,10.0,40.0
5175,12/11/2018,3780013,SKU_0003,3,REF_SKU_0003,LOC_SKU_0003,7,11,"[35.0, 25.3]",A3525,35.0,25.3
5176,12/11/2018,3780992,SKU_0008,3,REF_SKU_0008,LOC_SKU_0008,8,21,"[40.0, 42.5]",A4042,40.0,42.5
5177,12/11/2018,3780036,SKU_0021,2,REF_SKU_0021,LOC_SKU_0021,10,2,"[50.0, 9.8]",A5010,50.0,9.8
5178,12/11/2018,3780101,SKU_0005,2,REF_SKU_0005,LOC_SKU_0005,8,8,"[40.0, 20.4]",A4020,40.0,20.4
5179,12/11/2018,3780794,SKU_0002,3,REF_SKU_0002,LOC_SKU_0002,8,15,"[40.0, 32.1]",A4032,40.0,32.1
5180,12/11/2018,3780086,SKU_0347,1,REF_SKU_0347,LOC_SKU_0347,8,22,"[40.0, 44.4]",A4044,40.0,44.4
5181,12/11/2018,3780516,SKU_0010,4,REF_SKU_0010,LOC_SKU_0010,5,15,"[25.0, 33.0]",A2533,25.0,33.0
5182,12/11/2018,3780223,SKU_0050,5,REF_SKU_0050,LOC_SKU_0050,3,12,"[15.0, 26.5]",A1526,15.0,26.5
5183,12/11/2018,3780338,SKU_0005,2,REF_SKU_0005,LOC_SKU_0005,8,8,"[40.0, 20.4]",A4020,40.0,20.4
5184,12/11/2018,3780960,SKU_0004,3,REF_SKU_0004,LOC_SKU_0004,7,1,"[35.0, 8.1]",A3508,35.0,8.1
5185,12/11/2018,3780166,SKU_0005,1,REF_SKU_0005,LOC_SKU_0005,8,8,"[40.0, 20.4]",A4020,40.0,20.4
5186,12/11/2018,3780383,SKU_0005,2,REF_SKU_0005,LOC_SKU_0005,8,8,"[40.0, 20.4]",A4020,40.0,20.4
5187,12/11/2018,3780856,SKU_0013,1,REF_SKU_0013,LOC_SKU_0013,10,1,"[50.0, 7.6]",A5008,50.0,7.6
5188,12/11/2018,3780895,SKU_0013,2,REF_SKU_0013,LOC_SKU_0013,10,1,"[50.0, 7.6]",A5008,50.0,7.6
5189,12/11/2018,3780376,SKU_0009,3,REF_SKU_0009,LOC_SKU_0009,6,0,"[30.0, 5.5]",A3006,30.0,5.5
5190,12/11/2018,3780471,SKU_0001,1,REF_SKU_0001,LOC_SKU_0001,7,20,"[35.0, 40.9]",A3541,35.0,40.9
5191,12/11/2018,3780790,SKU_0009,3,REF_SKU_0009,LOC_SKU_0009,6,0,"[30.0, 5.5]",A3006,30.0,5.5
5192,12/11/2018,3780642,SKU_0001,1,REF_SKU_0001,LOC_SKU_0001,7,20,"[35.0, 40.9]",A3541,35.0,40.9
5193,12/11/2018,3780031,SKU_0001,2,REF_SKU_0001,LOC_SKU_0001,7,20,"[35.0, 40.9]",A3541,35.0,40.9
5194,12/11/2018,3780375,SKU_0266,5,REF_SKU_0266,LOC_SKU_0266,5,1,"[25.0, 7.4]",A2507,25.0,7.4
5195,12/11/2018,3780011,SKU_0019,5,REF_SKU_0019,LOC_SKU_0019,9,24,"[45.0, 48.5]",A4548,45.0,48.5
5196,12/11/2018,3780988,SKU_0029,4,REF_SKU_0029,LOC_SKU_0029,2,19,"[10.0, 40.0]",A1040,10.0,40.0
5197,12/11/2018,3780302,SKU_0005,4,REF_SKU_0005,LOC_SKU_0005,8,8,"[40.0, 20.4]",A4020,40.0,20.4
5198,12/11/2018,3780096,SKU_0215,3,REF_SKU_0215,LOC_SKU_0215,5,24,"[25.0, 48.6]",A2549,25.0,48.6
5199,12/11/2018,3780190,SKU_0025,1,REF_SKU_0025,LOC_SKU_0025,1,6,"[5.0, 17.0]",A0517,5.0,17.0
5200,12/11/2018,3780453,SKU_0066,4,REF_SKU_0066,LOC_SKU_0066,10,3,"[50.0, 10.9]",A5011,50.0,10.9
5201,12/11/2018,3780192,SKU_0004,2,REF_SKU_0004,LOC_SKU_0004,7,1,"[35.0, 8.1]",A3508,35.0,8.1
5202,12/11/2018,3780486,SKU_0342,5,REF_SKU_0342,LOC_SKU_0342,5,12,"[25.0, 26.0]",A2526,25.0,26.0
5203,12/11/2018,3780266,SKU_0100,1,REF_SKU_0100,LOC_SKU_0100,2,21,"[10.0, 42.8]",A1043,10.0,42.8
5204,12/11/2018,3780424,SKU_0133,5,REF_SKU_0133,LOC_SKU_0133,3,14,"[15.0, 31.0]",A1531,15.0,31.0
5205,12/11/2018,3780128,SKU_0001,1,REF_SKU_0001,LOC_SKU_0001,7,20,"[35.0, 40.9]",A3541,35.0,40.9
5206,12/11/2018,3780238,SKU_0002,4,REF_SKU_0002,LOC_SKU_0002,8,15,"[40.0, 32.1]",A4032,40.0,32.1
5207,12/11/2018,3780920,SKU_0003,4,REF_SKU_0003,LOC_SKU_0003,7,11,"[35.0, 25.3]",A3525,35.0,25.3
5208,12/11/2018,3780355,SKU_0002,3,REF_SKU_0002,LOC_SKU_0002,8,15,"[40.0, 32.1]",A4032,40.0,32.1
5209,12/11/2018,3780940,SKU_0135,1,REF_SKU_0135,LOC_SKU_0135,5,22,"[25.0, 44.8]",A2545,25.0,44.8
5210,12/11/2018,3780112,SKU_0001,2,REF_SKU_0001,LOC_SKU_0001,7,20,"[35.0, 40.9]",A3541,35.0,40.9
5211,12/11/2018,3780828,SKU_0001,4,REF_SKU_0001,LOC_SKU_0001,7,20,"[35.0, 40.9]",A3541,35.0,40.9
5212,12/11/2018,3780446,SKU_0002,3,REF_SKU_0002,LOC_SKU_0002,8,15,"[40.0, 32.1]",A4032,40.0,32.1
5213,12/11/2018,3780343,SKU_0002,4,REF_SKU_0002,LOC_SKU_0002,8,15,"[40.0, 32.1]",A4032,40.0,32.1
5214,12/11/2018,3780145,SKU_0002,5,REF_SKU_0002,LOC_SKU_0002,8,15,"[40.0, 32.1]",A4032,40.0,32.1
5215,12/11/2018,3780065,SKU_0083,4,REF_SKU_0083,LOC_SKU_0083,6,1,"[30.0, 7.0]",A3007,30.0,7.0
5216,12/11/2018,3780247,SKU_0015,1,REF_SKU_0015,LOC_SKU_0015,4,15,"[20.0, 31.9]",A2032,20.0,31.9
5217,12/11/2018,3780735,SKU_0001,3,REF_SKU_0001,LOC_SKU_0001,7,20,"[35.0, 40.9]",A3541,35.0,40.9
5218,12/11/2018,3780991,SKU_0006,1,REF_SKU_0006,LOC_SKU_0006,8,18,"[40.0, 37.0]",A4037,40.0,37.0
5219,12/11/2018,3780490,SKU_0005,2,REF_SKU_0005,LOC_SKU_0005,8,8,"[40.0, 20.4]",A4020,40.0,20.4
5220,12/11/2018,3780825,SKU_0001,2,REF_SKU_0001,LOC_SKU_0001,7,20,"[35.0, 40.9]",A3541,35.0,40.9
5221,12/11/2018,3780439,SKU_0033,4,REF_SKU_0033,LOC_SKU_0033,9,24,"[45.0, 48.3]",A4548,45.0,48.3
5222,12/11/2018,3780106,SKU_0039,3,REF_SKU_0039,LOC_SKU_0039,9,19,"[45.0, 39.9]",A4540,45.0,39.9
5223,12/11/2018,3780181,SKU_0046,3,REF_SKU_0046,LOC_SKU_0046,2,2,"[10.0, 9.7]",A1010,10.0,9.7
5224,12/11/2018,3780184,SKU_0048,3,REF_SKU_0048,LOC_SKU_0048,8,17,"[40.0, 35.1]",A4035,40.0,35.1
5225,12/11/2018,3780226,SKU_0001,3,REF_SKU_0001,LOC_SKU_0001,7,20,"[35.0, 40.9]",A3541,35.0,40.9
5226,12/11/2018,3780777,SKU_0323,4,REF_SKU_0323,LOC_SKU_0323,1,20,"[5.0, 40.4]",A0540,5.0,40.4
5227,12/11/2018,3780790,SKU_0095,1,REF_SKU_0095,LOC_SKU_0095,4,0,"[20.0, 6.2]",A2006,20.0,6.2
5228,12/11/2018,3780909,SKU_0205,4,REF_SKU_0205,LOC_SKU_0205,3,21,"[15.0, 42.0]",A1542,15.0,42.0
5229,12/11/2018,3780089,SKU_0001,1,REF_SKU_0001,LOC_SKU_0001,7,20,"[35.0, 40.9]",A3541,35.0,40.9
5230,12/11/2018,3780688,SKU_0269,5,REF_SKU_0269,LOC_SKU_0269,3,24,"[15.0, 48.6]",A1549,15.0,48.6
5231,12/11/2018,3780530,SKU_0092,5,REF_SKU_0092,LOC_SKU_0092,1,4,"[5.0, 12.2]",A0512,5.0,12.2
5232,12/11/2018,3780371,SKU_0115,1,REF_SKU_0115,LOC_SKU_0115,3,9,"[15.0, 22.1]",A1522,15.0,22.1
5233,12/11/2018,3780972,SKU_0001,4,REF_SKU_0001,LOC_SKU_0001,7,20,"[35.0, 40.9]",A3541,35.0,40.9
5234,12/11/2018,3780936,SKU_0052,2,REF_SKU_0052,LOC_SKU_0052,3,19,"[15.0, 39.4]",A1539,15.0,39.4
5235,12/11/2018,3780913,SKU_0342,4,REF_SKU_0342,LOC_SKU_0342,5,12,"[25.0, 26.0]",A2526,25.0,26.0
5236,12/11/2018,3780399,SKU_0033,2,REF_SKU_0033,LOC_SKU_0033,9,24,"[45.0, 48.3]",A4548,45.0,48.3
5237,12/11/2018,3780106,SKU_0015,4,REF_SKU_0015,LOC_SKU_0015,4,15,"[20.0, 31.9]",A2032,20.0,31.9
5238,12/11/2018,3780271,SKU_0299,3,REF_SKU_0299,LOC_SKU_0299,7,22,"[35.0, 44.0]",A3544,35.0,44.0
5239,12/11/2018,3780975,SKU_0007,3,REF_SKU_0007,LOC_SKU_0007,6,1,"[30.0, 8.0]",A3008,30.0,8.0
5240,12/11/2018,3780831,SKU_0019,5,REF_SKU_0019,LOC_SKU_0019,9,24,"[45.0, 48.5]",A4548,45.0,48.5
5241,12/11/2018,3780503,SKU_0008,5,REF_SKU_0008,LOC_SKU_0008,8,21,"[40.0, 42.5]",A4042,40.0,42.5
5242,12/11/2018,3780679,SKU_0266,1,REF_SKU_0266,LOC_SKU_0266,5,1,"[25.0, 7.4]",A2507,25.0,7.4
5243,12/11/2018,3780525,SKU_0001,2,REF_SKU_0001,LOC_SKU_0001,7,20,"[35.0, 40.9]",A3541,35.0,40.9
5244,12/11/2018,3780849,SKU_0010,3,REF_SKU_0010,LOC_SKU_0010,5,15,"[25.0, 33.0]",A2533,25.0,33.0
5245,12/11/2018,3780032,SKU_0035,4,REF_SKU_0035,LOC_SKU_0035,2,13,"[10.0, 29.5]",A1030,10.0,29.5
5246,12/11/2018,3780393,SKU_0080,1,REF_SKU_0080,LOC_SKU_0080,1,4,"[5.0, 12.1]",A0512,5.0,12.1
5247,12/11/2018,3780040,SKU_0017,4,REF_SKU_0017,LOC_SKU_0017,7,4,"[35.0, 13.1]",A3513,35.0,13.1
5248,12/11/2018,3780660,SKU_0215,3,REF_SKU_0215,LOC_SKU_0215,5,24,"[25.0, 48.6]",A2549,25.0,48.6
5249,12/11/2018,3780218,SKU_0289,3,REF_SKU_0289,LOC_SKU_0289,2,14,"[10.0, 30.0]",A1030,10.0,30.0
5250,12/11/2018,3780731,SKU_0001,3,REF_SKU_0001,LOC_SKU_0001,7,20,"[35.0, 40.9]",A3541,35.0,40.9
5251,12/11/2018,3780981,SKU_0005,3,REF_SKU_0005,LOC_SKU_0005,8,8,"[40.0, 20.4]",A4020,40.0,20.4
5252,12/11/2018,3780082,SKU_0001,4,REF_SKU_0001,LOC_SKU_0001,7,20,"[35.0, 40.9]",A3541,35.0,40.9
5253,12/11/2018,3780845,SKU_0003,1,REF_SKU_0003,LOC_SKU_0003,7,11,"[35.0, 25.3]",A3525,35.0,25.3
5254,12/11/2018,3780720,SKU_0012,3,REF_SKU_0012,LOC_SKU_0012,9,7,"[45.0, 18.5]",A4518,45.0,18.5
5255,12/11/2018,3780201,SKU_0218,5,REF_SKU_0218,LOC_SKU_0218,3,25,"[15.0, 49.6]",A1550,15.0,49.6
5256,12/11/2018,3780447,SKU_0125,1,REF_SKU_0125,LOC_SKU_0125,1,14,"[5.0, 29.6]",A0530,5.0,29.6
5257,12/11/2018,3780844,SKU_0001,5,REF_SKU_0001,LOC_SKU_0001,7,20,"[35.0, 40.9]",A3541,35.0,40.9
5258,12/11/2018,3780428,SKU_0001,4,REF_SKU_0001,LOC_SKU_0001,7,20,"[35.0, 40.9]",A3541,35.0,40.9
5259,12/11/2018,3780038,SKU_0017,3,REF_SKU_0017,LOC_SKU_0017,7,4,"[35.0, 13.1]",A3513,35.0,13.1
5260,12/11/2018,3780211,SKU_0012,1,REF_SKU_0012,LOC_SKU_0012,9,7,"[45.0, 18.5]",A4518,45.0,18.5
5261,12/11/2018,3780444,SKU_0002,3,REF_SKU_0002,LOC_SKU_0002,8,15,"[40.0, 32.1]",A4032,40.0,32.1
5262,12/11/2018,3780327,SKU_0197,3,REF_SKU_0197,LOC_SKU_0197,10,13,"[50.0, 27.8]",A5028,50.0,27.8
5263,12/11/2018,3780761,SKU_0253,1,REF_SKU_0253,LOC_SKU_0253,3,19,"[15.0, 40.1]",A1540,15.0,40.1
5264,12/11/2018,3780227,SKU_0005,3,REF_SKU_0005,LOC_SKU_0005,8,8,"[40.0, 20.4]",A4020,40.0,20.4
5265,12/11/2018,3780048,SKU_0182,3,REF_SKU_0182,LOC_SKU_0182,1,24,"[5.0, 48.0]",A0548,5.0,48.0
5266,12/11/2018,3780018,SKU_0005,2,REF_SKU_0005,LOC_SKU_0005,8,8,"[40.0, 20.4]",A4020,40.0,20.4
5267,12/11/2018,3780912,SKU_0051,2,REF_SKU_0051,LOC_SKU_0051,5,24,"[25.0, 48.7]",A2549,25.0,48.7
5268,12/11/2018,3780439,SKU_0008,1,REF_SKU_0008,LOC_SKU_0008,8,21,"[40.0, 42.5]",A4042,40.0,42.5
5269,12/11/2018,3780807,SKU_0001,1,REF_SKU_0001,LOC_SKU_0001,7,20,"[35.0, 40.9]",A3541,35.0,40.9
5270,12/11/2018,3780708,SKU_0255,3,REF_SKU_0255,LOC_SKU_0255,10,23,"[50.0, 45.8]",A5046,50.0,45.8
5271,12/11/2018,3780187,SKU_0007,5,REF_SKU_0007,LOC_SKU_0007,6,1,"[30.0, 8.0]",A3008,30.0,8.0
5272,12/11/2018,3780345,SKU_0051,1,REF_SKU_0051,LOC_SKU_0051,5,24,"[25.0, 48.7]",A2549,25.0,48.7
5273,12/11/2018,3780224,SKU_0004,3,REF_SKU_0004,LOC_SKU_0004,7,1,"[35.0, 8.1]",A3508,35.0,8.1
5274,12/11/2018,3780830,SKU_0001,5,REF_SKU_0001,LOC_SKU_0001,7,20,"[35.0, 40.9]",A3541,35.0,40.9
5275,12/11/2018,3780488,SKU_0001,2,REF_SKU_0001,LOC_SKU_0001,7,20,"[35.0, 40.9]",A3541,35.0,40.9
5276,12/11/2018,3780909,SKU_0009,1,REF_SKU_0009,LOC_SKU_0009,6,0,"[30.0, 5.5]",A3006,30.0,5.5
5277,12/11/2018,3780877,SKU_0036,3,REF_SKU_0036,LOC_SKU_0036,8,9,"[40.0, 21.4]",A4021,40.0,21.4
5278,12/11/2018,3780849,SKU_0003,2,REF_SKU_0003,LOC_SKU_0003,7,11,"[35.0, 25.3]",A3525,35.0,25.3
5279,12/11/2018,3780229,SKU_0038,4,REF_SKU_0038,LOC_SKU_0038,1,0,"[5.0, 6.2]",A0506,5.0,6.2
5280,12/11/2018,3780390,SKU_0038,2,REF_SKU_0038,LOC_SKU_0038,1,0,"[5.0, 6.2]",A0506,5.0,6.2
5281,12/11/2018,3780979,SKU_0040,3,REF_SKU_0040,LOC_SKU_0040,8,0,"[40.0, 5.7]",A4006,40.0,5.7
5282,12/11/2018,3780589,SKU_0009,5,REF_SKU_0009,LOC_SKU_0009,6,0,"[30.0, 5.5]",A3006,30.0,5.5
5283,12/11/2018,3780188,SKU_0226,4,REF_SKU_0226,LOC_SKU_0226,4,21,"[20.0, 42.3]",A2042,20.0,42.3
5284,12/11/2018,3780858,SKU_0009,4,REF_SKU_0009,LOC_SKU_0009,6,0,"[30.0, 5.5]",A3006,30.0,5.5
5285,12/11/2018,3780270,SKU_0007,4,REF_SKU_0007,LOC_SKU_0007,6,1,"[30.0, 8.0]",A3008,30.0,8.0
5286,12/11/2018,3780607,SKU_0002,1,REF_SKU_0002,LOC_SKU_0002,8,15,"[40.0, 32.1]",A4032,40.0,32.1
5287,12/11/2018,3780310,SKU_0003,3,REF_SKU_0003,LOC_SKU_0003,7,11,"[35.0, 25.3]",A3525,35.0,25.3
5288,12/11/2018,3780132,SKU_0001,4,REF_SKU_0001,LOC_SKU_0001,7,20,"[35.0, 40.9]",A3541,35.0,40.9
5289,12/11/2018,3780551,SKU_0024,2,REF_SKU_0024,LOC_SKU_0024,8,1,"[40.0, 7.0]",A4007,40.0,7.0
5290,12/11/2018,3780072,SKU_0002,5,REF_SKU_0002,LOC_SKU_0002,8,15,"[40.0, 32.1]",A4032,40.0,32.1
5291,12/11/2018,3780793,SKU_0003,3,REF_SKU_0003,LOC_SKU_0003,7,11,"[35.0, 25.3]",A3525,35.0,25.3
5292,12/11/2018,3780845,SKU_0067,2,REF_SKU_0067,LOC_SKU_0067,9,8,"[45.0, 19.7]",A4520,45.0,19.7
5293,12/11/2018,3780672,SKU_0003,1,REF_SKU_0003,LOC_SKU_0003,7,11,"[35.0, 25.3]",A3525,35.0,25.3
5294,12/11/2018,3780187,SKU_0002,4,REF_SKU_0002,LOC_SKU_0002,8,15,"[40.0, 32.1]",A4032,40.0,32.1
5295,12/11/2018,3780486,SKU_0001,2,REF_SKU_0001,LOC_SKU_0001,7,20,"[35.0, 40.9]",A3541,35.0,40.9
5296,12/11/2018,3780191,SKU_0069,3,REF_SKU_0069,LOC_SKU_0069,9,20,"[45.0, 41.9]",A4542,45.0,41.9
5297,12/11/2018,3780422,SKU_0001,2,REF_SKU_0001,LOC_SKU_0001,7,20,"[35.0, 40.9]",A3541,35.0,40.9
5298,12/11/2018,3780120,SKU_0007,1,REF_SKU_0007,LOC_SKU_0007,6,1,"[30.0, 8.0]",A3008,30.0,8.0
5299,12/11/2018,3780220,SKU_0010,5,REF_SKU_0010,LOC_SKU_0010,5,15,"[25.0, 33.0]",A2533,25.0,33.0
5300,12/11/2018,3780053,SKU_0035,4,REF_SKU_0035,LOC_SKU_0035,2,13,"[10.0, 29.5]",A1030,10.0,29.5
5301,12/11/2018,3780734,SKU_0024,3,REF_SKU_0024,LOC_SKU_0024,8,1,"[40.0, 7.0]",A4007,40.0,7.0
5302,12/11/2018,3780451,SKU_0093,4,REF_SKU_0093,LOC_SKU_0093,6,17,"[30.0, 36.5]",A3036,30.0,36.5
5303,12/11/2018,3780412,SKU_0001,4,REF_SKU_0001,LOC_SKU_0001,7,20,"[35.0, 40.9]",A3541,35.0,40.9
5304,12/11/2018,3780643,SKU_0003,4,REF_SKU_0003,LOC_SKU_0003,7,11,"[35.0, 25.3]",A3525,35.0,25.3
5305,12/11/2018,3780237,SKU_0002,2,REF_SKU_0002,LOC_SKU_0002,8,15,"[40.0, 32.1]",A4032,40.0,32.1
5306,12/11/2018,3780758,SKU_0001,2,REF_SKU_0001,LOC_SKU_0001,7,20,"[35.0, 40.9]",A3541,35.0,40.9
5307,12/11/2018,3780738,SKU_0003,5,REF_SKU_0003,LOC_SKU_0003,7,11,"[35.0, 25.3]",A3525,35.0,25.3
5308,12/11/2018,3780720,SKU_0003,1,REF_SKU_0003,LOC_SKU_0003,7,11,"[35.0, 25.3]",A3525,35.0,25.3
5309,12/11/2018,3780406,SKU_0011,3,REF_SKU_0011,LOC_SKU_0011,10,13,"[50.0, 28.9]",A5029,50.0,28.9
5310,12/11/2018,3780608,SKU_0030,2,REF_SKU_0030,LOC_SKU_0030,2,10,"[10.0, 23.1]",A1023,10.0,23.1
5311,12/11/2018,3780422,SKU_0005,4,REF_SKU_0005,LOC_SKU_0005,8,8,"[40.0, 20.4]",A4020,40.0,20.4
5312,12/11/2018,3780712,SKU_0045,1,REF_SKU_0045,LOC_SKU_0045,7,21,"[35.0, 43.3]",A3543,35.0,43.3
5313,12/11/2018,3780247,SKU_0003,3,REF_SKU_0003,LOC_SKU_0003,7,11,"[35.0, 25.3]",A3525,35.0,25.3
5314,12/11/2018,3780072,SKU_0003,3,REF_SKU_0003,LOC_SKU_0003,7,11,"[35.0, 25.3]",A3525,35.0,25.3
5315,12/11/2018,3780830,SKU_0013,3,REF_SKU_0013,LOC_SKU_0013,10,1,"[50.0, 7.6]",A5008,50.0,7.6
5316,12/11/2018,3780185,SKU_0001,3,REF_SKU_0001,LOC_SKU_0001,7,20,"[35.0, 40.9]",A3541,35.0,40.9
5317,12/11/2018,3780006,SKU_0001,5,REF_SKU_0001,LOC_SKU_0001,7,20,"[35.0, 40.9]",A3541,35.0,40.9
5318,12/11/2018,3780206,SKU_0006,3,REF_SKU_0006,LOC_SKU_0006,8,18,"[40.0, 37.0]",A4037,40.0,37.0
5319,12/11/2018,3780544,SKU_0292,1,REF_SKU_0292,LOC_SKU_0292,2,25,"[10.0, 49.4]",A1049,10.0,49.4
5320,12/11/2018,3780611,SKU_0046,2,REF_SKU_0046,LOC_SKU_0046,2,2,"[10.0, 9.7]",A1010,10.0,9.7
5321,12/11/2018,3780906,SKU_0001,1,REF_SKU_0001,LOC_SKU_0001,7,20,"[35.0, 40.9]",A3541,35.0,40.9
5322,12/11/2018,3780387,SKU_0125,4,REF_SKU_0125,LOC_SKU_0125,1,14,"[5.0, 29.6]",A0530,5.0,29.6
5323,12/11/2018,3780768,SKU_0050,5,REF_SKU_0050,LOC_SKU_0050,3,12,"[15.0, 26.5]",A1526,15.0,26.5
5324,12/11/2018,3780699,SKU_0020,5,REF_SKU_0020,LOC_SKU_0020,2,10,"[10.0, 22.7]",A1023,10.0,22.7
5325,12/11/2018,3780076,SKU_0100,4,REF_SKU_0100,LOC_SKU_0100,2,21,"[10.0, 42.8]",A1043,10.0,42.8
5326,12/11/2018,3780177,SKU_0005,1,REF_SKU_0005,LOC_SKU_0005,8,8,"[40.0, 20.4]",A4020,40.0,20.4
5327,12/11/2018,3780827,SKU_0002,1,REF_SKU_0002,LOC_SKU_0002,8,15,"[40.0, 32.1]",A4032,40.0,32.1
5328,12/11/2018,3780799,SKU_0010,4,REF_SKU_0010,LOC_SKU_0010,5,15,"[25.0, 33.0]",A2533,25.0,33.0
5329,12/11/2018,3780349,SKU_0013,3,REF_SKU_0013,LOC_SKU_0013,10,1,"[50.0, 7.6]",A5008,50.0,7.6
5330,12/11/2018,3780255,SKU_0012,3,REF_SKU_0012,LOC_SKU_0012,9,7,"[45.0, 18.5]",A4518,45.0,18.5
5331,12/11/2018,3780837,SKU_0015,2,REF_SKU_0015,LOC_SKU_0015,4,15,"[20.0, 31.9]",A2032,20.0,31.9
5332,12/11/2018,3780702,SKU_0308,1,REF_SKU_0308,LOC_SKU_0308,1,19,"[5.0, 39.2]",A0539,5.0,39.2
5333,12/11/2018,3780308,SKU_0202,1,REF_SKU_0202,LOC_SKU_0202,2,14,"[10.0, 31.0]",A1031,10.0,31.0
5334,12/11/2018,3780345,SKU_0160,4,REF_SKU_0160,LOC_SKU_0160,6,15,"[30.0, 31.8]",A3032,30.0,31.8
5335,12/11/2018,3780127,SKU_0086,4,REF_SKU_0086,LOC_SKU_0086,10,25,"[50.0, 49.4]",A5049,50.0,49.4
5336,12/11/2018,3780937,SKU_0293,3,REF_SKU_0293,LOC_SKU_0293,1,9,"[5.0, 22.3]",A0522,5.0,22.3
5337,12/11/2018,3780287,SKU_0001,1,REF_SKU_0001,LOC_SKU_0001,7,20,"[35.0, 40.9]",A3541,35.0,40.9
5338,12/11/2018,3780766,SKU_0002,1,REF_SKU_0002,LOC_SKU_0002,8,15,"[40.0, 32.1]",A4032,40.0,32.1
5339,12/11/2018,3780725,SKU_0009,5,REF_SKU_0009,LOC_SKU_0009,6,0,"[30.0, 5.5]",A3006,30.0,5.5
5340,12/11/2018,3780762,SKU_0125,2,REF_SKU_0125,LOC_SKU_0125,1,14,"[5.0, 29.6]",A0530,5.0,29.6
5341,12/11/2018,3780596,SKU_0010,2,REF_SKU_0010,LOC_SKU_0010,5,15,"[25.0, 33.0]",A2533,25.0,33.0
5342,12/11/2018,3780487,SKU_0056,3,REF_SKU_0056,LOC_SKU_0056,3,1,"[15.0, 6.9]",A1507,15.0,6.9
5343,12/11/2018,3780383,SKU_0001,1,REF_SKU_0001,LOC_SKU_0001,7,20,"[35.0, 40.9]",A3541,35.0,40.9
5344,12/11/2018,3780406,SKU_0002,5,REF_SKU_0002,LOC_SKU_0002,8,15,"[40.0, 32.1]",A4032,40.0,32.1
5345,12/11/2018,3780388,SKU_0049,1,REF_SKU_0049,LOC_SKU_0049,8,7,"[40.0, 17.7]",A4018,40.0,17.7
5346,12/11/2018,3780525,SKU_0001,4,REF_SKU_0001,LOC_SKU_0001,7,20,"[35.0, 40.9]",A3541,35.0,40.9
5347,12/11/2018,3780557,SKU_0004,3,REF_SKU_0004,LOC_SKU_0004,7,1,"[35.0, 8.1]",A3508,35.0,8.1
5348,12/11/2018,3780639,SKU_0002,2,REF_SKU_0002,LOC_SKU_0002,8,15,"[40.0, 32.1]",A4032,40.0,32.1
5349,12/11/2018,3780938,SKU_0004,1,REF_SKU_0004,LOC_SKU_0004,7,1,"[35.0, 8.1]",A3508,35.0,8.1
5350,12/11/2018,3780626,SKU_0041,3,REF_SKU_0041,LOC_SKU_0041,3,18,"[15.0, 37.0]",A1537,15.0,37.0
5351,12/11/2018,3780945,SKU_0004,2,REF_SKU_0004,LOC_SKU_0004,7,1,"[35.0, 8.1]",A3508,35.0,8.1
5352,12/11/2018,3780276,SKU_0014,1,REF_SKU_0014,LOC_SKU_0014,3,10,"[15.0, 22.5]",A1522,15.0,22.5
5353,12/11/2018,3780500,SKU_0001,5,REF_SKU_0001,LOC_SKU_0001,7,20,"[35.0, 40.9]",A3541,35.0,40.9
5354,12/11/2018,3780717,SKU_0088,3,REF_SKU_0088,LOC_SKU_0088,8,6,"[40.0, 16.1]",A4016,40.0,16.1
5355,12/11/2018,3780337,SKU_0004,1,REF_SKU_0004,LOC_SKU_0004,7,1,"[35.0, 8.1]",A3508,35.0,8.1
5356,12/11/2018,3780950,SKU_0027,2,REF_SKU_0027,LOC_SKU_0027,6,5,"[30.0, 14.8]",A3015,30.0,14.8
5357,12/11/2018,3780932,SKU_0047,2,REF_SKU_0047,LOC_SKU_0047,7,8,"[35.0, 19.3]",A3519,35.0,19.3
5358,12/11/2018,3780481,SKU_0002,5,REF_SKU_0002,LOC_SKU_0002,8,15,"[40.0, 32.1]",A4032,40.0,32.1
5359,12/11/2018,3780897,SKU_0173,3,REF_SKU_0173,LOC_SKU_0173,3,11,"[15.0, 25.0]",A1525,15.0,25.0
5360,12/11/2018,3780911,SKU_0021,3,REF_SKU_0021,LOC_SKU_0021,10,2,"[50.0, 9.8]",A5010,50.0,9.8
5361,12/11/2018,3780973,SKU_0006,1,REF_SKU_0006,LOC_SKU_0006,8,18,"[40.0, 37.0]",A4037,40.0,37.0
5362,12/11/2018,3780273,SKU_0001,2,REF_SKU_0001,LOC_SKU_0001,7,20,"[35.0, 40.9]",A3541,35.0,40.9
5363,12/11/2018,3780920,SKU_0290,2,REF_SKU_0290,LOC_SKU_0290,5,1,"[25.0, 6.7]",A2507,25.0,6.7
5364,12/11/2018,3780058,SKU_0059,5,REF_SKU_0059,LOC_SKU_0059,7,15,"[35.0, 32.4]",A3532,35.0,32.4
5365,12/11/2018,3780328,SKU_0002,5,REF_SKU_0002,LOC_SKU_0002,8,15,"[40.0, 32.1]",A4032,40.0,32.1
5366,12/11/2018,3780731,SKU_0003,3,REF_SKU_0003,LOC_SKU_0003,7,11,"[35.0, 25.3]",A3525,35.0,25.3
5367,12/11/2018,3780109,SKU_0092,2,REF_SKU_0092,LOC_SKU_0092,1,4,"[5.0, 12.2]",A0512,5.0,12.2
5368,12/11/2018,3780279,SKU_0038,1,REF_SKU_0038,LOC_SKU_0038,1,0,"[5.0, 6.2]",A0506,5.0,6.2
5369,12/11/2018,3780686,SKU_0065,4,REF_SKU_0065,LOC_SKU_0065,4,22,"[20.0, 45.2]",A2045,20.0,45.2
5370,12/11/2018,3780328,SKU_0007,1,REF_SKU_0007,LOC_SKU_0007,6,1,"[30.0, 8.0]",A3008,30.0,8.0
5371,12/11/2018,3780776,SKU_0044,5,REF_SKU_0044,LOC_SKU_0044,10,3,"[50.0, 10.7]",A5011,50.0,10.7
5372,12/11/2018,3780315,SKU_0005,1,REF_SKU_0005,LOC_SKU_0005,8,8,"[40.0, 20.4]",A4020,40.0,20.4
5373,12/11/2018,3780474,SKU_0002,2,REF_SKU_0002,LOC_SKU_0002,8,15,"[40.0, 32.1]",A4032,40.0,32.1
5374,12/11/2018,3780111,SKU_0024,3,REF_SKU_0024,LOC_SKU_0024,8,1,"[40.0, 7.0]",A4007,40.0,7.0
5375,12/11/2018,3780699,SKU_0398,4,REF_SKU_0398,LOC_SKU_0398,2,2,"[10.0, 9.4]",A1009,10.0,9.4
5376,12/11/2018,3780781,SKU_0003,3,REF_SKU_0003,LOC_SKU_0003,7,11,"[35.0, 25.3]",A3525,35.0,25.3
5377,12/11/2018,3780935,SKU_0007,4,REF_SKU_0007,LOC_SKU_0007,6,1,"[30.0, 8.0]",A3008,30.0,8.0
5378,12/11/2018,3780229,SKU_0032,4,REF_SKU_0032,LOC_SKU_0032,8,14,"[40.0, 30.9]",A4031,40.0,30.9
5379,12/11/2018,3780497,SKU_0013,2,REF_SKU_0013,LOC_SKU_0013,10,1,"[50.0, 7.6]",A5008,50.0,7.6
5380,12/11/2018,3780156,SKU_0122,2,REF_SKU_0122,LOC_SKU_0122,5,4,"[25.0, 13.5]",A2514,25.0,13.5
5381,12/11/2018,3780473,SKU_0063,5,REF_SKU_0063,LOC_SKU_0063,10,20,"[50.0, 41.5]",A5042,50.0,41.5
5382,12/11/2018,3780701,SKU_0001,5,REF_SKU_0001,LOC_SKU_0001,7,20,"[35.0, 40.9]",A3541,35.0,40.9
5383,12/11/2018,3780272,SKU_0493,4,REF_SKU_0493,LOC_SKU_0493,7,24,"[35.0, 49.1]",A3549,35.0,49.1
5384,12/11/2018,3780887,SKU_0058,5,REF_SKU_0058,LOC_SKU_0058,4,23,"[20.0, 45.9]",A2046,20.0,45.9
5385,12/11/2018,3780002,SKU_0145,2,REF_SKU_0145,LOC_SKU_0145,2,15,"[10.0, 32.9]",A1033,10.0,32.9
5386,12/11/2018,3780758,SKU_0027,5,REF_SKU_0027,LOC_SKU_0027,6,5,"[30.0, 14.8]",A3015,30.0,14.8
5387,12/11/2018,3780722,SKU_0136,4,REF_SKU_0136,LOC_SKU_0136,9,24,"[45.0, 47.9]",A4548,45.0,47.9
5388,12/11/2018,3780511,SKU_0001,3,REF_SKU_0001,LOC_SKU_0001,7,20,"[35.0, 40.9]",A3541,35.0,40.9
5389,12/11/2018,3780913,SKU_0004,1,REF_SKU_0004,LOC_SKU_0004,7,1,"[35.0, 8.1]",A3508,35.0,8.1
5390,12/11/2018,3780286,SKU_0161,5,REF_SKU_0161,LOC_SKU_0161,6,6,"[30.0, 16.6]",A3017,30.0,16.6
5391,12/11/2018,3780871,SKU_0002,2,REF_SKU_0002,LOC_SKU_0002,8,15,"[40.0, 32.1]",A4032,40.0,32.1
5392,12/11/2018,3780013,SKU_0001,3,REF_SKU_0001,LOC_SKU_0001,7,20,"[35.0, 40.9]",A3541,35.0,40.9
5393,12/11/2018,3780608,SKU_0077,2,REF_SKU_0077,LOC_SKU_0077,1,2,"[5.0, 8.4]",A0508,5.0,8.4
5394,12/11/2018,3780498,SKU_0114,5,REF_SKU_0114,LOC_SKU_0114,6,17,"[30.0, 35.3]",A3035,30.0,35.3
5395,12/11/2018,3780733,SKU_0001,4,REF_SKU_0001,LOC_SKU_0001,7,20,"[35.0, 40.9]",A3541,35.0,40.9
5396,12/11/2018,3780238,SKU_0133,1,REF_SKU_0133,LOC_SKU_0133,3,14,"[15.0, 31.0]",A1531,15.0,31.0
5397,12/11/2018,3780094,SKU_0035,1,REF_SKU_0035,LOC_SKU_0035,2,13,"[10.0, 29.5]",A1030,10.0,29.5
5398,12/11/2018,3780338,SKU_0011,3,REF_SKU_0011,LOC_SKU_0011,10,13,"[50.0, 28.9]",A5029,50.0,28.9
5399,12/11/2018,3780781,SKU_0109,1,REF_SKU_0109,LOC_SKU_0109,3,18,"[15.0, 36.7]",A1537,15.0,36.7
5400,12/11/2018,3780171,SKU_0006,4,REF_SKU_0006,LOC_SKU_0006,8,18,"[40.0, 37.0]",A4037,40.0,37.0
5401,12/11/2018,3780981,SKU_0002,2,REF_SKU_0002,LOC_SKU_0002,8,15,"[40.0, 32.1]",A4032,40.0,32.1
5402,12/11/2018,3780606,SKU_0003,4,REF_SKU_0003,LOC_SKU_0003,7,11,"[35.0, 25.3]",A3525,35.0,25.3
5403,12/11/2018,3780661,SKU_0010,3,REF_SKU_0010,LOC_SKU_0010,5,15,"[25.0, 33.0]",A2533,25.0,33.0
5404,12/11/2018,3780624,SKU_0012,3,REF_SKU_0012,LOC_SKU_0012,9,7,"[45.0, 18.5]",A4518,45.0,18.5
5405,12/11/2018,3780567,SKU_0089,1,REF_SKU_0089,LOC_SKU_0089,6,9,"[30.0, 21.9]",A3022,30.0,21.9
5406,12/11/2018,3780849,SKU_0079,4,REF_SKU_0079,LOC_SKU_0079,7,12,"[35.0, 27.6]",A3528,35.0,27.6
5407,12/11/2018,3780936,SKU_0017,2,REF_SKU_0017,LOC_SKU_0017,7,4,"[35.0, 13.1]",A3513,35.0,13.1
5408,12/11/2018,3780467,SKU_0073,4,REF_SKU_0073,LOC_SKU_0073,1,3,"[5.0, 10.8]",A0511,5.0,10.8
5409,12/11/2018,3780628,SKU_0001,2,REF_SKU_0001,LOC_SKU_0001,7,20,"[35.0, 40.9]",A3541,35.0,40.9
5410,12/11/2018,3780143,SKU_0001,2,REF_SKU_0001,LOC_SKU_0001,7,20,"[35.0, 40.9]",A3541,35.0,40.9
5411,12/11/2018,3780201,SKU_0157,4,REF_SKU_0157,LOC_SKU_0157,2,2,"[10.0, 9.7]",A1010,10.0,9.7
5412,12/11/2018,3780180,SKU_0001,5,REF_SKU_0001,LOC_SKU_0001,7,20,"[35.0, 40.9]",A3541,35.0,40.9
5413,12/11/2018,3780714,SKU_0002,4,REF_SKU_0002,LOC_SKU_0002,8,15,"[40.0, 32.1]",A4032,40.0,32.1
5414,12/11/2018,3780364,SKU_0038,2,REF_SKU_0038,LOC_SKU_0038,1,0,"[5.0, 6.2]",A0506,5.0,6.2
5415,12/11/2018,3780479,SKU_0005,3,REF_SKU_0005,LOC_SKU_0005,8,8,"[40.0, 20.4]",A4020,40.0,20.4
5416,12/11/2018,3780565,SKU_0161,3,REF_SKU_0161,LOC_SKU_0161,6,6,"[30.0, 16.6]",A3017,30.0,16.6
5417,12/11/2018,3780471,SKU_0003,1,REF_SKU_0003,LOC_SKU_0003,7,11,"[35.0, 25.3]",A3525,35.0,25.3
5418,12/11/2018,3780384,SKU_0001,3,REF_SKU_0001,LOC_SKU_0001,7,20,"[35.0, 40.9]",A3541,35.0,40.9
5419,12/11/2018,3780692,SKU_0003,5,REF_SKU_0003,LOC_SKU_0003,7,11,"[35.0, 25.3]",A3525,35.0,25.3
5420,12/11/2018,3780926,SKU_0016,2,REF_SKU_0016,LOC_SKU_0016,3,22,"[15.0, 43.8]",A1544,15.0,43.8
5421,12/11/2018,3780417,SKU_0004,4,REF_SKU_0004,LOC_SKU_0004,7,1,"[35.0, 8.1]",A3508,35.0,8.1
5422,12/11/2018,3780825,SKU_0012,4,REF_SKU_0012,LOC_SKU_0012,9,7,"[45.0, 18.5]",A4518,45.0,18.5
5423,12/11/2018,3780308,SKU_0161,5,REF_SKU_0161,LOC_SKU_0161,6,6,"[30.0, 16.6]",A3017,30.0,16.6
5424,12/11/2018,3780649,SKU_0221,3,REF_SKU_0221,LOC_SKU_0221,7,23,"[35.0, 46.9]",A3547,35.0,46.9
5425,12/11/2018,3780694,SKU_0002,2,REF_SKU_0002,LOC_SKU_0002,8,15,"[40.0, 32.1]",A4032,40.0,32.1
5426,12/11/2018,3780367,SKU_0007,3,REF_SKU_0007,LOC_SKU_0007,6,1,"[30.0, 8.0]",A3008,30.0,8.0
5427,12/11/2018,3780001,SKU_0013,1,REF_SKU_0013,LOC_SKU_0013,10,1,"[50.0, 7.6]",A5008,50.0,7.6
5428,12/11/2018,3780044,SKU_0309,3,REF_SKU_0309,LOC_SKU_0309,2,9,"[10.0, 21.4]",A1021,10.0,21.4
5429,12/11/2018,3780739,SKU_0494,1,REF_SKU_0494,LOC_SKU_0494,2,22,"[10.0, 44.1]",A1044,10.0,44.1
5430,12/11/2018,3780843,SKU_0002,4,REF_SKU_0002,LOC_SKU_0002,8,15,"[40.0, 32.1]",A4032,40.0,32.1
5431,12/11/2018,3780098,SKU_0048,2,REF_SKU_0048,LOC_SKU_0048,8,17,"[40.0, 35.1]",A4035,40.0,35.1
5432,12/11/2018,3780720,SKU_0004,1,REF_SKU_0004,LOC_SKU_0004,7,1,"[35.0, 8.1]",A3508,35.0,8.1
5433,12/11/2018,3780265,SKU_0001,3,REF_SKU_0001,LOC_SKU_0001,7,20,"[35.0, 40.9]",A3541,35.0,40.9
5434,12/11/2018,3780800,SKU_0001,3,REF_SKU_0001,LOC_SKU_0001,7,20,"[35.0, 40.9]",A3541,35.0,40.9
5435,12/11/2018,3780783,SKU_0007,4,REF_SKU_0007,LOC_SKU_0007,6,1,"[30.0, 8.0]",A3008,30.0,8.0
5436,12/11/2018,3780140,SKU_0009,5,REF_SKU_0009,LOC_SKU_0009,6,0,"[30.0, 5.5]",A3006,30.0,5.5
5437,12/11/2018,3780481,SKU_0001,5,REF_SKU_0001,LOC_SKU_0001,7,20,"[35.0, 40.9]",A3541,35.0,40.9
5438,12/11/2018,3780237,SKU_0035,3,REF_SKU_0035,LOC_SKU_0035,2,13,"[10.0, 29.5]",A1030,10.0,29.5
5439,12/11/2018,3780974,SKU_0003,5,REF_SKU_0003,LOC_SKU_0003,7,11,"[35.0, 25.3]",A3525,35.0,25.3
5440,12/11/2018,3780953,SKU_0014,2,REF_SKU_0014,LOC_SKU_0014,3,10,"[15.0, 22.5]",A1522,15.0,22.5
5441,12/11/2018,3780904,SKU_0003,5,REF_SKU_0003,LOC_SKU_0003,7,11,"[35.0, 25.3]",A3525,35.0,25.3
5442,12/11/2018,3780072,SKU_0001,2,REF_SKU_0001,LOC_SKU_0001,7,20,"[35.0, 40.9]",A3541,35.0,40.9
5443,12/11/2018,3780667,SKU_0005,3,REF_SKU_0005,LOC_SKU_0005,8,8,"[40.0, 20.4]",A4020,40.0,20.4
5444,12/11/2018,3780190,SKU_0002,3,REF_SKU_0002,LOC_SKU_0002,8,15,"[40.0, 32.1]",A4032,40.0,32.1
5445,12/11/2018,3780268,SKU_0012,3,REF_SKU_0012,LOC_SKU_0012,9,7,"[45.0, 18.5]",A4518,45.0,18.5
5446,12/11/2018,3780321,SKU_0002,4,REF_SKU_0002,LOC_SKU_0002,8,15,"[40.0, 32.1]",A4032,40.0,32.1
5447,12/11/2018,3780107,SKU_0010,5,REF_SKU_0010,LOC_SKU_0010,5,15,"[25.0, 33.0]",A2533,25.0,33.0
5448,12/11/2018,3780232,SKU_0001,1,REF_SKU_0001,LOC_SKU_0001,7,20,"[35.0, 40.9]",A3541,35.0,40.9
5449,12/11/2018,3780042,SKU_0031,1,REF_SKU_0031,LOC_SKU_0031,4,15,"[20.0, 32.1]",A2032,20.0,32.1
5450,12/11/2018,3780702,SKU_0059,3,REF_SKU_0059,LOC_SKU_0059,7,15,"[35.0, 32.4]",A3532,35.0,32.4
5451,12/11/2018,3780883,SKU_0001,5,REF_SKU_0001,LOC_SKU_0001,7,20,"[35.0, 40.9]",A3541,35.0,40.9
5452,12/11/2018,3780139,SKU_0008,2,REF_SKU_0008,LOC_SKU_0008,8,21,"[40.0, 42.5]",A4042,40.0,42.5
5453,12/11/2018,3780615,SKU_0001,1,REF_SKU_0001,LOC_SKU_0001,7,20,"[35.0, 40.9]",A3541,35.0,40.9
5454,12/11/2018,3780683,SKU_0019,3,REF_SKU_0019,LOC_SKU_0019,9,24,"[45.0, 48.5]",A4548,45.0,48.5
5455,12/11/2018,3780863,SKU_0002,1,REF_SKU_0002,LOC_SKU_0002,8,15,"[40.0, 32.1]",A4032,40.0,32.1
5456,12/11/2018,3780273,SKU_0011,1,REF_SKU_0011,LOC_SKU_0011,10,13,"[50.0, 28.9]",A5029,50.0,28.9
5457,12/11/2018,3780481,SKU_0011,1,REF_SKU_0011,LOC_SKU_0011,10,13,"[50.0, 28.9]",A5029,50.0,28.9
5458,12/11/2018,3780416,SKU_0246,3,REF_SKU_0246,LOC_SKU_0246,2,2,"[10.0, 9.1]",A1009,10.0,9.1
5459,12/11/2018,3780506,SKU_0013,3,REF_SKU_0013,LOC_SKU_0013,10,1,"[50.0, 7.6]",A5008,50.0,7.6
5460,12/11/2018,3780733,SKU_0017,4,REF_SKU_0017,LOC_SKU_0017,7,4,"[35.0, 13.1]",A3513,35.0,13.1
5461,12/11/2018,3780725,SKU_0005,4,REF_SKU_0005,LOC_SKU_0005,8,8,"[40.0, 20.4]",A4020,40.0,20.4
5462,12/11/2018,3780853,SKU_0309,4,REF_SKU_0309,LOC_SKU_0309,2,9,"[10.0, 21.4]",A1021,10.0,21.4
5463,12/11/2018,3780424,SKU_0071,1,REF_SKU_0071,LOC_SKU_0071,6,13,"[30.0, 28.2]",A3028,30.0,28.2
5464,12/11/2018,3780407,SKU_0003,5,REF_SKU_0003,LOC_SKU_0003,7,11,"[35.0, 25.3]",A3525,35.0,25.3
5465,12/11/2018,3780568,SKU_0122,3,REF_SKU_0122,LOC_SKU_0122,5,4,"[25.0, 13.5]",A2514,25.0,13.5
5466,12/11/2018,3780390,SKU_0006,4,REF_SKU_0006,LOC_SKU_0006,8,18,"[40.0, 37.0]",A4037,40.0,37.0
5467,12/11/2018,3780342,SKU_0107,5,REF_SKU_0107,LOC_SKU_0107,5,23,"[25.0, 45.6]",A2546,25.0,45.6
5468,12/11/2018,3780946,SKU_0102,4,REF_SKU_0102,LOC_SKU_0102,7,14,"[35.0, 29.6]",A3530,35.0,29.6
5469,12/11/2018,3780614,SKU_0001,4,REF_SKU_0001,LOC_SKU_0001,7,20,"[35.0, 40.9]",A3541,35.0,40.9
5470,12/11/2018,3780933,SKU_0039,5,REF_SKU_0039,LOC_SKU_0039,9,19,"[45.0, 39.9]",A4540,45.0,39.9
5471,12/11/2018,3780493,SKU_0003,4,REF_SKU_0003,LOC_SKU_0003,7,11,"[35.0, 25.3]",A3525,35.0,25.3
5472,12/11/2018,3780192,SKU_0003,1,REF_SKU_0003,LOC_SKU_0003,7,11,"[35.0, 25.3]",A3525,35.0,25.3
5473,12/11/2018,3780499,SKU_0003,1,REF_SKU_0003,LOC_SKU_0003,7,11,"[35.0, 25.3]",A3525,35.0,25.3
5474,12/11/2018,3780822,SKU_0047,1,REF_SKU_0047,LOC_SKU_0047,7,8,"[35.0, 19.3]",A3519,35.0,19.3
5475,12/11/2018,3780712,SKU_0002,2,REF_SKU_0002,LOC_SKU_0002,8,15,"[40.0, 32.1]",A4032,40.0,32.1
5476,12/11/2018,3780233,SKU_0001,4,REF_SKU_0001,LOC_SKU_0001,7,20,"[35.0, 40.9]",A3541,35.0,40.9
5477,12/11/2018,3780945,SKU_0044,2,REF_SKU_0044,LOC_SKU_0044,10,3,"[50.0, 10.7]",A5011,50.0,10.7
5478,12/11/2018,3780227,SKU_0001,3,REF_SKU_0001,LOC_SKU_0001,7,20,"[35.0, 40.9]",A3541,35.0,40.9
5479,12/11/2018,3780371,SKU_0001,5,REF_SKU_0001,LOC_SKU_0001,7,20,"[35.0, 40.9]",A3541,35.0,40.9
5480,12/11/2018,3780139,SKU_0002,3,REF_SKU_0002,LOC_SKU_0002,8,15,"[40.0, 32.1]",A4032,40.0,32.1
5481,12/11/2018,3780856,SKU_0004,2,REF_SKU_0004,LOC_SKU_0004,7,1,"[35.0, 8.1]",A3508,35.0,8.1
5482,12/11/2018,3780817,SKU_0008,1,REF_SKU_0008,LOC_SKU_0008,8,21,"[40.0, 42.5]",A4042,40.0,42.5
5483,12/11/2018,3780149,SKU_0001,4,REF_SKU_0001,LOC_SKU_0001,7,20,"[35.0, 40.9]",A3541,35.0,40.9
5484,12/11/2018,3780115,SKU_0378,4,REF_SKU_0378,LOC_SKU_0378,7,1,"[35.0, 7.8]",A3508,35.0,7.8
5485,12/11/2018,3780450,SKU_0044,1,REF_SKU_0044,LOC_SKU_0044,10,3,"[50.0, 10.7]",A5011,50.0,10.7
5486,12/11/2018,3780063,SKU_0003,4,REF_SKU_0003,LOC_SKU_0003,7,11,"[35.0, 25.3]",A3525,35.0,25.3
5487,12/11/2018,3780104,SKU_0003,5,REF_SKU_0003,LOC_SKU_0003,7,11,"[35.0, 25.3]",A3525,35.0,25.3
5488,12/11/2018,3780851,SKU_0007,5,REF_SKU_0007,LOC_SKU_0007,6,1,"[30.0, 8.0]",A3008,30.0,8.0
5489,12/11/2018,3780871,SKU_0023,5,REF_SKU_0023,LOC_SKU_0023,7,15,"[35.0, 32.6]",A3533,35.0,32.6
5490,12/11/2018,3780668,SKU_0001,3,REF_SKU_0001,LOC_SKU_0001,7,20,"[35.0, 40.9]",A3541,35.0,40.9
5491,12/11/2018,3780273,SKU_0001,1,REF_SKU_0001,LOC_SKU_0001,7,20,"[35.0, 40.9]",A3541,35.0,40.9
5492,12/11/2018,3780006,SKU_0139,5,REF_SKU_0139,LOC_SKU_0139,4,7,"[20.0, 18.6]",A2019,20.0,18.6
5493,12/11/2018,3780147,SKU_0002,2,REF_SKU_0002,LOC_SKU_0002,8,15,"[40.0, 32.1]",A4032,40.0,32.1
5494,12/11/2018,3780184,SKU_0004,5,REF_SKU_0004,LOC_SKU_0004,7,1,"[35.0, 8.1]",A3508,35.0,8.1
5495,12/11/2018,3780998,SKU_0154,3,REF_SKU_0154,LOC_SKU_0154,4,20,"[20.0, 41.0]",A2041,20.0,41.0
5496,12/11/2018,3780028,SKU_0030,2,REF_SKU_0030,LOC_SKU_0030,2,10,"[10.0, 23.1]",A1023,10.0,23.1
5497,12/11/2018,3780962,SKU_0004,1,REF_SKU_0004,LOC_SKU_0004,7,1,"[35.0, 8.1]",A3508,35.0,8.1
5498,12/11/2018,3780550,SKU_0034,1,REF_SKU_0034,LOC_SKU_0034,5,10,"[25.0, 22.8]",A2523,25.0,22.8
5499,12/11/2018,3780119,SKU_0001,5,REF_SKU_0001,LOC_SKU_0001,7,20,"[35.0, 40.9]",A3541,35.0,40.9
5500,12/11/2018,3780293,SKU_0051,2,REF_SKU_0051,LOC_SKU_0051,5,24,"[25.0, 48.7]",A2549,25.0,48.7
5501,12/11/2018,3780371,SKU_0009,2,REF_SKU_0009,LOC_SKU_0009,6,0,"[30.0, 5.5]",A3006,30.0,5.5
5502,12/11/2018,3780244,SKU_0095,5,REF_SKU_0095,LOC_SKU_0095,4,0,"[20.0, 6.2]",A2006,20.0,6.2
5503,12/11/2018,3780580,SKU_0325,5,REF_SKU_0325,LOC_SKU_0325,1,24,"[5.0, 47.8]",A0548,5.0,47.8
5504,12/11/2018,3780726,SKU_0250,4,REF_SKU_0250,LOC_SKU_0250,1,24,"[5.0, 47.7]",A0548,5.0,47.7
5505,12/11/2018,3780218,SKU_0215,4,REF_SKU_0215,LOC_SKU_0215,5,24,"[25.0, 48.6]",A2549,25.0,48.6
5506,12/11/2018,3780177,SKU_0010,5,REF_SKU_0010,LOC_SKU_0010,5,15,"[25.0, 33.0]",A2533,25.0,33.0
5507,12/11/2018,3780299,SKU_0004,3,REF_SKU_0004,LOC_SKU_0004,7,1,"[35.0, 8.1]",A3508,35.0,8.1
5508,12/11/2018,3780676,SKU_0008,4,REF_SKU_0008,LOC_SKU_0008,8,21,"[40.0, 42.5]",A4042,40.0,42.5
5509,12/11/2018,3780058,SKU_0036,5,REF_SKU_0036,LOC_SKU_0036,8,9,"[40.0, 21.4]",A4021,40.0,21.4
5510,12/11/2018,3780269,SKU_0172,2,REF_SKU_0172,LOC_SKU_0172,3,20,"[15.0, 40.9]",A1541,15.0,40.9
5511,12/11/2018,3780308,SKU_0002,4,REF_SKU_0002,LOC_SKU_0002,8,15,"[40.0, 32.1]",A4032,40.0,32.1
5512,12/11/2018,3780570,SKU_0233,3,REF_SKU_0233,LOC_SKU_0233,9,14,"[45.0, 30.1]",A4530,45.0,30.1
5513,12/11/2018,3780288,SKU_0096,1,REF_SKU_0096,LOC_SKU_0096,3,20,"[15.0, 41.5]",A1542,15.0,41.5
5514,12/11/2018,3780977,SKU_0408,2,REF_SKU_0408,LOC_SKU_0408,6,1,"[30.0, 7.6]",A3008,30.0,7.6
5515,12/11/2018,3780105,SKU_0167,3,REF_SKU_0167,LOC_SKU_0167,6,1,"[30.0, 7.8]",A3008,30.0,7.8
5516,12/11/2018,3780228,SKU_0002,3,REF_SKU_0002,LOC_SKU_0002,8,15,"[40.0, 32.1]",A4032,40.0,32.1
5517,12/11/2018,3780247,SKU_0001,3,REF_SKU_0001,LOC_SKU_0001,7,20,"[35.0, 40.9]",A3541,35.0,40.9
5518,12/11/2018,3780700,SKU_0001,2,REF_SKU_0001,LOC_SKU_0001,7,20,"[35.0, 40.9]",A3541,35.0,40.9
5519,12/11/2018,3780494,SKU_0003,3,REF_SKU_0003,LOC_SKU_0003,7,11,"[35.0, 25.3]",A3525,35.0,25.3
5520,12/11/2018,3780083,SKU_0021,1,REF_SKU_0021,LOC_SKU_0021,10,2,"[50.0, 9.8]",A5010,50.0,9.8
5521,12/11/2018,3780186,SKU_0088,4,REF_SKU_0088,LOC_SKU_0088,8,6,"[40.0, 16.1]",A4016,40.0,16.1
5522,12/11/2018,3780252,SKU_0197,2,REF_SKU_0197,LOC_SKU_0197,10,13,"[50.0, 27.8]",A5028,50.0,27.8
5523,12/11/2018,3780355,SKU_0022,3,REF_SKU_0022,LOC_SKU_0022,4,6,"[20.0, 16.2]",A2016,20.0,16.2
5524,12/11/2018,3780750,SKU_0001,5,REF_SKU_0001,LOC_SKU_0001,7,20,"[35.0, 40.9]",A3541,35.0,40.9
5525,12/11/2018,3780872,SKU_0001,4,REF_SKU_0001,LOC_SKU_0001,7,20,"[35.0, 40.9]",A3541,35.0,40.9
5526,12/11/2018,3780696,SKU_0001,2,REF_SKU_0001,LOC_SKU_0001,7,20,"[35.0, 40.9]",A3541,35.0,40.9
5527,12/11/2018,3780796,SKU_0004,5,REF_SKU_0004,LOC_SKU_0004,7,1,"[35.0, 8.1]",A3508,35.0,8.1
5528,12/11/2018,3780897,SKU_0010,5,REF_SKU_0010,LOC_SKU_0010,5,15,"[25.0, 33.0]",A2533,25.0,33.0
5529,12/11/2018,3780938,SKU_0001,3,REF_SKU_0001,LOC_SKU_0001,7,20,"[35.0, 40.9]",A3541,35.0,40.9
5530,12/11/2018,3780210,SKU_0004,2,REF_SKU_0004,LOC_SKU_0004,7,1,"[35.0, 8.1]",A3508,35.0,8.1
5531,12/11/2018,3780816,SKU_0001,3,REF_SKU_0001,LOC_SKU_0001,7,20,"[35.0, 40.9]",A3541,35.0,40.9
5532,12/11/2018,3780808,SKU_0026,1,REF_SKU_0026,LOC_SKU_0026,8,19,"[40.0, 39.1]",A4039,40.0,39.1
5533,12/11/2018,3780609,SKU_0008,5,REF_SKU_0008,LOC_SKU_0008,8,21,"[40.0, 42.5]",A4042,40.0,42.5
5534,12/11/2018,3780447,SKU_0009,1,REF_SKU_0009,LOC_SKU_0009,6,0,"[30.0, 5.5]",A3006,30.0,5.5
5535,12/11/2018,3780460,SKU_0006,3,REF_SKU_0006,LOC_SKU_0006,8,18,"[40.0, 37.0]",A4037,40.0,37.0
5536,12/11/2018,3780968,SKU_0329,4,REF_SKU_0329,LOC_SKU_0329,2,16,"[10.0, 33.1]",A1033,10.0,33.1
5537,12/11/2018,3780472,SKU_0002,5,REF_SKU_0002,LOC_SKU_0002,8,15,"[40.0, 32.1]",A4032,40.0,32.1
5538,12/11/2018,3780720,SKU_0011,4,REF_SKU_0011,LOC_SKU_0011,10,13,"[50.0, 28.9]",A5029,50.0,28.9
5539,12/11/2018,3780370,SKU_0051,2,REF_SKU_0051,LOC_SKU_0051,5,24,"[25.0, 48.7]",A2549,25.0,48.7
5540,12/11/2018,3780900,SKU_0014,5,REF_SKU_0014,LOC_SKU_0014,3,10,"[15.0, 22.5]",A1522,15.0,22.5
5541,12/11/2018,3780934,SKU_0257,1,REF_SKU_0257,LOC_SKU_0257,2,12,"[10.0, 26.4]",A1026,10.0,26.4
5542,12/11/2018,3780492,SKU_0004,4,REF_SKU_0004,LOC_SKU_0004,7,1,"[35.0, 8.1]",A3508,35.0,8.1
5543,12/11/2018,3780923,SKU_0008,2,REF_SKU_0008,LOC_SKU_0008,8,21,"[40.0, 42.5]",A4042,40.0,42.5
5544,12/11/2018,3780137,SKU_0001,5,REF_SKU_0001,LOC_SKU_0001,7,20,"[35.0, 40.9]",A3541,35.0,40.9
5545,12/11/2018,3780367,SKU_0020,2,REF_SKU_0020,LOC_SKU_0020,2,10,"[10.0, 22.7]",A1023,10.0,22.7
5546,12/11/2018,3780912,SKU_0003,1,REF_SKU_0003,LOC_SKU_0003,7,11,"[35.0, 25.3]",A3525,35.0,25.3
5547,12/11/2018,3780184,SKU_0001,5,REF_SKU_0001,LOC_SKU_0001,7,20,"[35.0, 40.9]",A3541,35.0,40.9
5548,12/11/2018,3780588,SKU_0013,2,REF_SKU_0013,LOC_SKU_0013,10,1,"[50.0, 7.6]",A5008,50.0,7.6
5549,12/11/2018,3780287,SKU_0012,3,REF_SKU_0012,LOC_SKU_0012,9,7,"[45.0, 18.5]",A4518,45.0,18.5
5550,12/11/2018,3780472,SKU_0001,5,REF_SKU_0001,LOC_SKU_0001,7,20,"[35.0, 40.9]",A3541,35.0,40.9
5551,12/11/2018,3780375,SKU_0038,5,REF_SKU_0038,LOC_SKU_0038,1,0,"[5.0, 6.2]",A0506,5.0,6.2
5552,12/11/2018,3780654,SKU_0022,5,REF_SKU_0022,LOC_SKU_0022,4,6,"[20.0, 16.2]",A2016,20.0,16.2
5553,12/11/2018,3780749,SKU_0001,5,REF_SKU_0001,LOC_SKU_0001,7,20,"[35.0, 40.9]",A3541,35.0,40.9
5554,12/11/2018,3780537,SKU_0008,3,REF_SKU_0008,LOC_SKU_0008,8,21,"[40.0, 42.5]",A4042,40.0,42.5
5555,12/11/2018,3780511,SKU_0045,1,REF_SKU_0045,LOC_SKU_0045,7,21,"[35.0, 43.3]",A3543,35.0,43.3
5556,12/11/2018,3780802,SKU_0012,3,REF_SKU_0012,LOC_SKU_0012,9,7,"[45.0, 18.5]",A4518,45.0,18.5
5557,12/11/2018,3780579,SKU_0005,3,REF_SKU_0005,LOC_SKU_0005,8,8,"[40.0, 20.4]",A4020,40.0,20.4
5558,12/11/2018,3780250,SKU_0003,2,REF_SKU_0003,LOC_SKU_0003,7,11,"[35.0, 25.3]",A3525,35.0,25.3
5559,12/11/2018,3780920,SKU_0020,4,REF_SKU_0020,LOC_SKU_0020,2,10,"[10.0, 22.7]",A1023,10.0,22.7
5560,12/11/2018,3780510,SKU_0282,4,REF_SKU_0282,LOC_SKU_0282,6,1,"[30.0, 6.9]",A3007,30.0,6.9
5561,12/11/2018,3780630,SKU_0031,2,REF_SKU_0031,LOC_SKU_0031,4,15,"[20.0, 32.1]",A2032,20.0,32.1
5562,12/11/2018,3780073,SKU_0001,3,REF_SKU_0001,LOC_SKU_0001,7,20,"[35.0, 40.9]",A3541,35.0,40.9
5563,12/11/2018,3780282,SKU_0007,2,REF_SKU_0007,LOC_SKU_0007,6,1,"[30.0, 8.0]",A3008,30.0,8.0
5564,12/11/2018,3780916,SKU_0183,5,REF_SKU_0183,LOC_SKU_0183,7,16,"[35.0, 34.7]",A3535,35.0,34.7
5565,12/11/2018,3780960,SKU_0001,2,REF_SKU_0001,LOC_SKU_0001,7,20,"[35.0, 40.9]",A3541,35.0,40.9
5566,12/11/2018,3780360,SKU_0450,2,REF_SKU_0450,LOC_SKU_0450,5,23,"[25.0, 46.6]",A2547,25.0,46.6
5567,12/11/2018,3780010,SKU_0309,5,REF_SKU_0309,LOC_SKU_0309,2,9,"[10.0, 21.4]",A1021,10.0,21.4
5568,12/11/2018,3780211,SKU_0001,4,REF_SKU_0001,LOC_SKU_0001,7,20,"[35.0, 40.9]",A3541,35.0,40.9
5569,12/11/2018,3780835,SKU_0268,5,REF_SKU_0268,LOC_SKU_0268,5,6,"[25.0, 16.8]",A2517,25.0,16.8
5570,12/11/2018,3780152,SKU_0004,1,REF_SKU_0004,LOC_SKU_0004,7,1,"[35.0, 8.1]",A3508,35.0,8.1
5571,12/11/2018,3780005,SKU_0123,2,REF_SKU_0123,LOC_SKU_0123,8,16,"[40.0, 34.4]",A4034,40.0,34.4
5572,12/11/2018,3780195,SKU_0006,2,REF_SKU_0006,LOC_SKU_0006,8,18,"[40.0, 37.0]",A4037,40.0,37.0
5573,12/11/2018,3780954,SKU_0007,4,REF_SKU_0007,LOC_SKU_0007,6,1,"[30.0, 8.0]",A3008,30.0,8.0
5574,12/11/2018,3780283,SKU_0024,3,REF_SKU_0024,LOC_SKU_0024,8,1,"[40.0, 7.0]",A4007,40.0,7.0
5575,12/11/2018,3780464,SKU_0069,5,REF_SKU_0069,LOC_SKU_0069,9,20,"[45.0, 41.9]",A4542,45.0,41.9
5576,12/11/2018,3780113,SKU_0001,3,REF_SKU_0001,LOC_SKU_0001,7,20,"[35.0, 40.9]",A3541,35.0,40.9
5577,12/11/2018,3780271,SKU_0018,1,REF_SKU_0018,LOC_SKU_0018,7,0,"[35.0, 6.1]",A3506,35.0,6.1
5578,12/11/2018,3780163,SKU_0001,5,REF_SKU_0001,LOC_SKU_0001,7,20,"[35.0, 40.9]",A3541,35.0,40.9
5579,12/11/2018,3780460,SKU_0004,1,REF_SKU_0004,LOC_SKU_0004,7,1,"[35.0, 8.1]",A3508,35.0,8.1
5580,12/11/2018,3780105,SKU_0004,1,REF_SKU_0004,LOC_SKU_0004,7,1,"[35.0, 8.1]",A3508,35.0,8.1
5581,12/11/2018,3780693,SKU_0008,1,REF_SKU_0008,LOC_SKU_0008,8,21,"[40.0, 42.5]",A4042,40.0,42.5
5582,12/11/2018,3780556,SKU_0003,5,REF_SKU_0003,LOC_SKU_0003,7,11,"[35.0, 25.3]",A3525,35.0,25.3
5583,12/11/2018,3780282,SKU_0001,5,REF_SKU_0001,LOC_SKU_0001,7,20,"[35.0, 40.9]",A3541,35.0,40.9
5584,12/11/2018,3780687,SKU_0001,4,REF_SKU_0001,LOC_SKU_0001,7,20,"[35.0, 40.9]",A3541,35.0,40.9
5585,12/11/2018,3780162,SKU_0001,2,REF_SKU_0001,LOC_SKU_0001,7,20,"[35.0, 40.9]",A3541,35.0,40.9
5586,12/11/2018,3780983,SKU_0008,3,REF_SKU_0008,LOC_SKU_0008,8,21,"[40.0, 42.5]",A4042,40.0,42.5
5587,12/11/2018,3780351,SKU_0325,3,REF_SKU_0325,LOC_SKU_0325,1,24,"[5.0, 47.8]",A0548,5.0,47.8
5588,12/11/2018,3780434,SKU_0001,1,REF_SKU_0001,LOC_SKU_0001,7,20,"[35.0, 40.9]",A3541,35.0,40.9
5589,12/11/2018,3780852,SKU_0301,5,REF_SKU_0301,LOC_SKU_0301,5,25,"[25.0, 49.9]",A2550,25.0,49.9
5590,12/11/2018,3780140,SKU_0050,5,REF_SKU_0050,LOC_SKU_0050,3,12,"[15.0, 26.5]",A1526,15.0,26.5
5591,12/11/2018,3780471,SKU_0025,1,REF_SKU_0025,LOC_SKU_0025,1,6,"[5.0, 17.0]",A0517,5.0,17.0
5592,12/11/2018,3780132,SKU_0026,2,REF_SKU_0026,LOC_SKU_0026,8,19,"[40.0, 39.1]",A4039,40.0,39.1
5593,12/11/2018,3780087,SKU_0106,3,REF_SKU_0106,LOC_SKU_0106,2,25,"[10.0, 49.8]",A1050,10.0,49.8
5594,12/11/2018,3780688,SKU_0001,4,REF_SKU_0001,LOC_SKU_0001,7,20,"[35.0, 40.9]",A3541,35.0,40.9
5595,12/11/2018,3780183,SKU_0010,2,REF_SKU_0010,LOC_SKU_0010,5,15,"[25.0, 33.0]",A2533,25.0,33.0
5596,12/11/2018,3780368,SKU_0038,5,REF_SKU_0038,LOC_SKU_0038,1,0,"[5.0, 6.2]",A0506,5.0,6.2
5597,12/11/2018,3780129,SKU_0017,1,REF_SKU_0017,LOC_SKU_0017,7,4,"[35.0, 13.1]",A3513,35.0,13.1
5598,12/11/2018,3780246,SKU_0111,3,REF_SKU_0111,LOC_SKU_0111,6,19,"[30.0, 40.2]",A3040,30.0,40.2
5599,12/11/2018,3780601,SKU_0001,1,REF_SKU_0001,LOC_SKU_0001,7,20,"[35.0, 40.9]",A3541,35.0,40.9
5600,12/11/2018,3780578,SKU_0036,5,REF_SKU_0036,LOC_SKU_0036,8,9,"[40.0, 21.4]",A4021,40.0,21.4
5601,12/11/2018,3780670,SKU_0012,1,REF_SKU_0012,LOC_SKU_0012,9,7,"[45.0, 18.5]",A4518,45.0,18.5
5602,12/11/2018,3780899,SKU_0004,3,REF_SKU_0004,LOC_SKU_0004,7,1,"[35.0, 8.1]",A3508,35.0,8.1
5603,12/11/2018,3780378,SKU_0004,1,REF_SKU_0004,LOC_SKU_0004,7,1,"[35.0, 8.1]",A3508,35.0,8.1
5604,12/11/2018,3780149,SKU_0022,3,REF_SKU_0022,LOC_SKU_0022,4,6,"[20.0, 16.2]",A2016,20.0,16.2
5605,12/11/2018,3780985,SKU_0183,1,REF_SKU_0183,LOC_SKU_0183,7,16,"[35.0, 34.7]",A3535,35.0,34.7
5606,12/11/2018,3780852,SKU_0009,1,REF_SKU_0009,LOC_SKU_0009,6,0,"[30.0, 5.5]",A3006,30.0,5.5
5607,12/11/2018,3780433,SKU_0104,3,REF_SKU_0104,LOC_SKU_0104,10,25,"[50.0, 49.2]",A5049,50.0,49.2
5608,12/11/2018,3780628,SKU_0005,1,REF_SKU_0005,LOC_SKU_0005,8,8,"[40.0, 20.4]",A4020,40.0,20.4
5609,12/11/2018,3780726,SKU_0001,2,REF_SKU_0001,LOC_SKU_0001,7,20,"[35.0, 40.9]",A3541,35.0,40.9
5610,12/11/2018,3780469,SKU_0001,4,REF_SKU_0001,LOC_SKU_0001,7,20,"[35.0, 40.9]",A3541,35.0,40.9
5611,12/11/2018,3780446,SKU_0001,2,REF_SKU_0001,LOC_SKU_0001,7,20,"[35.0, 40.9]",A3541,35.0,40.9
5612,12/11/2018,3780481,SKU_0004,4,REF_SKU_0004,LOC_SKU_0004,7,1,"[35.0, 8.1]",A3508,35.0,8.1
5613,12/11/2018,3780884,SKU_0003,2,REF_SKU_0003,LOC_SKU_0003,7,11,"[35.0, 25.3]",A3525,35.0,25.3
5614,12/11/2018,3780294,SKU_0045,4,REF_SKU_0045,LOC_SKU_0045,7,21,"[35.0, 43.3]",A3543,35.0,43.3
5615,12/11/2018,3780765,SKU_0054,1,REF_SKU_0054,LOC_SKU_0054,7,1,"[35.0, 7.3]",A3507,35.0,7.3
5616,12/11/2018,3780143,SKU_0001,3,REF_SKU_0001,LOC_SKU_0001,7,20,"[35.0, 40.9]",A3541,35.0,40.9
5617,12/11/2018,3780250,SKU_0002,3,REF_SKU_0002,LOC_SKU_0002,8,15,"[40.0, 32.1]",A4032,40.0,32.1
5618,12/11/2018,3780878,SKU_0002,5,REF_SKU_0002,LOC_SKU_0002,8,15,"[40.0, 32.1]",A4032,40.0,32.1
5619,12/11/2018,3780948,SKU_0013,4,REF_SKU_0013,LOC_SKU_0013,10,1,"[50.0, 7.6]",A5008,50.0,7.6
5620,12/11/2018,3780975,SKU_0001,5,REF_SKU_0001,LOC_SKU_0001,7,20,"[35.0, 40.9]",A3541,35.0,40.9
5621,12/11/2018,3780302,SKU_0001,5,REF_SKU_0001,LOC_SKU_0001,7,20,"[35.0, 40.9]",A3541,35.0,40.9
5622,12/11/2018,3780025,SKU_0294,4,REF_SKU_0294,LOC_SKU_0294,10,9,"[50.0, 22.4]",A5022,50.0,22.4
5623,12/11/2018,3780789,SKU_0088,3,REF_SKU_0088,LOC_SKU_0088,8,6,"[40.0, 16.1]",A4016,40.0,16.1
5624,12/11/2018,3780984,SKU_0001,4,REF_SKU_0001,LOC_SKU_0001,7,20,"[35.0, 40.9]",A3541,35.0,40.9
5625,12/11/2018,3780889,SKU_0005,1,REF_SKU_0005,LOC_SKU_0005,8,8,"[40.0, 20.4]",A4020,40.0,20.4
5626,12/11/2018,3780890,SKU_0004,5,REF_SKU_0004,LOC_SKU_0004,7,1,"[35.0, 8.1]",A3508,35.0,8.1
5627,12/11/2018,3780901,SKU_0079,5,REF_SKU_0079,LOC_SKU_0079,7,12,"[35.0, 27.6]",A3528,35.0,27.6
5628,12/11/2018,3780070,SKU_0010,4,REF_SKU_0010,LOC_SKU_0010,5,15,"[25.0, 33.0]",A2533,25.0,33.0
5629,12/11/2018,3780625,SKU_0001,5,REF_SKU_0001,LOC_SKU_0001,7,20,"[35.0, 40.9]",A3541,35.0,40.9
5630,12/11/2018,3780875,SKU_0052,3,REF_SKU_0052,LOC_SKU_0052,3,19,"[15.0, 39.4]",A1539,15.0,39.4
5631,12/11/2018,3780112,SKU_0005,5,REF_SKU_0005,LOC_SKU_0005,8,8,"[40.0, 20.4]",A4020,40.0,20.4
5632,12/11/2018,3780364,SKU_0002,4,REF_SKU_0002,LOC_SKU_0002,8,15,"[40.0, 32.1]",A4032,40.0,32.1
5633,12/11/2018,3780303,SKU_0004,3,REF_SKU_0004,LOC_SKU_0004,7,1,"[35.0, 8.1]",A3508,35.0,8.1
5634,12/11/2018,3780471,SKU_0009,3,REF_SKU_0009,LOC_SKU_0009,6,0,"[30.0, 5.5]",A3006,30.0,5.5
5635,12/11/2018,3780964,SKU_0004,5,REF_SKU_0004,LOC_SKU_0004,7,1,"[35.0, 8.1]",A3508,35.0,8.1
5636,12/11/2018,3780091,SKU_0002,4,REF_SKU_0002,LOC_SKU_0002,8,15,"[40.0, 32.1]",A4032,40.0,32.1
5637,12/11/2018,3780530,SKU_0005,5,REF_SKU_0005,LOC_SKU_0005,8,8,"[40.0, 20.4]",A4020,40.0,20.4
5638,12/11/2018,3780661,SKU_0001,1,REF_SKU_0001,LOC_SKU_0001,7,20,"[35.0, 40.9]",A3541,35.0,40.9
5639,12/11/2018,3780988,SKU_0068,1,REF_SKU_0068,LOC_SKU_0068,1,7,"[5.0, 17.6]",A0518,5.0,17.6
5640,12/11/2018,3780739,SKU_0001,3,REF_SKU_0001,LOC_SKU_0001,7,20,"[35.0, 40.9]",A3541,35.0,40.9
5641,12/11/2018,3780726,SKU_0001,5,REF_SKU_0001,LOC_SKU_0001,7,20,"[35.0, 40.9]",A3541,35.0,40.9
5642,12/11/2018,3780872,SKU_0028,1,REF_SKU_0028,LOC_SKU_0028,4,5,"[20.0, 13.7]",A2014,20.0,13.7
5643,12/11/2018,3780663,SKU_0069,2,REF_SKU_0069,LOC_SKU_0069,9,20,"[45.0, 41.9]",A4542,45.0,41.9
5644,12/11/2018,3780192,SKU_0095,1,REF_SKU_0095,LOC_SKU_0095,4,0,"[20.0, 6.2]",A2006,20.0,6.2
5645,12/11/2018,3780963,SKU_0009,5,REF_SKU_0009,LOC_SKU_0009,6,0,"[30.0, 5.5]",A3006,30.0,5.5
5646,12/11/2018,3780552,SKU_0002,5,REF_SKU_0002,LOC_SKU_0002,8,15,"[40.0, 32.1]",A4032,40.0,32.1
5647,12/11/2018,3780242,SKU_0052,1,REF_SKU_0052,LOC_SKU_0052,3,19,"[15.0, 39.4]",A1539,15.0,39.4
5648,12/11/2018,3780138,SKU_0039,5,REF_SKU_0039,LOC_SKU_0039,9,19,"[45.0, 39.9]",A4540,45.0,39.9
5649,12/11/2018,3780345,SKU_0002,5,REF_SKU_0002,LOC_SKU_0002,8,15,"[40.0, 32.1]",A4032,40.0,32.1
5650,12/11/2018,3780180,SKU_0204,2,REF_SKU_0204,LOC_SKU_0204,3,21,"[15.0, 42.0]",A1542,15.0,42.0
5651,12/11/2018,3780712,SKU_0001,3,REF_SKU_0001,LOC_SKU_0001,7,20,"[35.0, 40.9]",A3541,35.0,40.9
5652,12/11/2018,3780503,SKU_0424,5,REF_SKU_0424,LOC_SKU_0424,6,8,"[30.0, 20.3]",A3020,30.0,20.3
5653,12/11/2018,3780203,SKU_0140,4,REF_SKU_0140,LOC_SKU_0140,5,5,"[25.0, 14.0]",A2514,25.0,14.0
5654,12/11/2018,3780573,SKU_0035,3,REF_SKU_0035,LOC_SKU_0035,2,13,"[10.0, 29.5]",A1030,10.0,29.5
5655,12/11/2018,3780192,SKU_0281,3,REF_SKU_0281,LOC_SKU_0281,5,24,"[25.0, 48.9]",A2549,25.0,48.9
5656,12/11/2018,3780005,SKU_0046,4,REF_SKU_0046,LOC_SKU_0046,2,2,"[10.0, 9.7]",A1010,10.0,9.7
5657,12/11/2018,3780890,SKU_0001,1,REF_SKU_0001,LOC_SKU_0001,7,20,"[35.0, 40.9]",A3541,35.0,40.9
5658,12/11/2018,3780237,SKU_0007,2,REF_SKU_0007,LOC_SKU_0007,6,1,"[30.0, 8.0]",A3008,30.0,8.0
5659,12/11/2018,3780693,SKU_0001,5,REF_SKU_0001,LOC_SKU_0001,7,20,"[35.0, 40.9]",A3541,35.0,40.9
5660,12/11/2018,3780311,SKU_0005,1,REF_SKU_0005,LOC_SKU_0005,8,8,"[40.0, 20.4]",A4020,40.0,20.4
5661,12/11/2018,3780549,SKU_0053,4,REF_SKU_0053,LOC_SKU_0053,10,6,"[50.0, 16.0]",A5016,50.0,16.0
5662,12/11/2018,3780056,SKU_0005,2,REF_SKU_0005,LOC_SKU_0005,8,8,"[40.0, 20.4]",A4020,40.0,20.4
5663,12/11/2018,3780443,SKU_0003,2,REF_SKU_0003,LOC_SKU_0003,7,11,"[35.0, 25.3]",A3525,35.0,25.3
5664,12/11/2018,3780237,SKU_0018,2,REF_SKU_0018,LOC_SKU_0018,7,0,"[35.0, 6.1]",A3506,35.0,6.1
5665,12/11/2018,3780870,SKU_0155,4,REF_SKU_0155,LOC_SKU_0155,1,2,"[5.0, 8.7]",A0509,5.0,8.7
5666,12/11/2018,3780861,SKU_0001,1,REF_SKU_0001,LOC_SKU_0001,7,20,"[35.0, 40.9]",A3541,35.0,40.9
5667,12/11/2018,3780197,SKU_0005,5,REF_SKU_0005,LOC_SKU_0005,8,8,"[40.0, 20.4]",A4020,40.0,20.4
5668,12/11/2018,3780585,SKU_0001,2,REF_SKU_0001,LOC_SKU_0001,7,20,"[35.0, 40.9]",A3541,35.0,40.9
5669,12/11/2018,3780571,SKU_0038,2,REF_SKU_0038,LOC_SKU_0038,1,0,"[5.0, 6.2]",A0506,5.0,6.2
5670,12/11/2018,3780752,SKU_0001,1,REF_SKU_0001,LOC_SKU_0001,7,20,"[35.0, 40.9]",A3541,35.0,40.9
5671,12/11/2018,3780514,SKU_0030,2,REF_SKU_0030,LOC_SKU_0030,2,10,"[10.0, 23.1]",A1023,10.0,23.1
5672,12/11/2018,3780449,SKU_0003,2,REF_SKU_0003,LOC_SKU_0003,7,11,"[35.0, 25.3]",A3525,35.0,25.3
5673,12/11/2018,3780360,SKU_0002,4,REF_SKU_0002,LOC_SKU_0002,8,15,"[40.0, 32.1]",A4032,40.0,32.1
5674,12/11/2018,3780700,SKU_0275,3,REF_SKU_0275,LOC_SKU_0275,10,24,"[50.0, 47.8]",A5048,50.0,47.8
5675,12/11/2018,3780819,SKU_0001,1,REF_SKU_0001,LOC_SKU_0001,7,20,"[35.0, 40.9]",A3541,35.0,40.9
5676,12/11/2018,3780030,SKU_0006,1,REF_SKU_0006,LOC_SKU_0006,8,18,"[40.0, 37.0]",A4037,40.0,37.0
5677,12/11/2018,3780779,SKU_0001,1,REF_SKU_0001,LOC_SKU_0001,7,20,"[35.0, 40.9]",A3541,35.0,40.9
5678,12/11/2018,3780988,SKU_0009,4,REF_SKU_0009,LOC_SKU_0009,6,0,"[30.0, 5.5]",A3006,30.0,5.5
5679,12/11/2018,3780108,SKU_0010,4,REF_SKU_0010,LOC_SKU_0010,5,15,"[25.0, 33.0]",A2533,25.0,33.0
5680,12/11/2018,3780844,SKU_0003,5,REF_SKU_0003,LOC_SKU_0003,7,11,"[35.0, 25.3]",A3525,35.0,25.3
5681,12/11/2018,3780935,SKU_0001,4,REF_SKU_0001,LOC_SKU_0001,7,20,"[35.0, 40.9]",A3541,35.0,40.9
5682,12/11/2018,3780602,SKU_0004,1,REF_SKU_0004,LOC_SKU_0004,7,1,"[35.0, 8.1]",A3508,35.0,8.1
5683,12/11/2018,3780717,SKU_0032,5,REF_SKU_0032,LOC_SKU_0032,8,14,"[40.0, 30.9]",A4031,40.0,30.9
5684,12/11/2018,3780891,SKU_0074,3,REF_SKU_0074,LOC_SKU_0074,8,24,"[40.0, 47.5]",A4048,40.0,47.5
5685,12/11/2018,3780968,SKU_0012,2,REF_SKU_0012,LOC_SKU_0012,9,7,"[45.0, 18.5]",A4518,45.0,18.5
5686,12/11/2018,3780959,SKU_0018,2,REF_SKU_0018,LOC_SKU_0018,7,0,"[35.0, 6.1]",A3506,35.0,6.1
5687,12/11/2018,3780960,SKU_0002,5,REF_SKU_0002,LOC_SKU_0002,8,15,"[40.0, 32.1]",A4032,40.0,32.1
5688,12/11/2018,3780445,SKU_0003,3,REF_SKU_0003,LOC_SKU_0003,7,11,"[35.0, 25.3]",A3525,35.0,25.3
5689,12/11/2018,3780893,SKU_0001,2,REF_SKU_0001,LOC_SKU_0001,7,20,"[35.0, 40.9]",A3541,35.0,40.9
5690,12/11/2018,3780438,SKU_0002,5,REF_SKU_0002,LOC_SKU_0002,8,15,"[40.0, 32.1]",A4032,40.0,32.1
5691,12/11/2018,3780732,SKU_0002,4,REF_SKU_0002,LOC_SKU_0002,8,15,"[40.0, 32.1]",A4032,40.0,32.1
5692,12/11/2018,3780890,SKU_0011,1,REF_SKU_0011,LOC_SKU_0011,10,13,"[50.0, 28.9]",A5029,50.0,28.9
5693,12/11/2018,3780606,SKU_0015,3,REF_SKU_0015,LOC_SKU_0015,4,15,"[20.0, 31.9]",A2032,20.0,31.9
5694,12/11/2018,3780457,SKU_0297,2,REF_SKU_0297,LOC_SKU_0297,2,1,"[10.0, 7.1]",A1007,10.0,7.1
5695,12/11/2018,3780615,SKU_0002,1,REF_SKU_0002,LOC_SKU_0002,8,15,"[40.0, 32.1]",A4032,40.0,32.1
5696,12/11/2018,3780735,SKU_0025,5,REF_SKU_0025,LOC_SKU_0025,1,6,"[5.0, 17.0]",A0517,5.0,17.0
5697,12/11/2018,3780698,SKU_0098,2,REF_SKU_0098,LOC_SKU_0098,4,24,"[20.0, 47.4]",A2047,20.0,47.4
5698,12/11/2018,3780981,SKU_0014,1,REF_SKU_0014,LOC_SKU_0014,3,10,"[15.0, 22.5]",A1522,15.0,22.5
5699,12/11/2018,3780696,SKU_0002,4,REF_SKU_0002,LOC_SKU_0002,8,15,"[40.0, 32.1]",A4032,40.0,32.1
5700,12/11/2018,3780495,SKU_0002,3,REF_SKU_0002,LOC_SKU_0002,8,15,"[40.0, 32.1]",A4032,40.0,32.1
5701,12/11/2018,3780674,SKU_0001,5,REF_SKU_0001,LOC_SKU_0001,7,20,"[35.0, 40.9]",A3541,35.0,40.9
5702,12/11/2018,3780247,SKU_0003,2,REF_SKU_0003,LOC_SKU_0003,7,11,"[35.0, 25.3]",A3525,35.0,25.3
5703,12/11/2018,3780543,SKU_0055,4,REF_SKU_0055,LOC_SKU_0055,10,1,"[50.0, 6.6]",A5007,50.0,6.6
5704,12/11/2018,3780564,SKU_0001,3,REF_SKU_0001,LOC_SKU_0001,7,20,"[35.0, 40.9]",A3541,35.0,40.9
5705,12/11/2018,3780857,SKU_0002,3,REF_SKU_0002,LOC_SKU_0002,8,15,"[40.0, 32.1]",A4032,40.0,32.1
5706,12/11/2018,3780588,SKU_0041,4,REF_SKU_0041,LOC_SKU_0041,3,18,"[15.0, 37.0]",A1537,15.0,37.0
5707,12/11/2018,3780897,SKU_0074,2,REF_SKU_0074,LOC_SKU_0074,8,24,"[40.0, 47.5]",A4048,40.0,47.5
5708,12/11/2018,3780439,SKU_0007,3,REF_SKU_0007,LOC_SKU_0007,6,1,"[30.0, 8.0]",A3008,30.0,8.0
5709,12/11/2018,3780278,SKU_0038,5,REF_SKU_0038,LOC_SKU_0038,1,0,"[5.0, 6.2]",A0506,5.0,6.2
5710,12/11/2018,3780552,SKU_0005,1,REF_SKU_0005,LOC_SKU_0005,8,8,"[40.0, 20.4]",A4020,40.0,20.4
5711,12/11/2018,3780613,SKU_0001,5,REF_SKU_0001,LOC_SKU_0001,7,20,"[35.0, 40.9]",A3541,35.0,40.9
5712,12/11/2018,3780111,SKU_0005,3,REF_SKU_0005,LOC_SKU_0005,8,8,"[40.0, 20.4]",A4020,40.0,20.4
5713,12/11/2018,3780385,SKU_0016,1,REF_SKU_0016,LOC_SKU_0016,3,22,"[15.0, 43.8]",A1544,15.0,43.8
5714,12/11/2018,3780833,SKU_0306,4,REF_SKU_0306,LOC_SKU_0306,1,24,"[5.0, 48.0]",A0548,5.0,48.0
5715,12/11/2018,3780761,SKU_0001,1,REF_SKU_0001,LOC_SKU_0001,7,20,"[35.0, 40.9]",A3541,35.0,40.9
5716,12/11/2018,3780191,SKU_0010,1,REF_SKU_0010,LOC_SKU_0010,5,15,"[25.0, 33.0]",A2533,25.0,33.0
5717,12/11/2018,3780490,SKU_0003,1,REF_SKU_0003,LOC_SKU_0003,7,11,"[35.0, 25.3]",A3525,35.0,25.3
5718,12/11/2018,3780694,SKU_0010,3,REF_SKU_0010,LOC_SKU_0010,5,15,"[25.0, 33.0]",A2533,25.0,33.0
5719,12/11/2018,3780426,SKU_0001,2,REF_SKU_0001,LOC_SKU_0001,7,20,"[35.0, 40.9]",A3541,35.0,40.9
5720,12/11/2018,3780405,SKU_0003,3,REF_SKU_0003,LOC_SKU_0003,7,11,"[35.0, 25.3]",A3525,35.0,25.3
5721,12/11/2018,3780335,SKU_0100,2,REF_SKU_0100,LOC_SKU_0100,2,21,"[10.0, 42.8]",A1043,10.0,42.8
5722,12/11/2018,3780209,SKU_0014,4,REF_SKU_0014,LOC_SKU_0014,3,10,"[15.0, 22.5]",A1522,15.0,22.5
5723,12/11/2018,3780022,SKU_0007,4,REF_SKU_0007,LOC_SKU_0007,6,1,"[30.0, 8.0]",A3008,30.0,8.0
5724,12/11/2018,3780678,SKU_0003,4,REF_SKU_0003,LOC_SKU_0003,7,11,"[35.0, 25.3]",A3525,35.0,25.3
5725,12/11/2018,3780611,SKU_0003,4,REF_SKU_0003,LOC_SKU_0003,7,11,"[35.0, 25.3]",A3525,35.0,25.3
5726,12/11/2018,3780208,SKU_0005,4,REF_SKU_0005,LOC_SKU_0005,8,8,"[40.0, 20.4]",A4020,40.0,20.4
5727,12/11/2018,3780008,SKU_0114,5,REF_SKU_0114,LOC_SKU_0114,6,17,"[30.0, 35.3]",A3035,30.0,35.3
5728,12/11/2018,3780702,SKU_0366,3,REF_SKU_0366,LOC_SKU_0366,2,2,"[10.0, 9.4]",A1009,10.0,9.4
5729,12/11/2018,3780687,SKU_0006,2,REF_SKU_0006,LOC_SKU_0006,8,18,"[40.0, 37.0]",A4037,40.0,37.0
5730,12/11/2018,3780785,SKU_0005,4,REF_SKU_0005,LOC_SKU_0005,8,8,"[40.0, 20.4]",A4020,40.0,20.4
5731,12/11/2018,3780529,SKU_0125,5,REF_SKU_0125,LOC_SKU_0125,1,14,"[5.0, 29.6]",A0530,5.0,29.6
5732,12/11/2018,3780602,SKU_0006,5,REF_SKU_0006,LOC_SKU_0006,8,18,"[40.0, 37.0]",A4037,40.0,37.0
5733,12/11/2018,3780653,SKU_0014,5,REF_SKU_0014,LOC_SKU_0014,3,10,"[15.0, 22.5]",A1522,15.0,22.5
5734,12/11/2018,3780657,SKU_0002,3,REF_SKU_0002,LOC_SKU_0002,8,15,"[40.0, 32.1]",A4032,40.0,32.1
5735,12/11/2018,3780166,SKU_0054,4,REF_SKU_0054,LOC_SKU_0054,7,1,"[35.0, 7.3]",A3507,35.0,7.3
5736,12/11/2018,3780849,SKU_0012,5,REF_SKU_0012,LOC_SKU_0012,9,7,"[45.0, 18.5]",A4518,45.0,18.5
5737,12/11/2018,3780496,SKU_0091,5,REF_SKU_0091,LOC_SKU_0091,6,13,"[30.0, 29.3]",A3029,30.0,29.3
5738,12/11/2018,3780590,SKU_0073,4,REF_SKU_0073,LOC_SKU_0073,1,3,"[5.0, 10.8]",A0511,5.0,10.8
5739,12/11/2018,3780429,SKU_0002,3,REF_SKU_0002,LOC_SKU_0002,8,15,"[40.0, 32.1]",A4032,40.0,32.1
5740,12/11/2018,3780774,SKU_0044,5,REF_SKU_0044,LOC_SKU_0044,10,3,"[50.0, 10.7]",A5011,50.0,10.7
5741,12/11/2018,3780163,SKU_0085,2,REF_SKU_0085,LOC_SKU_0085,2,13,"[10.0, 29.1]",A1029,10.0,29.1
5742,12/11/2018,3780366,SKU_0004,1,REF_SKU_0004,LOC_SKU_0004,7,1,"[35.0, 8.1]",A3508,35.0,8.1
5743,12/11/2018,3780526,SKU_0001,1,REF_SKU_0001,LOC_SKU_0001,7,20,"[35.0, 40.9]",A3541,35.0,40.9
5744,12/11/2018,3780239,SKU_0001,1,REF_SKU_0001,LOC_SKU_0001,7,20,"[35.0, 40.9]",A3541,35.0,40.9
5745,12/11/2018,3780072,SKU_0007,3,REF_SKU_0007,LOC_SKU_0007,6,1,"[30.0, 8.0]",A3008,30.0,8.0
5746,12/11/2018,3780445,SKU_0004,5,REF_SKU_0004,LOC_SKU_0004,7,1,"[35.0, 8.1]",A3508,35.0,8.1
5747,12/11/2018,3780655,SKU_0014,1,REF_SKU_0014,LOC_SKU_0014,3,10,"[15.0, 22.5]",A1522,15.0,22.5
5748,12/11/2018,3780822,SKU_0001,1,REF_SKU_0001,LOC_SKU_0001,7,20,"[35.0, 40.9]",A3541,35.0,40.9
5749,12/11/2018,3780509,SKU_0140,4,REF_SKU_0140,LOC_SKU_0140,5,5,"[25.0, 14.0]",A2514,25.0,14.0
5750,12/11/2018,3780795,SKU_0002,5,REF_SKU_0002,LOC_SKU_0002,8,15,"[40.0, 32.1]",A4032,40.0,32.1
5751,12/11/2018,3780269,SKU_0002,5,REF_SKU_0002,LOC_SKU_0002,8,15,"[40.0, 32.1]",A4032,40.0,32.1
5752,12/11/2018,3780753,SKU_0008,4,REF_SKU_0008,LOC_SKU_0008,8,21,"[40.0, 42.5]",A4042,40.0,42.5
5753,12/11/2018,3780415,SKU_0009,5,REF_SKU_0009,LOC_SKU_0009,6,0,"[30.0, 5.5]",A3006,30.0,5.5
5754,12/11/2018,3780245,SKU_0002,2,REF_SKU_0002,LOC_SKU_0002,8,15,"[40.0, 32.1]",A4032,40.0,32.1
5755,12/11/2018,3780675,SKU_0002,3,REF_SKU_0002,LOC_SKU_0002,8,15,"[40.0, 32.1]",A4032,40.0,32.1
5756,12/11/2018,3780060,SKU_0001,4,REF_SKU_0001,LOC_SKU_0001,7,20,"[35.0, 40.9]",A3541,35.0,40.9
5757,12/11/2018,3780006,SKU_0045,1,REF_SKU_0045,LOC_SKU_0045,7,21,"[35.0, 43.3]",A3543,35.0,43.3
5758,12/11/2018,3780709,SKU_0067,5,REF_SKU_0067,LOC_SKU_0067,9,8,"[45.0, 19.7]",A4520,45.0,19.7
5759,12/11/2018,3780982,SKU_0008,2,REF_SKU_0008,LOC_SKU_0008,8,21,"[40.0, 42.5]",A4042,40.0,42.5
5760,12/11/2018,3780570,SKU_0043,2,REF_SKU_0043,LOC_SKU_0043,5,23,"[25.0, 46.7]",A2547,25.0,46.7
5761,12/11/2018,3780817,SKU_0051,3,REF_SKU_0051,LOC_SKU_0051,5,24,"[25.0, 48.7]",A2549,25.0,48.7
5762,12/11/2018,3780407,SKU_0001,2,REF_SKU_0001,LOC_SKU_0001,7,20,"[35.0, 40.9]",A3541,35.0,40.9
5763,12/11/2018,3780217,SKU_0362,5,REF_SKU_0362,LOC_SKU_0362,10,13,"[50.0, 29.3]",A5029,50.0,29.3
5764,12/11/2018,3780930,SKU_0101,5,REF_SKU_0101,LOC_SKU_0101,9,3,"[45.0, 10.5]",A4510,45.0,10.5
5765,12/11/2018,3780026,SKU_0002,2,REF_SKU_0002,LOC_SKU_0002,8,15,"[40.0, 32.1]",A4032,40.0,32.1
5766,12/11/2018,3780815,SKU_0001,5,REF_SKU_0001,LOC_SKU_0001,7,20,"[35.0, 40.9]",A3541,35.0,40.9
5767,12/11/2018,3780005,SKU_0001,5,REF_SKU_0001,LOC_SKU_0001,7,20,"[35.0, 40.9]",A3541,35.0,40.9
5768,12/11/2018,3780986,SKU_0001,1,REF_SKU_0001,LOC_SKU_0001,7,20,"[35.0, 40.9]",A3541,35.0,40.9
5769,12/11/2018,3780532,SKU_0056,4,REF_SKU_0056,LOC_SKU_0056,3,1,"[15.0, 6.9]",A1507,15.0,6.9
5770,12/11/2018,3780390,SKU_0008,5,REF_SKU_0008,LOC_SKU_0008,8,21,"[40.0, 42.5]",A4042,40.0,42.5
5771,12/11/2018,3780710,SKU_0074,5,REF_SKU_0074,LOC_SKU_0074,8,24,"[40.0, 47.5]",A4048,40.0,47.5
5772,12/11/2018,3780571,SKU_0055,3,REF_SKU_0055,LOC_SKU_0055,10,1,"[50.0, 6.6]",A5007,50.0,6.6
5773,12/11/2018,3780448,SKU_0019,4,REF_SKU_0019,LOC_SKU_0019,9,24,"[45.0, 48.5]",A4548,45.0,48.5
5774,12/11/2018,3780754,SKU_0035,4,REF_SKU_0035,LOC_SKU_0035,2,13,"[10.0, 29.5]",A1030,10.0,29.5
5775,12/11/2018,3780146,SKU_0001,4,REF_SKU_0001,LOC_SKU_0001,7,20,"[35.0, 40.9]",A3541,35.0,40.9
5776,12/11/2018,3780388,SKU_0003,2,REF_SKU_0003,LOC_SKU_0003,7,11,"[35.0, 25.3]",A3525,35.0,25.3
5777,12/11/2018,3780785,SKU_0025,1,REF_SKU_0025,LOC_SKU_0025,1,6,"[5.0, 17.0]",A0517,5.0,17.0
5778,12/11/2018,3780249,SKU_0001,1,REF_SKU_0001,LOC_SKU_0001,7,20,"[35.0, 40.9]",A3541,35.0,40.9
5779,12/11/2018,3780526,SKU_0001,3,REF_SKU_0001,LOC_SKU_0001,7,20,"[35.0, 40.9]",A3541,35.0,40.9
5780,12/11/2018,3780462,SKU_0131,4,REF_SKU_0131,LOC_SKU_0131,1,14,"[5.0, 31.2]",A0531,5.0,31.2
5781,12/11/2018,3780013,SKU_0034,4,REF_SKU_0034,LOC_SKU_0034,5,10,"[25.0, 22.8]",A2523,25.0,22.8
5782,12/11/2018,3780903,SKU_0002,5,REF_SKU_0002,LOC_SKU_0002,8,15,"[40.0, 32.1]",A4032,40.0,32.1
5783,12/11/2018,3780384,SKU_0036,2,REF_SKU_0036,LOC_SKU_0036,8,9,"[40.0, 21.4]",A4021,40.0,21.4
5784,12/11/2018,3780556,SKU_0080,2,REF_SKU_0080,LOC_SKU_0080,1,4,"[5.0, 12.1]",A0512,5.0,12.1
5785,12/11/2018,3780887,SKU_0003,3,REF_SKU_0003,LOC_SKU_0003,7,11,"[35.0, 25.3]",A3525,35.0,25.3
5786,12/11/2018,3780399,SKU_0001,1,REF_SKU_0001,LOC_SKU_0001,7,20,"[35.0, 40.9]",A3541,35.0,40.9
5787,12/11/2018,3780019,SKU_0266,4,REF_SKU_0266,LOC_SKU_0266,5,1,"[25.0, 7.4]",A2507,25.0,7.4
5788,12/11/2018,3780575,SKU_0004,3,REF_SKU_0004,LOC_SKU_0004,7,1,"[35.0, 8.1]",A3508,35.0,8.1
5789,12/11/2018,3780491,SKU_0001,2,REF_SKU_0001,LOC_SKU_0001,7,20,"[35.0, 40.9]",A3541,35.0,40.9
5790,12/11/2018,3780751,SKU_0009,2,REF_SKU_0009,LOC_SKU_0009,6,0,"[30.0, 5.5]",A3006,30.0,5.5
5791,12/11/2018,3780419,SKU_0066,2,REF_SKU_0066,LOC_SKU_0066,10,3,"[50.0, 10.9]",A5011,50.0,10.9
5792,12/11/2018,3780337,SKU_0002,4,REF_SKU_0002,LOC_SKU_0002,8,15,"[40.0, 32.1]",A4032,40.0,32.1
5793,12/11/2018,3780419,SKU_0002,4,REF_SKU_0002,LOC_SKU_0002,8,15,"[40.0, 32.1]",A4032,40.0,32.1
5794,12/11/2018,3780915,SKU_0002,4,REF_SKU_0002,LOC_SKU_0002,8,15,"[40.0, 32.1]",A4032,40.0,32.1
5795,12/11/2018,3780916,SKU_0462,5,REF_SKU_0462,LOC_SKU_0462,9,19,"[45.0, 38.6]",A4539,45.0,38.6
5796,12/11/2018,3780612,SKU_0002,1,REF_SKU_0002,LOC_SKU_0002,8,15,"[40.0, 32.1]",A4032,40.0,32.1
5797,12/11/2018,3780675,SKU_0016,2,REF_SKU_0016,LOC_SKU_0016,3,22,"[15.0, 43.8]",A1544,15.0,43.8
5798,12/11/2018,3780928,SKU_0248,2,REF_SKU_0248,LOC_SKU_0248,8,9,"[40.0, 22.2]",A4022,40.0,22.2
5799,12/11/2018,3780122,SKU_0001,5,REF_SKU_0001,LOC_SKU_0001,7,20,"[35.0, 40.9]",A3541,35.0,40.9
5800,12/11/2018,3780432,SKU_0379,2,REF_SKU_0379,LOC_SKU_0379,8,17,"[40.0, 36.5]",A4036,40.0,36.5
5801,12/11/2018,3780044,SKU_0304,2,REF_SKU_0304,LOC_SKU_0304,10,9,"[50.0, 22.3]",A5022,50.0,22.3
5802,12/11/2018,3780872,SKU_0173,4,REF_SKU_0173,LOC_SKU_0173,3,11,"[15.0, 25.0]",A1525,15.0,25.0
5803,12/11/2018,3780920,SKU_0002,4,REF_SKU_0002,LOC_SKU_0002,8,15,"[40.0, 32.1]",A4032,40.0,32.1
5804,12/11/2018,3780317,SKU_0024,1,REF_SKU_0024,LOC_SKU_0024,8,1,"[40.0, 7.0]",A4007,40.0,7.0
5805,12/11/2018,3780381,SKU_0062,2,REF_SKU_0062,LOC_SKU_0062,6,22,"[30.0, 44.7]",A3045,30.0,44.7
5806,12/11/2018,3780145,SKU_0437,3,REF_SKU_0437,LOC_SKU_0437,8,4,"[40.0, 12.2]",A4012,40.0,12.2
5807,12/11/2018,3780327,SKU_0001,2,REF_SKU_0001,LOC_SKU_0001,7,20,"[35.0, 40.9]",A3541,35.0,40.9
5808,12/11/2018,3780363,SKU_0065,2,REF_SKU_0065,LOC_SKU_0065,4,22,"[20.0, 45.2]",A2045,20.0,45.2
5809,12/11/2018,3780050,SKU_0004,1,REF_SKU_0004,LOC_SKU_0004,7,1,"[35.0, 8.1]",A3508,35.0,8.1
5810,12/11/2018,3780065,SKU_0001,3,REF_SKU_0001,LOC_SKU_0001,7,20,"[35.0, 40.9]",A3541,35.0,40.9
5811,12/11/2018,3780355,SKU_0006,2,REF_SKU_0006,LOC_SKU_0006,8,18,"[40.0, 37.0]",A4037,40.0,37.0
5812,12/11/2018,3780800,SKU_0081,3,REF_SKU_0081,LOC_SKU_0081,8,1,"[40.0, 7.1]",A4007,40.0,7.1
5813,12/11/2018,3780164,SKU_0008,4,REF_SKU_0008,LOC_SKU_0008,8,21,"[40.0, 42.5]",A4042,40.0,42.5
5814,12/11/2018,3780141,SKU_0012,4,REF_SKU_0012,LOC_SKU_0012,9,7,"[45.0, 18.5]",A4518,45.0,18.5
5815,12/11/2018,3780966,SKU_0478,3,REF_SKU_0478,LOC_SKU_0478,6,22,"[30.0, 43.8]",A3044,30.0,43.8
5816,12/11/2018,3780826,SKU_0005,2,REF_SKU_0005,LOC_SKU_0005,8,8,"[40.0, 20.4]",A4020,40.0,20.4
5817,12/11/2018,3780128,SKU_0021,3,REF_SKU_0021,LOC_SKU_0021,10,2,"[50.0, 9.8]",A5010,50.0,9.8
5818,12/11/2018,3780398,SKU_0004,3,REF_SKU_0004,LOC_SKU_0004,7,1,"[35.0, 8.1]",A3508,35.0,8.1
5819,12/11/2018,3780933,SKU_0005,4,REF_SKU_0005,LOC_SKU_0005,8,8,"[40.0, 20.4]",A4020,40.0,20.4
5820,12/11/2018,3780880,SKU_0038,3,REF_SKU_0038,LOC_SKU_0038,1,0,"[5.0, 6.2]",A0506,5.0,6.2
5821,12/11/2018,3780463,SKU_0279,5,REF_SKU_0279,LOC_SKU_0279,4,12,"[20.0, 26.1]",A2026,20.0,26.1
5822,12/11/2018,3780751,SKU_0013,5,REF_SKU_0013,LOC_SKU_0013,10,1,"[50.0, 7.6]",A5008,50.0,7.6
5823,12/11/2018,3780836,SKU_0066,4,REF_SKU_0066,LOC_SKU_0066,10,3,"[50.0, 10.9]",A5011,50.0,10.9
5824,12/11/2018,3780808,SKU_0001,2,REF_SKU_0001,LOC_SKU_0001,7,20,"[35.0, 40.9]",A3541,35.0,40.9
5825,12/11/2018,3780187,SKU_0002,2,REF_SKU_0002,LOC_SKU_0002,8,15,"[40.0, 32.1]",A4032,40.0,32.1
5826,12/11/2018,3780720,SKU_0010,4,REF_SKU_0010,LOC_SKU_0010,5,15,"[25.0, 33.0]",A2533,25.0,33.0
5827,12/11/2018,3780732,SKU_0001,2,REF_SKU_0001,LOC_SKU_0001,7,20,"[35.0, 40.9]",A3541,35.0,40.9
5828,12/11/2018,3780912,SKU_0002,1,REF_SKU_0002,LOC_SKU_0002,8,15,"[40.0, 32.1]",A4032,40.0,32.1
5829,12/11/2018,3780190,SKU_0011,5,REF_SKU_0011,LOC_SKU_0011,10,13,"[50.0, 28.9]",A5029,50.0,28.9
5830,12/11/2018,3780388,SKU_0001,1,REF_SKU_0001,LOC_SKU_0001,7,20,"[35.0, 40.9]",A3541,35.0,40.9
5831,12/11/2018,3780429,SKU_0002,1,REF_SKU_0002,LOC_SKU_0002,8,15,"[40.0, 32.1]",A4032,40.0,32.1
5832,12/11/2018,3780858,SKU_0010,1,REF_SKU_0010,LOC_SKU_0010,5,15,"[25.0, 33.0]",A2533,25.0,33.0
5833,12/11/2018,3780284,SKU_0016,4,REF_SKU_0016,LOC_SKU_0016,3,22,"[15.0, 43.8]",A1544,15.0,43.8
5834,12/11/2018,3780864,SKU_0250,1,REF_SKU_0250,LOC_SKU_0250,1,24,"[5.0, 47.7]",A0548,5.0,47.7
5835,12/11/2018,3780237,SKU_0026,3,REF_SKU_0026,LOC_SKU_0026,8,19,"[40.0, 39.1]",A4039,40.0,39.1
5836,12/11/2018,3780194,SKU_0006,2,REF_SKU_0006,LOC_SKU_0006,8,18,"[40.0, 37.0]",A4037,40.0,37.0
5837,12/11/2018,3780287,SKU_0260,4,REF_SKU_0260,LOC_SKU_0260,9,19,"[45.0, 38.6]",A4539,45.0,38.6
5838,12/11/2018,3780771,SKU_0075,3,REF_SKU_0075,LOC_SKU_0075,6,5,"[30.0, 15.2]",A3015,30.0,15.2
5839,12/11/2018,3780758,SKU_0002,3,REF_SKU_0002,LOC_SKU_0002,8,15,"[40.0, 32.1]",A4032,40.0,32.1
5840,12/11/2018,3780136,SKU_0001,5,REF_SKU_0001,LOC_SKU_0001,7,20,"[35.0, 40.9]",A3541,35.0,40.9
5841,12/11/2018,3780792,SKU_0032,5,REF_SKU_0032,LOC_SKU_0032,8,14,"[40.0, 30.9]",A4031,40.0,30.9
5842,12/11/2018,3780783,SKU_0014,3,REF_SKU_0014,LOC_SKU_0014,3,10,"[15.0, 22.5]",A1522,15.0,22.5
5843,12/11/2018,3780171,SKU_0078,5,REF_SKU_0078,LOC_SKU_0078,10,24,"[50.0, 48.3]",A5048,50.0,48.3
5844,12/11/2018,3780159,SKU_0052,2,REF_SKU_0052,LOC_SKU_0052,3,19,"[15.0, 39.4]",A1539,15.0,39.4
5845,12/11/2018,3780201,SKU_0022,2,REF_SKU_0022,LOC_SKU_0022,4,6,"[20.0, 16.2]",A2016,20.0,16.2
5846,12/11/2018,3780487,SKU_0439,5,REF_SKU_0439,LOC_SKU_0439,2,0,"[10.0, 6.0]",A1006,10.0,6.0
5847,12/11/2018,3780557,SKU_0012,1,REF_SKU_0012,LOC_SKU_0012,9,7,"[45.0, 18.5]",A4518,45.0,18.5
5848,12/11/2018,3780962,SKU_0001,3,REF_SKU_0001,LOC_SKU_0001,7,20,"[35.0, 40.9]",A3541,35.0,40.9
5849,12/11/2018,3780776,SKU_0107,2,REF_SKU_0107,LOC_SKU_0107,5,23,"[25.0, 45.6]",A2546,25.0,45.6
5850,12/11/2018,3780583,SKU_0002,5,REF_SKU_0002,LOC_SKU_0002,8,15,"[40.0, 32.1]",A4032,40.0,32.1
5851,12/11/2018,3780504,SKU_0071,5,REF_SKU_0071,LOC_SKU_0071,6,13,"[30.0, 28.2]",A3028,30.0,28.2
5852,12/11/2018,3780876,SKU_0333,2,REF_SKU_0333,LOC_SKU_0333,6,17,"[30.0, 36.5]",A3036,30.0,36.5
5853,12/11/2018,3780371,SKU_0038,2,REF_SKU_0038,LOC_SKU_0038,1,0,"[5.0, 6.2]",A0506,5.0,6.2
5854,12/11/2018,3780103,SKU_0018,1,REF_SKU_0018,LOC_SKU_0018,7,0,"[35.0, 6.1]",A3506,35.0,6.1
5855,12/11/2018,3780125,SKU_0007,5,REF_SKU_0007,LOC_SKU_0007,6,1,"[30.0, 8.0]",A3008,30.0,8.0
5856,12/11/2018,3780313,SKU_0004,5,REF_SKU_0004,LOC_SKU_0004,7,1,"[35.0, 8.1]",A3508,35.0,8.1
5857,12/11/2018,3780976,SKU_0004,4,REF_SKU_0004,LOC_SKU_0004,7,1,"[35.0, 8.1]",A3508,35.0,8.1
5858,12/11/2018,3780995,SKU_0024,1,REF_SKU_0024,LOC_SKU_0024,8,1,"[40.0, 7.0]",A4007,40.0,7.0
5859,12/11/2018,3780798,SKU_0058,2,REF_SKU_0058,LOC_SKU_0058,4,23,"[20.0, 45.9]",A2046,20.0,45.9
5860,12/11/2018,3780458,SKU_0033,2,REF_SKU_0033,LOC_SKU_0033,9,24,"[45.0, 48.3]",A4548,45.0,48.3
5861,12/11/2018,3780230,SKU_0002,3,REF_SKU_0002,LOC_SKU_0002,8,15,"[40.0, 32.1]",A4032,40.0,32.1
5862,12/11/2018,3780658,SKU_0009,2,REF_SKU_0009,LOC_SKU_0009,6,0,"[30.0, 5.5]",A3006,30.0,5.5
5863,12/11/2018,3780882,SKU_0079,5,REF_SKU_0079,LOC_SKU_0079,7,12,"[35.0, 27.6]",A3528,35.0,27.6
5864,12/11/2018,3780197,SKU_0008,2,REF_SKU_0008,LOC_SKU_0008,8,21,"[40.0, 42.5]",A4042,40.0,42.5
5865,12/11/2018,3780885,SKU_0012,5,REF_SKU_0012,LOC_SKU_0012,9,7,"[45.0, 18.5]",A4518,45.0,18.5
5866,12/11/2018,3780733,SKU_0067,5,REF_SKU_0067,LOC_SKU_0067,9,8,"[45.0, 19.7]",A4520,45.0,19.7
5867,12/11/2018,3780423,SKU_0029,1,REF_SKU_0029,LOC_SKU_0029,2,19,"[10.0, 40.0]",A1040,10.0,40.0
5868,12/11/2018,3780572,SKU_0005,2,REF_SKU_0005,LOC_SKU_0005,8,8,"[40.0, 20.4]",A4020,40.0,20.4
5869,12/11/2018,3780610,SKU_0190,1,REF_SKU_0190,LOC_SKU_0190,10,19,"[50.0, 39.5]",A5040,50.0,39.5
5870,12/11/2018,3780171,SKU_0001,5,REF_SKU_0001,LOC_SKU_0001,7,20,"[35.0, 40.9]",A3541,35.0,40.9
5871,12/11/2018,3780382,SKU_0479,2,REF_SKU_0479,LOC_SKU_0479,8,13,"[40.0, 27.8]",A4028,40.0,27.8
5872,12/11/2018,3780173,SKU_0001,2,REF_SKU_0001,LOC_SKU_0001,7,20,"[35.0, 40.9]",A3541,35.0,40.9
5873,12/11/2018,3780663,SKU_0001,1,REF_SKU_0001,LOC_SKU_0001,7,20,"[35.0, 40.9]",A3541,35.0,40.9
5874,12/11/2018,3780453,SKU_0182,1,REF_SKU_0182,LOC_SKU_0182,1,24,"[5.0, 48.0]",A0548,5.0,48.0
5875,12/11/2018,3780350,SKU_0002,5,REF_SKU_0002,LOC_SKU_0002,8,15,"[40.0, 32.1]",A4032,40.0,32.1
5876,12/11/2018,3780902,SKU_0049,5,REF_SKU_0049,LOC_SKU_0049,8,7,"[40.0, 17.7]",A4018,40.0,17.7
5877,12/11/2018,3780952,SKU_0093,2,REF_SKU_0093,LOC_SKU_0093,6,17,"[30.0, 36.5]",A3036,30.0,36.5
5878,12/11/2018,3780634,SKU_0139,2,REF_SKU_0139,LOC_SKU_0139,4,7,"[20.0, 18.6]",A2019,20.0,18.6
5879,12/11/2018,3780494,SKU_0461,4,REF_SKU_0461,LOC_SKU_0461,8,15,"[40.0, 32.6]",A4033,40.0,32.6
5880,12/11/2018,3780620,SKU_0003,4,REF_SKU_0003,LOC_SKU_0003,7,11,"[35.0, 25.3]",A3525,35.0,25.3
5881,12/11/2018,3780004,SKU_0042,3,REF_SKU_0042,LOC_SKU_0042,3,20,"[15.0, 40.7]",A1541,15.0,40.7
5882,12/11/2018,3780093,SKU_0001,5,REF_SKU_0001,LOC_SKU_0001,7,20,"[35.0, 40.9]",A3541,35.0,40.9
5883,12/11/2018,3780919,SKU_0005,3,REF_SKU_0005,LOC_SKU_0005,8,8,"[40.0, 20.4]",A4020,40.0,20.4
5884,12/11/2018,3780006,SKU_0126,3,REF_SKU_0126,LOC_SKU_0126,3,16,"[15.0, 33.8]",A1534,15.0,33.8
5885,12/11/2018,3780288,SKU_0004,1,REF_SKU_0004,LOC_SKU_0004,7,1,"[35.0, 8.1]",A3508,35.0,8.1
5886,12/11/2018,3780618,SKU_0018,1,REF_SKU_0018,LOC_SKU_0018,7,0,"[35.0, 6.1]",A3506,35.0,6.1
5887,12/11/2018,3780146,SKU_0010,4,REF_SKU_0010,LOC_SKU_0010,5,15,"[25.0, 33.0]",A2533,25.0,33.0
5888,12/11/2018,3780783,SKU_0026,3,REF_SKU_0026,LOC_SKU_0026,8,19,"[40.0, 39.1]",A4039,40.0,39.1
5889,12/11/2018,3780424,SKU_0386,4,REF_SKU_0386,LOC_SKU_0386,8,12,"[40.0, 26.7]",A4027,40.0,26.7
5890,12/11/2018,3780890,SKU_0001,5,REF_SKU_0001,LOC_SKU_0001,7,20,"[35.0, 40.9]",A3541,35.0,40.9
5891,12/11/2018,3780608,SKU_0016,2,REF_SKU_0016,LOC_SKU_0016,3,22,"[15.0, 43.8]",A1544,15.0,43.8
5892,12/11/2018,3780457,SKU_0144,1,REF_SKU_0144,LOC_SKU_0144,8,2,"[40.0, 8.6]",A4009,40.0,8.6
5893,12/11/2018,3780741,SKU_0008,5,REF_SKU_0008,LOC_SKU_0008,8,21,"[40.0, 42.5]",A4042,40.0,42.5
5894,12/11/2018,3780202,SKU_0001,5,REF_SKU_0001,LOC_SKU_0001,7,20,"[35.0, 40.9]",A3541,35.0,40.9
5895,12/11/2018,3780212,SKU_0014,1,REF_SKU_0014,LOC_SKU_0014,3,10,"[15.0, 22.5]",A1522,15.0,22.5
5896,12/11/2018,3780006,SKU_0003,1,REF_SKU_0003,LOC_SKU_0003,7,11,"[35.0, 25.3]",A3525,35.0,25.3
5897,12/11/2018,3780624,SKU_0001,3,REF_SKU_0001,LOC_SKU_0001,7,20,"[35.0, 40.9]",A3541,35.0,40.9
5898,12/11/2018,3780376,SKU_0128,4,REF_SKU_0128,LOC_SKU_0128,6,24,"[30.0, 49.1]",A3049,30.0,49.1
5899,12/11/2018,3780891,SKU_0011,5,REF_SKU_0011,LOC_SKU_0011,10,13,"[50.0, 28.9]",A5029,50.0,28.9
5900,12/11/2018,3780447,SKU_0267,3,REF_SKU_0267,LOC_SKU_0267,5,25,"[25.0, 49.7]",A2550,25.0,49.7
5901,12/11/2018,3780835,SKU_0089,3,REF_SKU_0089,LOC_SKU_0089,6,9,"[30.0, 21.9]",A3022,30.0,21.9
5902,12/11/2018,3780106,SKU_0037,5,REF_SKU_0037,LOC_SKU_0037,9,7,"[45.0, 18.7]",A4519,45.0,18.7
5903,12/11/2018,3780651,SKU_0001,5,REF_SKU_0001,LOC_SKU_0001,7,20,"[35.0, 40.9]",A3541,35.0,40.9
5904,12/11/2018,3780811,SKU_0006,2,REF_SKU_0006,LOC_SKU_0006,8,18,"[40.0, 37.0]",A4037,40.0,37.0
5905,12/11/2018,3780401,SKU_0002,4,REF_SKU_0002,LOC_SKU_0002,8,15,"[40.0, 32.1]",A4032,40.0,32.1
5906,12/11/2018,3780096,SKU_0218,5,REF_SKU_0218,LOC_SKU_0218,3,25,"[15.0, 49.6]",A1550,15.0,49.6
5907,12/11/2018,3780388,SKU_0001,1,REF_SKU_0001,LOC_SKU_0001,7,20,"[35.0, 40.9]",A3541,35.0,40.9
5908,12/11/2018,3780959,SKU_0003,2,REF_SKU_0003,LOC_SKU_0003,7,11,"[35.0, 25.3]",A3525,35.0,25.3
5909,12/11/2018,3780452,SKU_0011,4,REF_SKU_0011,LOC_SKU_0011,10,13,"[50.0, 28.9]",A5029,50.0,28.9
5910,12/11/2018,3780849,SKU_0002,1,REF_SKU_0002,LOC_SKU_0002,8,15,"[40.0, 32.1]",A4032,40.0,32.1
5911,12/11/2018,3780809,SKU_0002,1,REF_SKU_0002,LOC_SKU_0002,8,15,"[40.0, 32.1]",A4032,40.0,32.1
5912,12/11/2018,3780979,SKU_0019,4,REF_SKU_0019,LOC_SKU_0019,9,24,"[45.0, 48.5]",A4548,45.0,48.5
5913,12/11/2018,3780901,SKU_0001,2,REF_SKU_0001,LOC_SKU_0001,7,20,"[35.0, 40.9]",A3541,35.0,40.9
5914,12/11/2018,3780416,SKU_0001,1,REF_SKU_0001,LOC_SKU_0001,7,20,"[35.0, 40.9]",A3541,35.0,40.9
5915,12/11/2018,3780726,SKU_0004,3,REF_SKU_0004,LOC_SKU_0004,7,1,"[35.0, 8.1]",A3508,35.0,8.1
5916,12/11/2018,3780504,SKU_0045,4,REF_SKU_0045,LOC_SKU_0045,7,21,"[35.0, 43.3]",A3543,35.0,43.3
5917,12/11/2018,3780454,SKU_0014,4,REF_SKU_0014,LOC_SKU_0014,3,10,"[15.0, 22.5]",A1522,15.0,22.5
5918,12/11/2018,3780291,SKU_0006,5,REF_SKU_0006,LOC_SKU_0006,8,18,"[40.0, 37.0]",A4037,40.0,37.0
5919,12/11/2018,3780534,SKU_0015,2,REF_SKU_0015,LOC_SKU_0015,4,15,"[20.0, 31.9]",A2032,20.0,31.9
5920,12/11/2018,3780193,SKU_0004,3,REF_SKU_0004,LOC_SKU_0004,7,1,"[35.0, 8.1]",A3508,35.0,8.1
5921,12/11/2018,3780980,SKU_0274,3,REF_SKU_0274,LOC_SKU_0274,7,1,"[35.0, 7.5]",A3508,35.0,7.5
5922,12/11/2018,3780150,SKU_0001,5,REF_SKU_0001,LOC_SKU_0001,7,20,"[35.0, 40.9]",A3541,35.0,40.9
5923,12/11/2018,3780880,SKU_0032,1,REF_SKU_0032,LOC_SKU_0032,8,14,"[40.0, 30.9]",A4031,40.0,30.9
5924,12/11/2018,3780759,SKU_0184,1,REF_SKU_0184,LOC_SKU_0184,5,15,"[25.0, 32.7]",A2533,25.0,32.7
5925,12/11/2018,3780779,SKU_0088,3,REF_SKU_0088,LOC_SKU_0088,8,6,"[40.0, 16.1]",A4016,40.0,16.1
5926,12/11/2018,3780973,SKU_0001,2,REF_SKU_0001,LOC_SKU_0001,7,20,"[35.0, 40.9]",A3541,35.0,40.9
5927,12/11/2018,3780763,SKU_0003,1,REF_SKU_0003,LOC_SKU_0003,7,11,"[35.0, 25.3]",A3525,35.0,25.3
5928,12/11/2018,3780515,SKU_0044,4,REF_SKU_0044,LOC_SKU_0044,10,3,"[50.0, 10.7]",A5011,50.0,10.7
5929,12/11/2018,3780393,SKU_0001,5,REF_SKU_0001,LOC_SKU_0001,7,20,"[35.0, 40.9]",A3541,35.0,40.9
5930,12/11/2018,3780316,SKU_0094,2,REF_SKU_0094,LOC_SKU_0094,3,15,"[15.0, 31.8]",A1532,15.0,31.8
5931,12/11/2018,3780076,SKU_0045,1,REF_SKU_0045,LOC_SKU_0045,7,21,"[35.0, 43.3]",A3543,35.0,43.3
5932,12/11/2018,3780599,SKU_0049,3,REF_SKU_0049,LOC_SKU_0049,8,7,"[40.0, 17.7]",A4018,40.0,17.7
5933,12/11/2018,3780270,SKU_0001,5,REF_SKU_0001,LOC_SKU_0001,7,20,"[35.0, 40.9]",A3541,35.0,40.9
5934,12/11/2018,3780225,SKU_0044,1,REF_SKU_0044,LOC_SKU_0044,10,3,"[50.0, 10.7]",A5011,50.0,10.7
5935,12/11/2018,3780530,SKU_0033,3,REF_SKU_0033,LOC_SKU_0033,9,24,"[45.0, 48.3]",A4548,45.0,48.3
5936,12/11/2018,3780113,SKU_0110,1,REF_SKU_0110,LOC_SKU_0110,3,21,"[15.0, 43.6]",A1544,15.0,43.6
5937,12/11/2018,3780251,SKU_0001,5,REF_SKU_0001,LOC_SKU_0001,7,20,"[35.0, 40.9]",A3541,35.0,40.9
5938,12/11/2018,3780233,SKU_0001,4,REF_SKU_0001,LOC_SKU_0001,7,20,"[35.0, 40.9]",A3541,35.0,40.9
5939,12/11/2018,3780841,SKU_0004,4,REF_SKU_0004,LOC_SKU_0004,7,1,"[35.0, 8.1]",A3508,35.0,8.1
5940,12/11/2018,3780791,SKU_0001,3,REF_SKU_0001,LOC_SKU_0001,7,20,"[35.0, 40.9]",A3541,35.0,40.9
5941,12/11/2018,3780714,SKU_0014,4,REF_SKU_0014,LOC_SKU_0014,3,10,"[15.0, 22.5]",A1522,15.0,22.5
5942,12/11/2018,3780083,SKU_0231,5,REF_SKU_0231,LOC_SKU_0231,4,14,"[20.0, 31.0]",A2031,20.0,31.0
5943,12/11/2018,3780125,SKU_0005,3,REF_SKU_0005,LOC_SKU_0005,8,8,"[40.0, 20.4]",A4020,40.0,20.4
5944,12/11/2018,3780175,SKU_0123,1,REF_SKU_0123,LOC_SKU_0123,8,16,"[40.0, 34.4]",A4034,40.0,34.4
5945,12/11/2018,3780069,SKU_0001,2,REF_SKU_0001,LOC_SKU_0001,7,20,"[35.0, 40.9]",A3541,35.0,40.9
5946,12/11/2018,3780047,SKU_0001,1,REF_SKU_0001,LOC_SKU_0001,7,20,"[35.0, 40.9]",A3541,35.0,40.9
5947,12/11/2018,3780884,SKU_0001,5,REF_SKU_0001,LOC_SKU_0001,7,20,"[35.0, 40.9]",A3541,35.0,40.9
5948,12/11/2018,3780256,SKU_0003,3,REF_SKU_0003,LOC_SKU_0003,7,11,"[35.0, 25.3]",A3525,35.0,25.3
5949,12/11/2018,3780727,SKU_0213,1,REF_SKU_0213,LOC_SKU_0213,5,9,"[25.0, 21.0]",A2521,25.0,21.0
5950,12/11/2018,3780030,SKU_0001,3,REF_SKU_0001,LOC_SKU_0001,7,20,"[35.0, 40.9]",A3541,35.0,40.9
5951,12/11/2018,3780281,SKU_0020,4,REF_SKU_0020,LOC_SKU_0020,2,10,"[10.0, 22.7]",A1023,10.0,22.7
5952,12/11/2018,3780924,SKU_0007,2,REF_SKU_0007,LOC_SKU_0007,6,1,"[30.0, 8.0]",A3008,30.0,8.0
5953,12/11/2018,3780994,SKU_0280,5,REF_SKU_0280,LOC_SKU_0280,10,6,"[50.0, 15.7]",A5016,50.0,15.7
5954,12/11/2018,3780237,SKU_0001,1,REF_SKU_0001,LOC_SKU_0001,7,20,"[35.0, 40.9]",A3541,35.0,40.9
5955,12/11/2018,3780248,SKU_0002,2,REF_SKU_0002,LOC_SKU_0002,8,15,"[40.0, 32.1]",A4032,40.0,32.1
5956,12/11/2018,3780368,SKU_0001,5,REF_SKU_0001,LOC_SKU_0001,7,20,"[35.0, 40.9]",A3541,35.0,40.9
5957,12/11/2018,3780495,SKU_0006,5,REF_SKU_0006,LOC_SKU_0006,8,18,"[40.0, 37.0]",A4037,40.0,37.0
5958,12/11/2018,3780025,SKU_0002,4,REF_SKU_0002,LOC_SKU_0002,8,15,"[40.0, 32.1]",A4032,40.0,32.1
5959,12/11/2018,3780586,SKU_0152,3,REF_SKU_0152,LOC_SKU_0152,2,22,"[10.0, 44.1]",A1044,10.0,44.1
5960,12/11/2018,3780718,SKU_0019,3,REF_SKU_0019,LOC_SKU_0019,9,24,"[45.0, 48.5]",A4548,45.0,48.5
5961,12/11/2018,3780490,SKU_0021,2,REF_SKU_0021,LOC_SKU_0021,10,2,"[50.0, 9.8]",A5010,50.0,9.8
5962,12/11/2018,3780494,SKU_0012,4,REF_SKU_0012,LOC_SKU_0012,9,7,"[45.0, 18.5]",A4518,45.0,18.5
5963,12/11/2018,3780314,SKU_0001,5,REF_SKU_0001,LOC_SKU_0001,7,20,"[35.0, 40.9]",A3541,35.0,40.9
5964,12/11/2018,3780606,SKU_0007,4,REF_SKU_0007,LOC_SKU_0007,6,1,"[30.0, 8.0]",A3008,30.0,8.0
5965,12/11/2018,3780375,SKU_0498,4,REF_SKU_0498,LOC_SKU_0498,8,3,"[40.0, 10.1]",A4010,40.0,10.1
5966,12/11/2018,3780639,SKU_0114,2,REF_SKU_0114,LOC_SKU_0114,6,17,"[30.0, 35.3]",A3035,30.0,35.3
5967,12/11/2018,3780937,SKU_0187,3,REF_SKU_0187,LOC_SKU_0187,5,3,"[25.0, 10.8]",A2511,25.0,10.8
5968,12/11/2018,3780025,SKU_0103,4,REF_SKU_0103,LOC_SKU_0103,10,6,"[50.0, 17.0]",A5017,50.0,17.0
5969,12/11/2018,3780334,SKU_0001,4,REF_SKU_0001,LOC_SKU_0001,7,20,"[35.0, 40.9]",A3541,35.0,40.9
5970,12/11/2018,3780355,SKU_0002,4,REF_SKU_0002,LOC_SKU_0002,8,15,"[40.0, 32.1]",A4032,40.0,32.1
5971,12/11/2018,3780116,SKU_0001,1,REF_SKU_0001,LOC_SKU_0001,7,20,"[35.0, 40.9]",A3541,35.0,40.9
5972,12/11/2018,3780048,SKU_0003,4,REF_SKU_0003,LOC_SKU_0003,7,11,"[35.0, 25.3]",A3525,35.0,25.3
5973,12/11/2018,3780738,SKU_0001,4,REF_SKU_0001,LOC_SKU_0001,7,20,"[35.0, 40.9]",A3541,35.0,40.9
5974,12/11/2018,3780778,SKU_0008,5,REF_SKU_0008,LOC_SKU_0008,8,21,"[40.0, 42.5]",A4042,40.0,42.5
5975,12/11/2018,3780099,SKU_0033,1,REF_SKU_0033,LOC_SKU_0033,9,24,"[45.0, 48.3]",A4548,45.0,48.3
5976,12/11/2018,3780459,SKU_0159,4,REF_SKU_0159,LOC_SKU_0159,3,12,"[15.0, 26.2]",A1526,15.0,26.2
5977,12/11/2018,3780523,SKU_0057,4,REF_SKU_0057,LOC_SKU_0057,7,12,"[35.0, 26.7]",A3527,35.0,26.7
5978,12/11/2018,3780597,SKU_0281,2,REF_SKU_0281,LOC_SKU_0281,5,24,"[25.0, 48.9]",A2549,25.0,48.9
5979,12/11/2018,3780405,SKU_0001,2,REF_SKU_0001,LOC_SKU_0001,7,20,"[35.0, 40.9]",A3541,35.0,40.9
5980,12/11/2018,3780214,SKU_0001,1,REF_SKU_0001,LOC_SKU_0001,7,20,"[35.0, 40.9]",A3541,35.0,40.9
5981,12/11/2018,3780685,SKU_0029,5,REF_SKU_0029,LOC_SKU_0029,2,19,"[10.0, 40.0]",A1040,10.0,40.0
5982,12/11/2018,3780903,SKU_0003,1,REF_SKU_0003,LOC_SKU_0003,7,11,"[35.0, 25.3]",A3525,35.0,25.3
5983,12/11/2018,3780503,SKU_0002,1,REF_SKU_0002,LOC_SKU_0002,8,15,"[40.0, 32.1]",A4032,40.0,32.1
5984,12/11/2018,3780721,SKU_0003,2,REF_SKU_0003,LOC_SKU_0003,7,11,"[35.0, 25.3]",A3525,35.0,25.3
5985,12/11/2018,3780448,SKU_0002,2,REF_SKU_0002,LOC_SKU_0002,8,15,"[40.0, 32.1]",A4032,40.0,32.1
5986,12/11/2018,3780894,SKU_0010,5,REF_SKU_0010,LOC_SKU_0010,5,15,"[25.0, 33.0]",A2533,25.0,33.0
5987,12/11/2018,3780576,SKU_0007,4,REF_SKU_0007,LOC_SKU_0007,6,1,"[30.0, 8.0]",A3008,30.0,8.0
5988,12/11/2018,3780258,SKU_0010,5,REF_SKU_0010,LOC_SKU_0010,5,15,"[25.0, 33.0]",A2533,25.0,33.0
5989,12/11/2018,3780844,SKU_0032,4,REF_SKU_0032,LOC_SKU_0032,8,14,"[40.0, 30.9]",A4031,40.0,30.9
5990,12/11/2018,3780121,SKU_0005,3,REF_SKU_0005,LOC_SKU_0005,8,8,"[40.0, 20.4]",A4020,40.0,20.4
5991,12/11/2018,3780810,SKU_0002,2,REF_SKU_0002,LOC_SKU_0002,8,15,"[40.0, 32.1]",A4032,40.0,32.1
5992,12/11/2018,3780978,SKU_0001,3,REF_SKU_0001,LOC_SKU_0001,7,20,"[35.0, 40.9]",A3541,35.0,40.9
5993,12/11/2018,3780054,SKU_0004,3,REF_SKU_0004,LOC_SKU_0004,7,1,"[35.0, 8.1]",A3508,35.0,8.1
5994,12/11/2018,3780331,SKU_0053,2,REF_SKU_0053,LOC_SKU_0053,10,6,"[50.0, 16.0]",A5016,50.0,16.0
5995,12/11/2018,3780784,SKU_0060,3,REF_SKU_0060,LOC_SKU_0060,4,24,"[20.0, 47.5]",A2048,20.0,47.5
5996,12/11/2018,3780241,SKU_0030,1,REF_SKU_0030,LOC_SKU_0030,2,10,"[10.0, 23.1]",A1023,10.0,23.1
5997,12/11/2018,3780755,SKU_0002,4,REF_SKU_0002,LOC_SKU_0002,8,15,"[40.0, 32.1]",A4032,40.0,32.1
5998,12/11/2018,3780530,SKU_0017,5,REF_SKU_0017,LOC_SKU_0017,7,4,"[35.0, 13.1]",A3513,35.0,13.1
5999,12/11/2018,3780483,SKU_0015,2,REF_SKU_0015,LOC_SKU_0015,4,15,"[20.0, 31.9]",A2032,20.0,31.9
